{
  "main": {
    "ar": {
      "identity": {
        "language": "ar"
      },
      "dates": {
        "timeZoneNames": {
          "hourFormat": "+HH:mm;-HH:mm",
          "gmtFormat": "غرينتش{0}",
          "gmtZeroFormat": "غرينتش",
          "gmtUnknownFormat": "غرينتش+?",
          "regionFormat": "توقيت {0}",
          "regionFormat-type-daylight": "توقيت {0} الصيفي",
          "regionFormat-type-standard": "توقيت {0} الرسمي",
          "fallbackFormat": "{1} ({0})",
          "zone": {
            "Pacific": {
              "Honolulu": {
                "_type": "zone",
                "exemplarCity": "هونولولو"
              },
              "Pago_Pago": {
                "_type": "zone",
                "exemplarCity": "باغو باغو"
              },
              "Rarotonga": {
                "_type": "zone",
                "exemplarCity": "راروتونغا"
              },
              "Easter": {
                "_type": "zone",
                "exemplarCity": "استر"
              },
              "Galapagos": {
                "_type": "zone",
                "exemplarCity": "جلاباجوس"
              },
              "Fiji": {
                "_type": "zone",
                "exemplarCity": "فيجي"
              },
              "Truk": {
                "_type": "zone",
                "exemplarCity": "ترك"
              },
              "Ponape": {
                "_type": "zone",
                "exemplarCity": "باناب"
              },
              "Kosrae": {
                "_type": "zone",
                "exemplarCity": "كوسرا"
              },
              "Guam": {
                "_type": "zone",
                "exemplarCity": "غوام"
              },
              "Enderbury": {
                "_type": "zone",
                "exemplarCity": "كانتون"
              },
              "Kiritimati": {
                "_type": "zone",
                "exemplarCity": "كيريتي ماتي"
              },
              "Tarawa": {
                "_type": "zone",
                "exemplarCity": "تاراوا"
              },
              "Kwajalein": {
                "_type": "zone",
                "exemplarCity": "كواجالين"
              },
              "Majuro": {
                "_type": "zone",
                "exemplarCity": "ماجورو"
              },
              "Saipan": {
                "_type": "zone",
                "exemplarCity": "سايبان"
              },
              "Noumea": {
                "_type": "zone",
                "exemplarCity": "نوميا"
              },
              "Norfolk": {
                "_type": "zone",
                "exemplarCity": "نورفولك"
              },
              "Nauru": {
                "_type": "zone",
                "exemplarCity": "ناورو"
              },
              "Niue": {
                "_type": "zone",
                "exemplarCity": "نيوي"
              },
              "Chatham": {
                "_type": "zone",
                "exemplarCity": "تشاثام"
              },
              "Auckland": {
                "_type": "zone",
                "exemplarCity": "أوكلاند"
              },
              "Tahiti": {
                "_type": "zone",
                "exemplarCity": "تاهيتي"
              },
              "Marquesas": {
                "_type": "zone",
                "exemplarCity": "ماركيساس"
              },
              "Gambier": {
                "_type": "zone",
                "exemplarCity": "جامبير"
              },
              "Port_Moresby": {
                "_type": "zone",
                "exemplarCity": "بور مورسبي"
              },
              "Bougainville": {
                "_type": "zone",
                "exemplarCity": "بوغانفيل"
              },
              "Pitcairn": {
                "_type": "zone",
                "exemplarCity": "بيتكيرن"
              },
              "Palau": {
                "_type": "zone",
                "exemplarCity": "بالاو"
              },
              "Guadalcanal": {
                "_type": "zone",
                "exemplarCity": "غوادالكانال"
              },
              "Fakaofo": {
                "_type": "zone",
                "exemplarCity": "فاكاوفو"
              },
              "Tongatapu": {
                "_type": "zone",
                "exemplarCity": "تونغاتابو"
              },
              "Funafuti": {
                "_type": "zone",
                "exemplarCity": "فونافوتي"
              },
              "Midway": {
                "_type": "zone",
                "exemplarCity": "ميدواي"
              },
              "Wake": {
                "_type": "zone",
                "exemplarCity": "واك"
              },
              "Efate": {
                "_type": "zone",
                "exemplarCity": "إيفات"
              },
              "Wallis": {
                "_type": "zone",
                "exemplarCity": "واليس"
              },
              "Apia": {
                "_type": "zone",
                "exemplarCity": "أبيا"
              }
            },
            "Etc": {
              "UTC": {
                "_type": "zone",
                "long": {
                  "standard": "التوقيت العالمي المنسق"
                },
                "short": {
                  "standard": "UTC"
                }
              },
              "Unknown": {
                "_type": "zone",
                "exemplarCity": "مدينة غير معروفة"
              }
            },
            "Europe": {
              "Andorra": {
                "_type": "zone",
                "exemplarCity": "أندورا"
              },
              "Tirane": {
                "_type": "zone",
                "exemplarCity": "تيرانا"
              },
              "Vienna": {
                "_type": "zone",
                "exemplarCity": "فيينا"
              },
              "Mariehamn": {
                "_type": "zone",
                "exemplarCity": "ماريهامن"
              },
              "Sarajevo": {
                "_type": "zone",
                "exemplarCity": "سراييفو"
              },
              "Brussels": {
                "_type": "zone",
                "exemplarCity": "بروكسل"
              },
              "Sofia": {
                "_type": "zone",
                "exemplarCity": "صوفيا"
              },
              "Minsk": {
                "_type": "zone",
                "exemplarCity": "مينسك"
              },
              "Zurich": {
                "_type": "zone",
                "exemplarCity": "زيورخ"
              },
              "Prague": {
                "_type": "zone",
                "exemplarCity": "براغ"
              },
              "Busingen": {
                "_type": "zone",
                "exemplarCity": "بوسنغن"
              },
              "Berlin": {
                "_type": "zone",
                "exemplarCity": "برلين"
              },
              "Copenhagen": {
                "_type": "zone",
                "exemplarCity": "كوبنهاغن"
              },
              "Tallinn": {
                "_type": "zone",
                "exemplarCity": "تالين"
              },
              "Madrid": {
                "_type": "zone",
                "exemplarCity": "مدريد"
              },
              "Helsinki": {
                "_type": "zone",
                "exemplarCity": "هلسنكي"
              },
              "Paris": {
                "_type": "zone",
                "exemplarCity": "باريس"
              },
              "London": {
                "_type": "zone",
                "long": {
                  "daylight": "توقيت بريطانيا الصيفي"
                },
                "exemplarCity": "لندن"
              },
              "Guernsey": {
                "_type": "zone",
                "exemplarCity": "غيرنزي"
              },
              "Gibraltar": {
                "_type": "zone",
                "exemplarCity": "جبل طارق"
              },
              "Athens": {
                "_type": "zone",
                "exemplarCity": "أثينا"
              },
              "Zagreb": {
                "_type": "zone",
                "exemplarCity": "زغرب"
              },
              "Budapest": {
                "_type": "zone",
                "exemplarCity": "بودابست"
              },
              "Dublin": {
                "_type": "zone",
                "long": {
                  "daylight": "توقيت أيرلندا الرسمي"
                },
                "exemplarCity": "دبلن"
              },
              "Isle_of_Man": {
                "_type": "zone",
                "exemplarCity": "جزيرة مان"
              },
              "Rome": {
                "_type": "zone",
                "exemplarCity": "روما"
              },
              "Jersey": {
                "_type": "zone",
                "exemplarCity": "جيرسي"
              },
              "Vaduz": {
                "_type": "zone",
                "exemplarCity": "فادوز"
              },
              "Vilnius": {
                "_type": "zone",
                "exemplarCity": "فيلنيوس"
              },
              "Luxembourg": {
                "_type": "zone",
                "exemplarCity": "لوكسمبورغ"
              },
              "Riga": {
                "_type": "zone",
                "exemplarCity": "ريغا"
              },
              "Monaco": {
                "_type": "zone",
                "exemplarCity": "موناكو"
              },
              "Chisinau": {
                "_type": "zone",
                "exemplarCity": "تشيسيناو"
              },
              "Podgorica": {
                "_type": "zone",
                "exemplarCity": "بودغوريكا"
              },
              "Skopje": {
                "_type": "zone",
                "exemplarCity": "سكوبي"
              },
              "Malta": {
                "_type": "zone",
                "exemplarCity": "مالطة"
              },
              "Amsterdam": {
                "_type": "zone",
                "exemplarCity": "أمستردام"
              },
              "Oslo": {
                "_type": "zone",
                "exemplarCity": "أوسلو"
              },
              "Warsaw": {
                "_type": "zone",
                "exemplarCity": "وارسو"
              },
              "Lisbon": {
                "_type": "zone",
                "exemplarCity": "لشبونة"
              },
              "Bucharest": {
                "_type": "zone",
                "exemplarCity": "بوخارست"
              },
              "Belgrade": {
                "_type": "zone",
                "exemplarCity": "بلغراد"
              },
              "Kaliningrad": {
                "_type": "zone",
                "exemplarCity": "كالينجراد"
              },
              "Moscow": {
                "_type": "zone",
                "exemplarCity": "موسكو"
              },
              "Volgograd": {
                "_type": "zone",
                "exemplarCity": "فولوجراد"
              },
              "Saratov": {
                "_type": "zone",
                "exemplarCity": "ساراتوف"
              },
              "Astrakhan": {
                "_type": "zone",
                "exemplarCity": "أستراخان"
              },
              "Ulyanovsk": {
                "_type": "zone",
                "exemplarCity": "أوليانوفسك"
              },
              "Kirov": {
                "_type": "zone",
                "exemplarCity": "كيروف"
              },
              "Samara": {
                "_type": "zone",
                "exemplarCity": "سمراء"
              },
              "Stockholm": {
                "_type": "zone",
                "exemplarCity": "ستوكهولم"
              },
              "Ljubljana": {
                "_type": "zone",
                "exemplarCity": "ليوبليانا"
              },
              "Bratislava": {
                "_type": "zone",
                "exemplarCity": "براتيسلافا"
              },
              "San_Marino": {
                "_type": "zone",
                "exemplarCity": "سان مارينو"
              },
              "Istanbul": {
                "_type": "zone",
                "exemplarCity": "إسطنبول"
              },
              "Kiev": {
                "_type": "zone",
                "exemplarCity": "كييف"
              },
              "Simferopol": {
                "_type": "zone",
                "exemplarCity": "سيمفروبول"
              },
              "Vatican": {
                "_type": "zone",
                "exemplarCity": "الفاتيكان"
              }
            },
            "Asia": {
              "Dubai": {
                "_type": "zone",
                "exemplarCity": "دبي"
              },
              "Kabul": {
                "_type": "zone",
                "exemplarCity": "كابول"
              },
              "Yerevan": {
                "_type": "zone",
                "exemplarCity": "يريفان"
              },
              "Baku": {
                "_type": "zone",
                "exemplarCity": "باكو"
              },
              "Dhaka": {
                "_type": "zone",
                "exemplarCity": "دكا"
              },
              "Bahrain": {
                "_type": "zone",
                "exemplarCity": "البحرين"
              },
              "Brunei": {
                "_type": "zone",
                "exemplarCity": "بروناي"
              },
              "Thimphu": {
                "_type": "zone",
                "exemplarCity": "تيمفو"
              },
              "Urumqi": {
                "_type": "zone",
                "exemplarCity": "أرومكي"
              },
              "Shanghai": {
                "_type": "zone",
                "exemplarCity": "شنغهاي"
              },
              "Nicosia": {
                "_type": "zone",
                "exemplarCity": "نيقوسيا"
              },
              "Famagusta": {
                "_type": "zone",
                "exemplarCity": "فاماغوستا"
              },
              "Tbilisi": {
                "_type": "zone",
                "exemplarCity": "تبليسي"
              },
              "Hong_Kong": {
                "_type": "zone",
                "exemplarCity": "هونغ كونغ"
              },
              "Jakarta": {
                "_type": "zone",
                "exemplarCity": "جاكرتا"
              },
              "Pontianak": {
                "_type": "zone",
                "exemplarCity": "بونتيانك"
              },
              "Makassar": {
                "_type": "zone",
                "exemplarCity": "ماكسار"
              },
              "Jayapura": {
                "_type": "zone",
                "exemplarCity": "جايابيورا"
              },
              "Jerusalem": {
                "_type": "zone",
                "exemplarCity": "القدس"
              },
              "Calcutta": {
                "_type": "zone",
                "exemplarCity": "كالكتا"
              },
              "Baghdad": {
                "_type": "zone",
                "exemplarCity": "بغداد"
              },
              "Tehran": {
                "_type": "zone",
                "exemplarCity": "طهران"
              },
              "Amman": {
                "_type": "zone",
                "exemplarCity": "عمّان"
              },
              "Tokyo": {
                "_type": "zone",
                "exemplarCity": "طوكيو"
              },
              "Bishkek": {
                "_type": "zone",
                "exemplarCity": "بشكيك"
              },
              "Phnom_Penh": {
                "_type": "zone",
                "exemplarCity": "بنوم بنه"
              },
              "Pyongyang": {
                "_type": "zone",
                "exemplarCity": "بيونغ يانغ"
              },
              "Seoul": {
                "_type": "zone",
                "exemplarCity": "سول"
              },
              "Kuwait": {
                "_type": "zone",
                "exemplarCity": "الكويت"
              },
              "Aqtau": {
                "_type": "zone",
                "exemplarCity": "أكتاو"
              },
              "Oral": {
                "_type": "zone",
                "exemplarCity": "أورال"
              },
              "Atyrau": {
                "_type": "zone",
                "exemplarCity": "أتيراو"
              },
              "Aqtobe": {
                "_type": "zone",
                "exemplarCity": "أكتوب"
              },
              "Qostanay": {
                "_type": "zone",
                "exemplarCity": "قوستاناي"
              },
              "Qyzylorda": {
                "_type": "zone",
                "exemplarCity": "كيزيلوردا"
              },
              "Almaty": {
                "_type": "zone",
                "exemplarCity": "ألماتي"
              },
              "Vientiane": {
                "_type": "zone",
                "exemplarCity": "فيانتيان"
              },
              "Beirut": {
                "_type": "zone",
                "exemplarCity": "بيروت"
              },
              "Colombo": {
                "_type": "zone",
                "exemplarCity": "كولومبو"
              },
              "Rangoon": {
                "_type": "zone",
                "exemplarCity": "رانغون"
              },
              "Hovd": {
                "_type": "zone",
                "exemplarCity": "هوفد"
              },
              "Ulaanbaatar": {
                "_type": "zone",
                "exemplarCity": "آلانباتار"
              },
              "Macau": {
                "_type": "zone",
                "exemplarCity": "ماكاو"
              },
              "Kuala_Lumpur": {
                "_type": "zone",
                "exemplarCity": "كوالا لامبور"
              },
              "Kuching": {
                "_type": "zone",
                "exemplarCity": "كيشينج"
              },
              "Katmandu": {
                "_type": "zone",
                "exemplarCity": "كاتماندو"
              },
              "Muscat": {
                "_type": "zone",
                "exemplarCity": "مسقط"
              },
              "Manila": {
                "_type": "zone",
                "exemplarCity": "مانيلا"
              },
              "Karachi": {
                "_type": "zone",
                "exemplarCity": "كراتشي"
              },
              "Gaza": {
                "_type": "zone",
                "exemplarCity": "غزة"
              },
              "Hebron": {
                "_type": "zone",
                "exemplarCity": "هيبرون (مدينة الخليل)"
              },
              "Qatar": {
                "_type": "zone",
                "exemplarCity": "قطر"
              },
              "Yekaterinburg": {
                "_type": "zone",
                "exemplarCity": "يكاترنبيرج"
              },
              "Omsk": {
                "_type": "zone",
                "exemplarCity": "أومسك"
              },
              "Novosibirsk": {
                "_type": "zone",
                "exemplarCity": "نوفوسبيرسك"
              },
              "Barnaul": {
                "_type": "zone",
                "exemplarCity": "بارناول"
              },
              "Tomsk": {
                "_type": "zone",
                "exemplarCity": "تومسك"
              },
              "Novokuznetsk": {
                "_type": "zone",
                "exemplarCity": "نوفوكوزنتسك"
              },
              "Krasnoyarsk": {
                "_type": "zone",
                "exemplarCity": "كراسنويارسك"
              },
              "Irkutsk": {
                "_type": "zone",
                "exemplarCity": "ايركيتسك"
              },
              "Chita": {
                "_type": "zone",
                "exemplarCity": "تشيتا"
              },
              "Yakutsk": {
                "_type": "zone",
                "exemplarCity": "ياكتسك"
              },
              "Vladivostok": {
                "_type": "zone",
                "exemplarCity": "فلاديفوستك"
              },
              "Khandyga": {
                "_type": "zone",
                "exemplarCity": "خانديجا"
              },
              "Sakhalin": {
                "_type": "zone",
                "exemplarCity": "سكالين"
              },
              "Ust-Nera": {
                "_type": "zone",
                "exemplarCity": "أوست نيرا"
              },
              "Magadan": {
                "_type": "zone",
                "exemplarCity": "مجادن"
              },
              "Srednekolymsk": {
                "_type": "zone",
                "exemplarCity": "سريدنكوليمسك"
              },
              "Kamchatka": {
                "_type": "zone",
                "exemplarCity": "كامتشاتكا"
              },
              "Anadyr": {
                "_type": "zone",
                "exemplarCity": "أندير"
              },
              "Riyadh": {
                "_type": "zone",
                "exemplarCity": "الرياض"
              },
              "Singapore": {
                "_type": "zone",
                "exemplarCity": "سنغافورة"
              },
              "Damascus": {
                "_type": "zone",
                "exemplarCity": "دمشق"
              },
              "Bangkok": {
                "_type": "zone",
                "exemplarCity": "بانكوك"
              },
              "Dushanbe": {
                "_type": "zone",
                "exemplarCity": "دوشانبي"
              },
              "Dili": {
                "_type": "zone",
                "exemplarCity": "ديلي"
              },
              "Ashgabat": {
                "_type": "zone",
                "exemplarCity": "عشق آباد"
              },
              "Taipei": {
                "_type": "zone",
                "exemplarCity": "تايبيه"
              },
              "Samarkand": {
                "_type": "zone",
                "exemplarCity": "سمرقند"
              },
              "Tashkent": {
                "_type": "zone",
                "exemplarCity": "طشقند"
              },
              "Saigon": {
                "_type": "zone",
                "exemplarCity": "مدينة هو تشي منة"
              },
              "Aden": {
                "_type": "zone",
                "exemplarCity": "عدن"
              }
            },
            "America": {
              "Antigua": {
                "_type": "zone",
                "exemplarCity": "أنتيغوا"
              },
              "Anguilla": {
                "_type": "zone",
                "exemplarCity": "أنغويلا"
              },
              "Argentina": {
                "Rio_Gallegos": {
                  "_type": "zone",
                  "exemplarCity": "ريو جالييوس"
                },
                "San_Juan": {
                  "_type": "zone",
                  "exemplarCity": "سان خوان"
                },
                "Ushuaia": {
                  "_type": "zone",
                  "exemplarCity": "أشوا"
                },
                "La_Rioja": {
                  "_type": "zone",
                  "exemplarCity": "لا ريوجا"
                },
                "San_Luis": {
                  "_type": "zone",
                  "exemplarCity": "سان لويس"
                },
                "Salta": {
                  "_type": "zone",
                  "exemplarCity": "سالطا"
                },
                "Tucuman": {
                  "_type": "zone",
                  "exemplarCity": "تاكمان"
                }
              },
              "Mendoza": {
                "_type": "zone",
                "exemplarCity": "ميندوزا"
              },
              "Catamarca": {
                "_type": "zone",
                "exemplarCity": "كاتاماركا"
              },
              "Jujuy": {
                "_type": "zone",
                "exemplarCity": "جوجو"
              },
              "Cordoba": {
                "_type": "zone",
                "exemplarCity": "كوردوبا"
              },
              "Buenos_Aires": {
                "_type": "zone",
                "exemplarCity": "بوينوس أيرس"
              },
              "Aruba": {
                "_type": "zone",
                "exemplarCity": "أروبا"
              },
              "Barbados": {
                "_type": "zone",
                "exemplarCity": "بربادوس"
              },
              "St_Barthelemy": {
                "_type": "zone",
                "exemplarCity": "سانت بارتيليمي"
              },
              "La_Paz": {
                "_type": "zone",
                "exemplarCity": "لا باز"
              },
              "Kralendijk": {
                "_type": "zone",
                "exemplarCity": "كرالنديك"
              },
              "Eirunepe": {
                "_type": "zone",
                "exemplarCity": "ايرونبي"
              },
              "Rio_Branco": {
                "_type": "zone",
                "exemplarCity": "ريوبرانكو"
              },
              "Porto_Velho": {
                "_type": "zone",
                "exemplarCity": "بورتو فيلو"
              },
              "Boa_Vista": {
                "_type": "zone",
                "exemplarCity": "باو فيستا"
              },
              "Manaus": {
                "_type": "zone",
                "exemplarCity": "ماناوس"
              },
              "Cuiaba": {
                "_type": "zone",
                "exemplarCity": "كيابا"
              },
              "Santarem": {
                "_type": "zone",
                "exemplarCity": "سانتاريم"
              },
              "Campo_Grande": {
                "_type": "zone",
                "exemplarCity": "كومبو جراند"
              },
              "Belem": {
                "_type": "zone",
                "exemplarCity": "بلم"
              },
              "Araguaina": {
                "_type": "zone",
                "exemplarCity": "أروجوانيا"
              },
              "Sao_Paulo": {
                "_type": "zone",
                "exemplarCity": "ساو باولو"
              },
              "Bahia": {
                "_type": "zone",
                "exemplarCity": "باهيا"
              },
              "Fortaleza": {
                "_type": "zone",
                "exemplarCity": "فورتاليزا"
              },
              "Maceio": {
                "_type": "zone",
                "exemplarCity": "ماشيو"
              },
              "Recife": {
                "_type": "zone",
                "exemplarCity": "ريسيف"
              },
              "Noronha": {
                "_type": "zone",
                "exemplarCity": "نوروناه"
              },
              "Nassau": {
                "_type": "zone",
                "exemplarCity": "ناسو"
              },
              "Belize": {
                "_type": "zone",
                "exemplarCity": "بليز"
              },
              "Dawson": {
                "_type": "zone",
                "exemplarCity": "داوسان"
              },
              "Whitehorse": {
                "_type": "zone",
                "exemplarCity": "وايت هورس"
              },
              "Inuvik": {
                "_type": "zone",
                "exemplarCity": "اينوفيك"
              },
              "Vancouver": {
                "_type": "zone",
                "exemplarCity": "فانكوفر"
              },
              "Fort_Nelson": {
                "_type": "zone",
                "exemplarCity": "فورت نيلسون"
              },
              "Dawson_Creek": {
                "_type": "zone",
                "exemplarCity": "داوسن كريك"
              },
              "Creston": {
                "_type": "zone",
                "exemplarCity": "كريستون"
              },
              "Edmonton": {
                "_type": "zone",
                "exemplarCity": "ايدمونتون"
              },
              "Swift_Current": {
                "_type": "zone",
                "exemplarCity": "سوفت كارنت"
              },
              "Cambridge_Bay": {
                "_type": "zone",
                "exemplarCity": "كامبرديج باي"
              },
              "Regina": {
                "_type": "zone",
                "exemplarCity": "ريجينا"
              },
              "Winnipeg": {
                "_type": "zone",
                "exemplarCity": "وينيبيج"
              },
              "Resolute": {
                "_type": "zone",
                "exemplarCity": "ريزولوت"
              },
              "Rankin_Inlet": {
                "_type": "zone",
                "exemplarCity": "رانكن انلت"
              },
              "Coral_Harbour": {
                "_type": "zone",
                "exemplarCity": "كورال هاربر"
              },
              "Toronto": {
                "_type": "zone",
                "exemplarCity": "تورونتو"
              },
              "Iqaluit": {
                "_type": "zone",
                "exemplarCity": "اكويلت"
              },
              "Moncton": {
                "_type": "zone",
                "exemplarCity": "وينكتون"
              },
              "Halifax": {
                "_type": "zone",
                "exemplarCity": "هاليفاكس"
              },
              "Goose_Bay": {
                "_type": "zone",
                "exemplarCity": "جوس باي"
              },
              "Glace_Bay": {
                "_type": "zone",
                "exemplarCity": "جلاس باي"
              },
              "Blanc-Sablon": {
                "_type": "zone",
                "exemplarCity": "بلانك-سابلون"
              },
              "St_Johns": {
                "_type": "zone",
                "exemplarCity": "سانت جونس"
              },
              "Coyhaique": {
                "_type": "zone",
                "exemplarCity": "كويهايكيو"
              },
              "Punta_Arenas": {
                "_type": "zone",
                "exemplarCity": "بونتا أريناز"
              },
              "Santiago": {
                "_type": "zone",
                "exemplarCity": "سانتياغو"
              },
              "Bogota": {
                "_type": "zone",
                "exemplarCity": "بوغوتا"
              },
              "Costa_Rica": {
                "_type": "zone",
                "exemplarCity": "كوستاريكا"
              },
              "Havana": {
                "_type": "zone",
                "exemplarCity": "هافانا"
              },
              "Curacao": {
                "_type": "zone",
                "exemplarCity": "كوراساو"
              },
              "Dominica": {
                "_type": "zone",
                "exemplarCity": "دومينيكا"
              },
              "Santo_Domingo": {
                "_type": "zone",
                "exemplarCity": "سانتو دومينغو"
              },
              "Guayaquil": {
                "_type": "zone",
                "exemplarCity": "غواياكويل"
              },
              "Grenada": {
                "_type": "zone",
                "exemplarCity": "غرينادا"
              },
              "Cayenne": {
                "_type": "zone",
                "exemplarCity": "كايين"
              },
              "Thule": {
                "_type": "zone",
                "exemplarCity": "ثيل"
              },
              "Godthab": {
                "_type": "zone",
                "exemplarCity": "غودثاب"
              },
              "Scoresbysund": {
                "_type": "zone",
                "exemplarCity": "سكورسبيسند"
              },
              "Danmarkshavn": {
                "_type": "zone",
                "exemplarCity": "دانمرك شافن"
              },
              "Guadeloupe": {
                "_type": "zone",
                "exemplarCity": "غوادلوب"
              },
              "Guatemala": {
                "_type": "zone",
                "exemplarCity": "غواتيمالا"
              },
              "Guyana": {
                "_type": "zone",
                "exemplarCity": "غيانا"
              },
              "Tegucigalpa": {
                "_type": "zone",
                "exemplarCity": "تيغوسيغالبا"
              },
              "Port-au-Prince": {
                "_type": "zone",
                "exemplarCity": "بورت أو برنس"
              },
              "Jamaica": {
                "_type": "zone",
                "exemplarCity": "جامايكا"
              },
              "St_Kitts": {
                "_type": "zone",
                "exemplarCity": "سانت كيتس"
              },
              "Cayman": {
                "_type": "zone",
                "exemplarCity": "كايمان"
              },
              "St_Lucia": {
                "_type": "zone",
                "exemplarCity": "سانت لوشيا"
              },
              "Marigot": {
                "_type": "zone",
                "exemplarCity": "ماريغوت"
              },
              "Martinique": {
                "_type": "zone",
                "exemplarCity": "المارتينيك"
              },
              "Montserrat": {
                "_type": "zone",
                "exemplarCity": "مونتسيرات"
              },
              "Tijuana": {
                "_type": "zone",
                "exemplarCity": "تيخوانا"
              },
              "Hermosillo": {
                "_type": "zone",
                "exemplarCity": "هيرموسيلو"
              },
              "Ciudad_Juarez": {
                "_type": "zone",
                "exemplarCity": "سيوداد خواريز"
              },
              "Mazatlan": {
                "_type": "zone",
                "exemplarCity": "مازاتلان"
              },
              "Chihuahua": {
                "_type": "zone",
                "exemplarCity": "تشيواوا"
              },
              "Bahia_Banderas": {
                "_type": "zone",
                "exemplarCity": "باهيا بانديراس"
              },
              "Ojinaga": {
                "_type": "zone",
                "exemplarCity": "أوجيناجا"
              },
              "Monterrey": {
                "_type": "zone",
                "exemplarCity": "مونتيري"
              },
              "Mexico_City": {
                "_type": "zone",
                "exemplarCity": "مكسيكو سيتي"
              },
              "Matamoros": {
                "_type": "zone",
                "exemplarCity": "ماتاموروس"
              },
              "Merida": {
                "_type": "zone",
                "exemplarCity": "ميريدا"
              },
              "Cancun": {
                "_type": "zone",
                "exemplarCity": "كانكون"
              },
              "Managua": {
                "_type": "zone",
                "exemplarCity": "ماناغوا"
              },
              "Panama": {
                "_type": "zone",
                "exemplarCity": "بنما"
              },
              "Lima": {
                "_type": "zone",
                "exemplarCity": "ليما"
              },
              "Miquelon": {
                "_type": "zone",
                "exemplarCity": "مكويلون"
              },
              "Puerto_Rico": {
                "_type": "zone",
                "exemplarCity": "بورتوريكو"
              },
              "Asuncion": {
                "_type": "zone",
                "exemplarCity": "أسونسيون"
              },
              "Paramaribo": {
                "_type": "zone",
                "exemplarCity": "باراماريبو"
              },
              "El_Salvador": {
                "_type": "zone",
                "exemplarCity": "السلفادور"
              },
              "Lower_Princes": {
                "_type": "zone",
                "exemplarCity": "حي الأمير السفلي"
              },
              "Grand_Turk": {
                "_type": "zone",
                "exemplarCity": "غراند ترك"
              },
              "Port_of_Spain": {
                "_type": "zone",
                "exemplarCity": "بورت أوف سبين"
              },
              "Adak": {
                "_type": "zone",
                "exemplarCity": "أداك"
              },
              "Nome": {
                "_type": "zone",
                "exemplarCity": "نوم"
              },
              "Anchorage": {
                "_type": "zone",
                "exemplarCity": "أنشوراج"
              },
              "Yakutat": {
                "_type": "zone",
                "exemplarCity": "ياكوتات"
              },
              "Sitka": {
                "_type": "zone",
                "exemplarCity": "سيتكا"
              },
              "Juneau": {
                "_type": "zone",
                "exemplarCity": "جوني"
              },
              "Metlakatla": {
                "_type": "zone",
                "exemplarCity": "ميتلاكاتلا"
              },
              "Los_Angeles": {
                "_type": "zone",
                "exemplarCity": "لوس انجلوس"
              },
              "Boise": {
                "_type": "zone",
                "exemplarCity": "بويس"
              },
              "Phoenix": {
                "_type": "zone",
                "exemplarCity": "فينكس"
              },
              "Denver": {
                "_type": "zone",
                "exemplarCity": "دنفر"
              },
              "North_Dakota": {
                "Beulah": {
                  "_type": "zone",
                  "exemplarCity": "بيولا، داكوتا الشمالية"
                },
                "New_Salem": {
                  "_type": "zone",
                  "exemplarCity": "نيو ساليم"
                },
                "Center": {
                  "_type": "zone",
                  "exemplarCity": "سنتر"
                }
              },
              "Chicago": {
                "_type": "zone",
                "exemplarCity": "شيكاغو"
              },
              "Menominee": {
                "_type": "zone",
                "exemplarCity": "مينوميني"
              },
              "Indiana": {
                "Vincennes": {
                  "_type": "zone",
                  "exemplarCity": "فينسينس"
                },
                "Petersburg": {
                  "_type": "zone",
                  "exemplarCity": "بيترسبرغ"
                },
                "Tell_City": {
                  "_type": "zone",
                  "exemplarCity": "مدينة تل، إنديانا"
                },
                "Knox": {
                  "_type": "zone",
                  "exemplarCity": "كونكس"
                },
                "Winamac": {
                  "_type": "zone",
                  "exemplarCity": "ويناماك"
                },
                "Marengo": {
                  "_type": "zone",
                  "exemplarCity": "مارنجو"
                },
                "Vevay": {
                  "_type": "zone",
                  "exemplarCity": "فيفاي"
                }
              },
              "Indianapolis": {
                "_type": "zone",
                "exemplarCity": "إنديانابوليس"
              },
              "Louisville": {
                "_type": "zone",
                "exemplarCity": "لويس فيل"
              },
              "Kentucky": {
                "Monticello": {
                  "_type": "zone",
                  "exemplarCity": "مونتيسيلو"
                }
              },
              "Detroit": {
                "_type": "zone",
                "exemplarCity": "ديترويت"
              },
              "New_York": {
                "_type": "zone",
                "exemplarCity": "نيويورك"
              },
              "Montevideo": {
                "_type": "zone",
                "exemplarCity": "مونتفيديو"
              },
              "St_Vincent": {
                "_type": "zone",
                "exemplarCity": "سانت فنسنت"
              },
              "Caracas": {
                "_type": "zone",
                "exemplarCity": "كاراكاس"
              },
              "Tortola": {
                "_type": "zone",
                "exemplarCity": "تورتولا"
              },
              "St_Thomas": {
                "_type": "zone",
                "exemplarCity": "سانت توماس"
              }
            },
            "Africa": {
              "Luanda": {
                "_type": "zone",
                "exemplarCity": "لواندا"
              },
              "Ouagadougou": {
                "_type": "zone",
                "exemplarCity": "واغادوغو"
              },
              "Bujumbura": {
                "_type": "zone",
                "exemplarCity": "بوجومبورا"
              },
              "Porto-Novo": {
                "_type": "zone",
                "exemplarCity": "بورتو نوفو"
              },
              "Gaborone": {
                "_type": "zone",
                "exemplarCity": "غابورون"
              },
              "Kinshasa": {
                "_type": "zone",
                "exemplarCity": "كينشاسا"
              },
              "Lubumbashi": {
                "_type": "zone",
                "exemplarCity": "لومبباشا"
              },
              "Bangui": {
                "_type": "zone",
                "exemplarCity": "بانغوي"
              },
              "Brazzaville": {
                "_type": "zone",
                "exemplarCity": "برازافيل"
              },
              "Abidjan": {
                "_type": "zone",
                "exemplarCity": "أبيدجان"
              },
              "Douala": {
                "_type": "zone",
                "exemplarCity": "دوالا"
              },
              "Djibouti": {
                "_type": "zone",
                "exemplarCity": "جيبوتي"
              },
              "Algiers": {
                "_type": "zone",
                "exemplarCity": "الجزائر"
              },
              "Cairo": {
                "_type": "zone",
                "exemplarCity": "القاهرة"
              },
              "El_Aaiun": {
                "_type": "zone",
                "exemplarCity": "العيون"
              },
              "Asmera": {
                "_type": "zone",
                "exemplarCity": "أسمرة"
              },
              "Ceuta": {
                "_type": "zone",
                "exemplarCity": "سيتا"
              },
              "Addis_Ababa": {
                "_type": "zone",
                "exemplarCity": "أديس أبابا"
              },
              "Libreville": {
                "_type": "zone",
                "exemplarCity": "ليبرفيل"
              },
              "Accra": {
                "_type": "zone",
                "exemplarCity": "أكرا"
              },
              "Banjul": {
                "_type": "zone",
                "exemplarCity": "بانجول"
              },
              "Conakry": {
                "_type": "zone",
                "exemplarCity": "كوناكري"
              },
              "Malabo": {
                "_type": "zone",
                "exemplarCity": "مالابو"
              },
              "Bissau": {
                "_type": "zone",
                "exemplarCity": "بيساو"
              },
              "Nairobi": {
                "_type": "zone",
                "exemplarCity": "نيروبي"
              },
              "Monrovia": {
                "_type": "zone",
                "exemplarCity": "مونروفيا"
              },
              "Maseru": {
                "_type": "zone",
                "exemplarCity": "ماسيرو"
              },
              "Tripoli": {
                "_type": "zone",
                "exemplarCity": "طرابلس"
              },
              "Casablanca": {
                "_type": "zone",
                "exemplarCity": "الدار البيضاء"
              },
              "Bamako": {
                "_type": "zone",
                "exemplarCity": "باماكو"
              },
              "Nouakchott": {
                "_type": "zone",
                "exemplarCity": "نواكشوط"
              },
              "Blantyre": {
                "_type": "zone",
                "exemplarCity": "بلانتاير"
              },
              "Maputo": {
                "_type": "zone",
                "exemplarCity": "مابوتو"
              },
              "Windhoek": {
                "_type": "zone",
                "exemplarCity": "ويندهوك"
              },
              "Niamey": {
                "_type": "zone",
                "exemplarCity": "نيامي"
              },
              "Lagos": {
                "_type": "zone",
                "exemplarCity": "لاغوس"
              },
              "Kigali": {
                "_type": "zone",
                "exemplarCity": "كيغالي"
              },
              "Khartoum": {
                "_type": "zone",
                "exemplarCity": "الخرطوم"
              },
              "Freetown": {
                "_type": "zone",
                "exemplarCity": "فري تاون"
              },
              "Dakar": {
                "_type": "zone",
                "exemplarCity": "داكار"
              },
              "Mogadishu": {
                "_type": "zone",
                "exemplarCity": "مقديشيو"
              },
              "Juba": {
                "_type": "zone",
                "exemplarCity": "جوبا"
              },
              "Sao_Tome": {
                "_type": "zone",
                "exemplarCity": "ساو تومي"
              },
              "Mbabane": {
                "_type": "zone",
                "exemplarCity": "مباباني"
              },
              "Ndjamena": {
                "_type": "zone",
                "exemplarCity": "نجامينا"
              },
              "Lome": {
                "_type": "zone",
                "exemplarCity": "لومي"
              },
              "Tunis": {
                "_type": "zone",
                "exemplarCity": "تونس"
              },
              "Dar_es_Salaam": {
                "_type": "zone",
                "exemplarCity": "دار السلام"
              },
              "Kampala": {
                "_type": "zone",
                "exemplarCity": "كامبالا"
              },
              "Johannesburg": {
                "_type": "zone",
                "exemplarCity": "جوهانسبرغ"
              },
              "Lusaka": {
                "_type": "zone",
                "exemplarCity": "لوساكا"
              },
              "Harare": {
                "_type": "zone",
                "exemplarCity": "هراري"
              }
            },
            "Antarctica": {
              "Rothera": {
                "_type": "zone",
                "exemplarCity": "روثيرا"
              },
              "Palmer": {
                "_type": "zone",
                "exemplarCity": "بالمير"
              },
              "Troll": {
                "_type": "zone",
                "exemplarCity": "ترول"
              },
              "Syowa": {
                "_type": "zone",
                "exemplarCity": "سايووا"
              },
              "Mawson": {
                "_type": "zone",
                "exemplarCity": "ماوسون"
              },
              "Davis": {
                "_type": "zone",
                "exemplarCity": "دافيز"
              },
              "Vostok": {
                "_type": "zone",
                "exemplarCity": "فوستوك"
              },
              "Casey": {
                "_type": "zone",
                "exemplarCity": "كاساي"
              },
              "DumontDUrville": {
                "_type": "zone",
                "exemplarCity": "دي مونت دو روفيل"
              },
              "McMurdo": {
                "_type": "zone",
                "exemplarCity": "ماك موردو"
              },
              "Macquarie": {
                "_type": "zone",
                "exemplarCity": "ماكواري"
              }
            },
            "Australia": {
              "Perth": {
                "_type": "zone",
                "exemplarCity": "برثا"
              },
              "Eucla": {
                "_type": "zone",
                "exemplarCity": "أوكلا"
              },
              "Darwin": {
                "_type": "zone",
                "exemplarCity": "دارون"
              },
              "Adelaide": {
                "_type": "zone",
                "exemplarCity": "أديليد"
              },
              "Broken_Hill": {
                "_type": "zone",
                "exemplarCity": "بروكن هيل"
              },
              "Melbourne": {
                "_type": "zone",
                "exemplarCity": "ميلبورن"
              },
              "Hobart": {
                "_type": "zone",
                "exemplarCity": "هوبارت"
              },
              "Lindeman": {
                "_type": "zone",
                "exemplarCity": "ليندمان"
              },
              "Sydney": {
                "_type": "zone",
                "exemplarCity": "سيدني"
              },
              "Brisbane": {
                "_type": "zone",
                "exemplarCity": "برسيبان"
              },
              "Lord_Howe": {
                "_type": "zone",
                "exemplarCity": "لورد هاو"
              }
            },
            "Atlantic": {
              "Bermuda": {
                "_type": "zone",
                "exemplarCity": "برمودا"
              },
              "Cape_Verde": {
                "_type": "zone",
                "exemplarCity": "الرأس الأخضر"
              },
              "Canary": {
                "_type": "zone",
                "exemplarCity": "كناري"
              },
              "Stanley": {
                "_type": "zone",
                "exemplarCity": "استانلي"
              },
              "Faeroe": {
                "_type": "zone",
                "exemplarCity": "فارو"
              },
              "South_Georgia": {
                "_type": "zone",
                "exemplarCity": "جورجيا الجنوبية"
              },
              "Reykjavik": {
                "_type": "zone",
                "exemplarCity": "ريكيافيك"
              },
              "Azores": {
                "_type": "zone",
                "exemplarCity": "أزورس"
              },
              "Madeira": {
                "_type": "zone",
                "exemplarCity": "ماديرا"
              },
              "St_Helena": {
                "_type": "zone",
                "exemplarCity": "سانت هيلينا"
              }
            },
            "Indian": {
              "Cocos": {
                "_type": "zone",
                "exemplarCity": "كوكوس"
              },
              "Christmas": {
                "_type": "zone",
                "exemplarCity": "كريسماس"
              },
              "Chagos": {
                "_type": "zone",
                "exemplarCity": "تشاغوس"
              },
              "Comoro": {
                "_type": "zone",
                "exemplarCity": "جزر القمر"
              },
              "Antananarivo": {
                "_type": "zone",
                "exemplarCity": "أنتاناناريفو"
              },
              "Mauritius": {
                "_type": "zone",
                "exemplarCity": "موريشيوس"
              },
              "Maldives": {
                "_type": "zone",
                "exemplarCity": "المالديف"
              },
              "Reunion": {
                "_type": "zone",
                "exemplarCity": "ريونيون"
              },
              "Mahe": {
                "_type": "zone",
                "exemplarCity": "ماهي"
              },
              "Kerguelen": {
                "_type": "zone",
                "exemplarCity": "كيرغويلين"
              },
              "Mayotte": {
                "_type": "zone",
                "exemplarCity": "مايوت"
              }
            },
            "Arctic": {
              "Longyearbyen": {
                "_type": "zone",
                "exemplarCity": "لونجيربين"
              }
            }
          },
          "metazone": {
            "Afghanistan": {
              "long": {
                "standard": "توقيت أفغانستان"
              }
            },
            "Africa_Central": {
              "long": {
                "standard": "توقيت وسط أفريقيا"
              }
            },
            "Africa_Eastern": {
              "long": {
                "standard": "توقيت شرق أفريقيا"
              }
            },
            "Africa_Southern": {
              "long": {
                "standard": "توقيت جنوب أفريقيا"
              }
            },
            "Africa_Western": {
              "long": {
                "standard": "توقيت غرب أفريقيا"
              }
            },
            "Alaska": {
              "long": {
                "generic": "توقيت ألاسكا",
                "standard": "التوقيت الرسمي لألاسكا",
                "daylight": "توقيت ألاسكا الصيفي"
              }
            },
            "Amazon": {
              "long": {
                "generic": "توقيت الأمازون",
                "standard": "توقيت الأمازون الرسمي",
                "daylight": "توقيت الأمازون الصيفي"
              }
            },
            "America_Central": {
              "long": {
                "generic": "التوقيت المركزي لأمريكا الشمالية",
                "standard": "التوقيت الرسمي المركزي لأمريكا الشمالية",
                "daylight": "التوقيت الصيفي المركزي لأمريكا الشمالية"
              }
            },
            "America_Eastern": {
              "long": {
                "generic": "التوقيت الشرقي لأمريكا الشمالية",
                "standard": "التوقيت الرسمي الشرقي لأمريكا الشمالية",
                "daylight": "التوقيت الصيفي الشرقي لأمريكا الشمالية"
              }
            },
            "America_Mountain": {
              "long": {
                "generic": "التوقيت الجبلي لأمريكا الشمالية",
                "standard": "التوقيت الجبلي الرسمي لأمريكا الشمالية",
                "daylight": "التوقيت الجبلي الصيفي لأمريكا الشمالية"
              }
            },
            "America_Pacific": {
              "long": {
                "generic": "توقيت المحيط الهادي",
                "standard": "توقيت المحيط الهادي الرسمي",
                "daylight": "توقيت المحيط الهادي الصيفي"
              }
            },
            "Anadyr": {
              "long": {
                "generic": "توقيت أنادير",
                "standard": "توقيت أنادير الرسمي",
                "daylight": "التوقيت الصيفي لأنادير"
              }
            },
            "Apia": {
              "long": {
                "generic": "توقيت آبيا",
                "standard": "التوقيت الرسمي لآبيا",
                "daylight": "التوقيت الصيفي لأبيا"
              }
            },
            "Arabian": {
              "long": {
                "generic": "التوقيت العربي",
                "standard": "التوقيت العربي الرسمي",
                "daylight": "التوقيت العربي الصيفي"
              }
            },
            "Argentina": {
              "long": {
                "generic": "توقيت الأرجنتين",
                "standard": "توقيت الأرجنتين الرسمي",
                "daylight": "توقيت الأرجنتين الصيفي"
              }
            },
            "Argentina_Western": {
              "long": {
                "generic": "توقيت غرب الأرجنتين",
                "standard": "توقيت غرب الأرجنتين الرسمي",
                "daylight": "توقيت غرب الأرجنتين الصيفي"
              }
            },
            "Armenia": {
              "long": {
                "generic": "توقيت أرمينيا",
                "standard": "توقيت أرمينيا الرسمي",
                "daylight": "توقيت أرمينيا الصيفي"
              }
            },
            "Atlantic": {
              "long": {
                "generic": "توقيت الأطلسي",
                "standard": "التوقيت الرسمي الأطلسي",
                "daylight": "التوقيت الصيفي الأطلسي"
              }
            },
            "Australia_Central": {
              "long": {
                "generic": "توقيت وسط أستراليا",
                "standard": "توقيت وسط أستراليا الرسمي",
                "daylight": "توقيت وسط أستراليا الصيفي"
              }
            },
            "Australia_CentralWestern": {
              "long": {
                "generic": "توقيت غرب وسط أستراليا",
                "standard": "توقيت غرب وسط أستراليا الرسمي",
                "daylight": "توقيت غرب وسط أستراليا الصيفي"
              }
            },
            "Australia_Eastern": {
              "long": {
                "generic": "توقيت شرق أستراليا",
                "standard": "توقيت شرق أستراليا الرسمي",
                "daylight": "توقيت شرق أستراليا الصيفي"
              }
            },
            "Australia_Western": {
              "long": {
                "generic": "توقيت غرب أستراليا",
                "standard": "توقيت غرب أستراليا الرسمي",
                "daylight": "توقيت غرب أستراليا الصيفي"
              }
            },
            "Azerbaijan": {
              "long": {
                "generic": "توقيت أذربيجان",
                "standard": "توقيت أذربيجان الرسمي",
                "daylight": "توقيت أذربيجان الصيفي"
              }
            },
            "Azores": {
              "long": {
                "generic": "توقيت أزورس",
                "standard": "توقيت أزورس الرسمي",
                "daylight": "توقيت أزورس الصيفي"
              }
            },
            "Bangladesh": {
              "long": {
                "generic": "توقيت بنغلاديش",
                "standard": "توقيت بنغلاديش الرسمي",
                "daylight": "توقيت بنغلاديش الصيفي"
              }
            },
            "Bhutan": {
              "long": {
                "standard": "توقيت بوتان"
              }
            },
            "Bolivia": {
              "long": {
                "standard": "توقيت بوليفيا"
              }
            },
            "Brasilia": {
              "long": {
                "generic": "توقيت برازيليا",
                "standard": "توقيت برازيليا الرسمي",
                "daylight": "توقيت برازيليا الصيفي"
              }
            },
            "Brunei": {
              "long": {
                "standard": "توقيت بروناي"
              }
            },
            "Cape_Verde": {
              "long": {
                "generic": "توقيت الرأس الأخضر",
                "standard": "توقيت الرأس الأخضر الرسمي",
                "daylight": "توقيت الرأس الأخضر الصيفي"
              }
            },
            "Chamorro": {
              "long": {
                "standard": "توقيت تشامورو"
              }
            },
            "Chatham": {
              "long": {
                "generic": "توقيت تشاتام",
                "standard": "توقيت تشاتام الرسمي",
                "daylight": "توقيت تشاتام الصيفي"
              }
            },
            "Chile": {
              "long": {
                "generic": "توقيت تشيلي",
                "standard": "توقيت تشيلي الرسمي",
                "daylight": "توقيت تشيلي الصيفي"
              }
            },
            "China": {
              "long": {
                "generic": "توقيت الصين",
                "standard": "توقيت الصين الرسمي",
                "daylight": "توقيت الصين الصيفي"
              }
            },
            "Christmas": {
              "long": {
                "standard": "توقيت جزر الكريسماس"
              }
            },
            "Cocos": {
              "long": {
                "standard": "توقيت جزر كوكوس"
              }
            },
            "Colombia": {
              "long": {
                "generic": "توقيت كولومبيا",
                "standard": "توقيت كولومبيا الرسمي",
                "daylight": "توقيت كولومبيا الصيفي"
              }
            },
            "Cook": {
              "long": {
                "generic": "توقيت جزر كووك",
                "standard": "توقيت جزر كوك الرسمي",
                "daylight": "توقيت جزر كوك الصيفي"
              }
            },
            "Cuba": {
              "long": {
                "generic": "توقيت كوبا",
                "standard": "توقيت كوبا الرسمي",
                "daylight": "توقيت كوبا الصيفي"
              }
            },
            "Davis": {
              "long": {
                "standard": "توقيت دافيز"
              }
            },
            "DumontDUrville": {
              "long": {
                "standard": "توقيت دي مونت دو روفيل"
              }
            },
            "East_Timor": {
              "long": {
                "standard": "توقيت تيمور الشرقية"
              }
            },
            "Easter": {
              "long": {
                "generic": "توقيت جزيرة استر",
                "standard": "توقيت جزيرة استر الرسمي",
                "daylight": "توقيت جزيرة استر الصيفي"
              }
            },
            "Ecuador": {
              "long": {
                "standard": "توقيت الإكوادور"
              }
            },
            "Europe_Central": {
              "long": {
                "generic": "توقيت وسط أوروبا",
                "standard": "توقيت وسط أوروبا الرسمي",
                "daylight": "توقيت وسط أوروبا الصيفي"
              }
            },
            "Europe_Eastern": {
              "long": {
                "generic": "توقيت شرق أوروبا",
                "standard": "توقيت شرق أوروبا الرسمي",
                "daylight": "توقيت شرق أوروبا الصيفي"
              }
            },
            "Europe_Further_Eastern": {
              "long": {
                "standard": "التوقيت الأوروبي (أكثر شرقًا)"
              }
            },
            "Europe_Western": {
              "long": {
                "generic": "توقيت غرب أوروبا",
                "standard": "توقيت غرب أوروبا الرسمي",
                "daylight": "توقيت غرب أوروبا الصيفي"
              }
            },
            "Falkland": {
              "long": {
                "generic": "توقيت جزر فوكلاند",
                "standard": "توقيت جزر فوكلاند الرسمي",
                "daylight": "توقيت جزر فوكلاند الصيفي"
              }
            },
            "Fiji": {
              "long": {
                "generic": "توقيت فيجي",
                "standard": "توقيت فيجي الرسمي",
                "daylight": "توقيت فيجي الصيفي"
              }
            },
            "French_Guiana": {
              "long": {
                "standard": "توقيت غويانا الفرنسية"
              }
            },
            "French_Southern": {
              "long": {
                "standard": "توقيت المقاطعات الفرنسية الجنوبية والأنتارتيكية"
              }
            },
            "Galapagos": {
              "long": {
                "standard": "توقيت غلاباغوس"
              }
            },
            "Gambier": {
              "long": {
                "standard": "توقيت جامبير"
              }
            },
            "Georgia": {
              "long": {
                "generic": "توقيت جورجيا",
                "standard": "توقيت جورجيا الرسمي",
                "daylight": "توقيت جورجيا الصيفي"
              }
            },
            "Gilbert_Islands": {
              "long": {
                "standard": "توقيت جزر جيلبرت"
              }
            },
            "GMT": {
              "long": {
                "standard": "توقيت غرينتش"
              }
            },
            "Greenland_Eastern": {
              "long": {
                "generic": "توقيت شرق غرينلاند",
                "standard": "توقيت شرق غرينلاند الرسمي",
                "daylight": "توقيت شرق غرينلاند الصيفي"
              }
            },
            "Greenland_Western": {
              "long": {
                "generic": "توقيت غرب غرينلاند",
                "standard": "توقيت غرب غرينلاند الرسمي",
                "daylight": "توقيت غرب غرينلاند الصيفي"
              }
            },
            "Guam": {
              "long": {
                "standard": "توقيت غوام"
              }
            },
            "Gulf": {
              "long": {
                "standard": "توقيت الخليج"
              }
            },
            "Guyana": {
              "long": {
                "standard": "توقيت غيانا"
              }
            },
            "Hawaii": {
              "long": {
                "standard": "توقيت هاواي ألوتيان الرسمي"
              }
            },
            "Hawaii_Aleutian": {
              "long": {
                "generic": "توقيت هاواي ألوتيان",
                "standard": "توقيت هاواي ألوتيان الرسمي",
                "daylight": "توقيت هاواي ألوتيان الصيفي"
              }
            },
            "Hong_Kong": {
              "long": {
                "generic": "توقيت هونغ كونغ",
                "standard": "توقيت هونغ كونغ الرسمي",
                "daylight": "توقيت هونغ كونغ الصيفي"
              }
            },
            "Hovd": {
              "long": {
                "generic": "توقيت هوفد",
                "standard": "توقيت هوفد الرسمي",
                "daylight": "توقيت هوفد الصيفي"
              }
            },
            "India": {
              "long": {
                "standard": "توقيت الهند"
              }
            },
            "Indian_Ocean": {
              "long": {
                "standard": "توقيت المحيط الهندي"
              }
            },
            "Indochina": {
              "long": {
                "standard": "توقيت الهند الصينية"
              }
            },
            "Indonesia_Central": {
              "long": {
                "standard": "توقيت وسط إندونيسيا"
              }
            },
            "Indonesia_Eastern": {
              "long": {
                "standard": "توقيت شرق إندونيسيا"
              }
            },
            "Indonesia_Western": {
              "long": {
                "standard": "توقيت غرب إندونيسيا"
              }
            },
            "Iran": {
              "long": {
                "generic": "توقيت إيران",
                "standard": "توقيت إيران الرسمي",
                "daylight": "توقيت إيران الصيفي"
              }
            },
            "Irkutsk": {
              "long": {
                "generic": "توقيت إركوتسك",
                "standard": "توقيت إركوتسك الرسمي",
                "daylight": "توقيت إركوتسك الصيفي"
              }
            },
            "Israel": {
              "long": {
                "generic": "توقيت إسرائيل",
                "standard": "توقيت إسرائيل الرسمي",
                "daylight": "توقيت إسرائيل الصيفي"
              }
            },
            "Japan": {
              "long": {
                "generic": "توقيت اليابان",
                "standard": "توقيت اليابان الرسمي",
                "daylight": "توقيت اليابان الصيفي"
              }
            },
            "Kamchatka": {
              "long": {
                "generic": "توقيت كامشاتكا",
                "standard": "توقيت بيتروبافلوفسك-كامتشاتسكي",
                "daylight": "توقيت بيتروبافلوفسك-كامتشاتسكي الصيفي"
              }
            },
            "Kazakhstan": {
              "long": {
                "standard": "توقيت كازاخستان"
              }
            },
            "Kazakhstan_Eastern": {
              "long": {
                "standard": "توقيت شرق كازاخستان"
              }
            },
            "Kazakhstan_Western": {
              "long": {
                "standard": "توقيت غرب كازاخستان"
              }
            },
            "Korea": {
              "long": {
                "generic": "توقيت كوريا",
                "standard": "توقيت كوريا الرسمي",
                "daylight": "توقيت كوريا الصيفي"
              }
            },
            "Kosrae": {
              "long": {
                "standard": "توقيت كوسرا"
              }
            },
            "Krasnoyarsk": {
              "long": {
                "generic": "توقيت كراسنويارسك",
                "standard": "توقيت كراسنويارسك الرسمي",
                "daylight": "التوقيت الصيفي لكراسنويارسك"
              }
            },
            "Kyrgystan": {
              "long": {
                "standard": "توقيت قيرغيزستان"
              }
            },
            "Line_Islands": {
              "long": {
                "standard": "توقيت جزر لاين"
              }
            },
            "Lord_Howe": {
              "long": {
                "generic": "توقيت لورد هاو",
                "standard": "توقيت لورد هاو الرسمي",
                "daylight": "التوقيت الصيفي للورد هاو"
              }
            },
            "Magadan": {
              "long": {
                "generic": "توقيت ماغادان",
                "standard": "توقيت ماغادان الرسمي",
                "daylight": "توقيت ماغادان الصيفي"
              }
            },
            "Malaysia": {
              "long": {
                "standard": "توقيت ماليزيا"
              }
            },
            "Maldives": {
              "long": {
                "standard": "توقيت جزر المالديف"
              }
            },
            "Marquesas": {
              "long": {
                "standard": "توقيت ماركيساس"
              }
            },
            "Marshall_Islands": {
              "long": {
                "standard": "توقيت جزر مارشال"
              }
            },
            "Mauritius": {
              "long": {
                "generic": "توقيت موريشيوس",
                "standard": "توقيت موريشيوس الرسمي",
                "daylight": "توقيت موريشيوس الصيفي"
              }
            },
            "Mawson": {
              "long": {
                "standard": "توقيت ماوسون"
              }
            },
            "Mexico_Pacific": {
              "long": {
                "generic": "توقيت المحيط الهادي للمكسيك",
                "standard": "توقيت المحيط الهادي الرسمي للمكسيك",
                "daylight": "توقيت المحيط الهادي الصيفي للمكسيك"
              }
            },
            "Mongolia": {
              "long": {
                "generic": "توقيت أولان باتور",
                "standard": "توقيت أولان باتور الرسمي",
                "daylight": "توقيت أولان باتور الصيفي"
              }
            },
            "Moscow": {
              "long": {
                "generic": "توقيت موسكو",
                "standard": "توقيت موسكو الرسمي",
                "daylight": "توقيت موسكو الصيفي"
              }
            },
            "Myanmar": {
              "long": {
                "standard": "توقيت ميانمار"
              }
            },
            "Nauru": {
              "long": {
                "standard": "توقيت ناورو"
              }
            },
            "Nepal": {
              "long": {
                "standard": "توقيت نيبال"
              }
            },
            "New_Caledonia": {
              "long": {
                "generic": "توقيت كاليدونيا الجديدة",
                "standard": "توقيت كاليدونيا الجديدة الرسمي",
                "daylight": "توقيت كاليدونيا الجديدة الصيفي"
              }
            },
            "New_Zealand": {
              "long": {
                "generic": "توقيت نيوزيلندا",
                "standard": "توقيت نيوزيلندا الرسمي",
                "daylight": "توقيت نيوزيلندا الصيفي"
              }
            },
            "Newfoundland": {
              "long": {
                "generic": "توقيت نيوفاوندلاند",
                "standard": "توقيت نيوفاوندلاند الرسمي",
                "daylight": "توقيت نيوفاوندلاند الصيفي"
              }
            },
            "Niue": {
              "long": {
                "standard": "توقيت نيوي"
              }
            },
            "Norfolk": {
              "long": {
                "generic": "توقيت جزيرة نورفولك",
                "standard": "توقيت جزيرة نورفولك الرسمي",
                "daylight": "توقيت جزيرة نورفولك الصيفي"
              }
            },
            "Noronha": {
              "long": {
                "generic": "توقيت فيرناندو دي نورونها",
                "standard": "توقيت فرناندو دي نورونها الرسمي",
                "daylight": "توقيت فرناندو دي نورونها الصيفي"
              }
            },
            "North_Mariana": {
              "long": {
                "standard": "توقيت جزر ماريانا الشمالية"
              }
            },
            "Novosibirsk": {
              "long": {
                "generic": "توقيت نوفوسيبيرسك",
                "standard": "توقيت نوفوسيبيرسك الرسمي",
                "daylight": "توقيت نوفوسيبيرسك الصيفي"
              }
            },
            "Omsk": {
              "long": {
                "generic": "توقيت أومسك",
                "standard": "توقيت أومسك الرسمي",
                "daylight": "توقيت أومسك الصيفي"
              }
            },
            "Pakistan": {
              "long": {
                "generic": "توقيت باكستان",
                "standard": "توقيت باكستان الرسمي",
                "daylight": "توقيت باكستان الصيفي"
              }
            },
            "Palau": {
              "long": {
                "standard": "توقيت بالاو"
              }
            },
            "Papua_New_Guinea": {
              "long": {
                "standard": "توقيت بابوا غينيا الجديدة"
              }
            },
            "Paraguay": {
              "long": {
                "generic": "توقيت باراغواي",
                "standard": "توقيت باراغواي الرسمي",
                "daylight": "توقيت باراغواي الصيفي"
              }
            },
            "Peru": {
              "long": {
                "generic": "توقيت بيرو",
                "standard": "توقيت بيرو الرسمي",
                "daylight": "توقيت بيرو الصيفي"
              }
            },
            "Philippines": {
              "long": {
                "generic": "توقيت الفيلبين",
                "standard": "توقيت الفيلبين الرسمي",
                "daylight": "توقيت الفيلبين الصيفي"
              }
            },
            "Phoenix_Islands": {
              "long": {
                "standard": "توقيت جزر فينكس"
              }
            },
            "Pierre_Miquelon": {
              "long": {
                "generic": "توقيت سانت بيير وميكولون",
                "standard": "توقيت سانت بيير وميكولون الرسمي",
                "daylight": "توقيت سانت بيير وميكولون الصيفي"
              }
            },
            "Pitcairn": {
              "long": {
                "standard": "توقيت بيتكيرن"
              }
            },
            "Ponape": {
              "long": {
                "standard": "توقيت بونابي"
              }
            },
            "Pyongyang": {
              "long": {
                "standard": "توقيت بيونغ يانغ"
              }
            },
            "Reunion": {
              "long": {
                "standard": "توقيت روينيون"
              }
            },
            "Rothera": {
              "long": {
                "standard": "توقيت روثيرا"
              }
            },
            "Sakhalin": {
              "long": {
                "generic": "توقيت ساخالين",
                "standard": "توقيت ساخالين الرسمي",
                "daylight": "توقيت ساخالين الصيفي"
              }
            },
            "Samara": {
              "long": {
                "generic": "توقيت سامارا",
                "standard": "توقيت سمارا",
                "daylight": "توقيت سمارا الصيفي"
              }
            },
            "Samoa": {
              "long": {
                "generic": "توقيت ساموا",
                "standard": "توقيت ساموا الرسمي",
                "daylight": "توقيت ساموا الصيفي"
              }
            },
            "Seychelles": {
              "long": {
                "standard": "توقيت سيشل"
              }
            },
            "Singapore": {
              "long": {
                "standard": "توقيت سنغافورة"
              }
            },
            "Solomon": {
              "long": {
                "standard": "توقيت جزر سليمان"
              }
            },
            "South_Georgia": {
              "long": {
                "standard": "توقيت جنوب جورجيا"
              }
            },
            "Suriname": {
              "long": {
                "standard": "توقيت سورينام"
              }
            },
            "Syowa": {
              "long": {
                "standard": "توقيت سايووا"
              }
            },
            "Tahiti": {
              "long": {
                "standard": "توقيت تاهيتي"
              }
            },
            "Taipei": {
              "long": {
                "generic": "توقيت تايبيه",
                "standard": "توقيت تايبيه الرسمي",
                "daylight": "توقيت تايبيه الصيفي"
              }
            },
            "Tajikistan": {
              "long": {
                "standard": "توقيت طاجكستان"
              }
            },
            "Tokelau": {
              "long": {
                "standard": "توقيت توكيلاو"
              }
            },
            "Tonga": {
              "long": {
                "generic": "توقيت تونغا",
                "standard": "توقيت تونغا الرسمي",
                "daylight": "توقيت تونغا الصيفي"
              }
            },
            "Truk": {
              "long": {
                "standard": "توقيت شوك"
              }
            },
            "Turkmenistan": {
              "long": {
                "generic": "توقيت تركمانستان",
                "standard": "توقيت تركمانستان الرسمي",
                "daylight": "توقيت تركمانستان الصيفي"
              }
            },
            "Tuvalu": {
              "long": {
                "standard": "توقيت توفالو"
              }
            },
            "Uruguay": {
              "long": {
                "generic": "توقيت أوروغواي",
                "standard": "توقيت أوروغواي الرسمي",
                "daylight": "توقيت أوروغواي الصيفي"
              }
            },
            "Uzbekistan": {
              "long": {
                "generic": "توقيت أوزبكستان",
                "standard": "توقيت أوزبكستان الرسمي",
                "daylight": "توقيت أوزبكستان الصيفي"
              }
            },
            "Vanuatu": {
              "long": {
                "generic": "توقيت فانواتو",
                "standard": "توقيت فانواتو الرسمي",
                "daylight": "توقيت فانواتو الصيفي"
              }
            },
            "Venezuela": {
              "long": {
                "standard": "توقيت فنزويلا"
              }
            },
            "Vladivostok": {
              "long": {
                "generic": "توقيت فلاديفوستوك",
                "standard": "توقيت فلاديفوستوك الرسمي",
                "daylight": "توقيت فلاديفوستوك الصيفي"
              }
            },
            "Volgograd": {
              "long": {
                "generic": "توقيت فولغوغراد",
                "standard": "توقيت فولغوغراد الرسمي",
                "daylight": "توقيت فولغوغراد الصيفي"
              }
            },
            "Vostok": {
              "long": {
                "standard": "توقيت فوستوك"
              }
            },
            "Wake": {
              "long": {
                "standard": "توقيت جزيرة ويك"
              }
            },
            "Wallis": {
              "long": {
                "standard": "توقيت واليس و فوتونا"
              }
            },
            "Yakutsk": {
              "long": {
                "generic": "توقيت ياكوتسك",
                "standard": "توقيت ياكوتسك الرسمي",
                "daylight": "توقيت ياكوتسك الصيفي"
              }
            },
            "Yekaterinburg": {
              "long": {
                "generic": "توقيت يكاترينبورغ",
                "standard": "توقيت يكاترينبورغ الرسمي",
                "daylight": "توقيت يكاترينبورغ الصيفي"
              }
            },
            "Yukon": {
              "long": {
                "standard": "توقيت يوكون"
              }
            }
          }
        }
      }
    }
  }
}
