{
  "main": {
    "tr": {
      "identity": {
        "language": "tr"
      },
      "dates": {
        "timeZoneNames": {
          "hourFormat": "+HH:mm;-HH:mm",
          "gmtFormat": "GMT{0}",
          "gmtZeroFormat": "GMT",
          "gmtUnknownFormat": "GMT+?",
          "regionFormat": "{0} Saati",
          "regionFormat-type-daylight": "{0} Yaz Saati",
          "regionFormat-type-standard": "{0} Standart Saati",
          "fallbackFormat": "{1} ({0})",
          "zone": {
            "Pacific": {
              "Honolulu": {
                "_type": "zone",
                "exemplarCity": "Honolulu"
              },
              "Easter": {
                "_type": "zone",
                "exemplarCity": "Paskalya Adası"
              },
              "Galapagos": {
                "_type": "zone",
                "exemplarCity": "Galápagos"
              },
              "Truk": {
                "_type": "zone",
                "exemplarCity": "Chuuk"
              },
              "Ponape": {
                "_type": "zone",
                "exemplarCity": "Pohnpei"
              },
              "Enderbury": {
                "_type": "zone",
                "exemplarCity": "Canton Adası"
              },
              "Noumea": {
                "_type": "zone",
                "exemplarCity": "Nouméa"
              },
              "Marquesas": {
                "_type": "zone",
                "exemplarCity": "Markiz Adaları"
              },
              "Wallis": {
                "_type": "zone",
                "exemplarCity": "Wallis & Futuna"
              }
            },
            "Etc": {
              "UTC": {
                "_type": "zone",
                "long": {
                  "standard": "Eş Güdümlü Evrensel Zaman"
                },
                "short": {
                  "standard": "UTC"
                }
              },
              "Unknown": {
                "_type": "zone",
                "exemplarCity": "Bilinmeyen Şehir"
              }
            },
            "Asia": {
              "Kabul": {
                "_type": "zone",
                "exemplarCity": "Kabil"
              },
              "Yerevan": {
                "_type": "zone",
                "exemplarCity": "Erivan"
              },
              "Baku": {
                "_type": "zone",
                "exemplarCity": "Bakü"
              },
              "Dhaka": {
                "_type": "zone",
                "exemplarCity": "Dakka"
              },
              "Bahrain": {
                "_type": "zone",
                "exemplarCity": "Bahreyn"
              },
              "Urumqi": {
                "_type": "zone",
                "exemplarCity": "Urumçi"
              },
              "Shanghai": {
                "_type": "zone",
                "exemplarCity": "Şanghay"
              },
              "Nicosia": {
                "_type": "zone",
                "exemplarCity": "Lefkoşa"
              },
              "Famagusta": {
                "_type": "zone",
                "exemplarCity": "Gazimağusa"
              },
              "Tbilisi": {
                "_type": "zone",
                "exemplarCity": "Tiflis"
              },
              "Jakarta": {
                "_type": "zone",
                "exemplarCity": "Cakarta"
              },
              "Jerusalem": {
                "_type": "zone",
                "exemplarCity": "Kudüs"
              },
              "Calcutta": {
                "_type": "zone",
                "exemplarCity": "Kalküta"
              },
              "Baghdad": {
                "_type": "zone",
                "exemplarCity": "Bağdat"
              },
              "Tehran": {
                "_type": "zone",
                "exemplarCity": "Tahran"
              },
              "Bishkek": {
                "_type": "zone",
                "exemplarCity": "Bişkek"
              },
              "Seoul": {
                "_type": "zone",
                "exemplarCity": "Seul"
              },
              "Kuwait": {
                "_type": "zone",
                "exemplarCity": "Kuveyt"
              },
              "Aqtau": {
                "_type": "zone",
                "exemplarCity": "Aktav"
              },
              "Atyrau": {
                "_type": "zone",
                "exemplarCity": "Atırav"
              },
              "Aqtobe": {
                "_type": "zone",
                "exemplarCity": "Aktöbe"
              },
              "Qostanay": {
                "_type": "zone",
                "exemplarCity": "Kostanay"
              },
              "Qyzylorda": {
                "_type": "zone",
                "exemplarCity": "Kızılorda"
              },
              "Almaty": {
                "_type": "zone",
                "exemplarCity": "Almatı"
              },
              "Beirut": {
                "_type": "zone",
                "exemplarCity": "Beyrut"
              },
              "Colombo": {
                "_type": "zone",
                "exemplarCity": "Kolombo"
              },
              "Rangoon": {
                "_type": "zone",
                "exemplarCity": "Yangon"
              },
              "Hovd": {
                "_type": "zone",
                "exemplarCity": "Khovd"
              },
              "Ulaanbaatar": {
                "_type": "zone",
                "exemplarCity": "Ulan Batur"
              },
              "Macau": {
                "_type": "zone",
                "exemplarCity": "Makao"
              },
              "Kuching": {
                "_type": "zone",
                "exemplarCity": "Kuçing"
              },
              "Katmandu": {
                "_type": "zone",
                "exemplarCity": "Katmandu"
              },
              "Muscat": {
                "_type": "zone",
                "exemplarCity": "Maskat"
              },
              "Karachi": {
                "_type": "zone",
                "exemplarCity": "Karaçi"
              },
              "Gaza": {
                "_type": "zone",
                "exemplarCity": "Gazze"
              },
              "Hebron": {
                "_type": "zone",
                "exemplarCity": "El Halil"
              },
              "Qatar": {
                "_type": "zone",
                "exemplarCity": "Katar"
              },
              "Irkutsk": {
                "_type": "zone",
                "exemplarCity": "İrkutsk"
              },
              "Chita": {
                "_type": "zone",
                "exemplarCity": "Çita"
              },
              "Khandyga": {
                "_type": "zone",
                "exemplarCity": "Handiga"
              },
              "Sakhalin": {
                "_type": "zone",
                "exemplarCity": "Sahalin"
              },
              "Kamchatka": {
                "_type": "zone",
                "exemplarCity": "Kamçatka"
              },
              "Anadyr": {
                "_type": "zone",
                "exemplarCity": "Anadır"
              },
              "Riyadh": {
                "_type": "zone",
                "exemplarCity": "Riyad"
              },
              "Singapore": {
                "_type": "zone",
                "exemplarCity": "Singapur"
              },
              "Damascus": {
                "_type": "zone",
                "exemplarCity": "Şam"
              },
              "Dushanbe": {
                "_type": "zone",
                "exemplarCity": "Duşanbe"
              },
              "Ashgabat": {
                "_type": "zone",
                "exemplarCity": "Aşkabat"
              },
              "Samarkand": {
                "_type": "zone",
                "exemplarCity": "Semerkand"
              },
              "Tashkent": {
                "_type": "zone",
                "exemplarCity": "Taşkent"
              },
              "Saigon": {
                "_type": "zone",
                "exemplarCity": "Ho Chi Minh Kenti"
              }
            },
            "Europe": {
              "Tirane": {
                "_type": "zone",
                "exemplarCity": "Tiran"
              },
              "Vienna": {
                "_type": "zone",
                "exemplarCity": "Viyana"
              },
              "Sarajevo": {
                "_type": "zone",
                "exemplarCity": "Saraybosna"
              },
              "Brussels": {
                "_type": "zone",
                "exemplarCity": "Brüksel"
              },
              "Sofia": {
                "_type": "zone",
                "exemplarCity": "Sofya"
              },
              "Zurich": {
                "_type": "zone",
                "exemplarCity": "Zürih"
              },
              "Prague": {
                "_type": "zone",
                "exemplarCity": "Prag"
              },
              "Busingen": {
                "_type": "zone",
                "exemplarCity": "Büsingen"
              },
              "Copenhagen": {
                "_type": "zone",
                "exemplarCity": "Kopenhag"
              },
              "London": {
                "_type": "zone",
                "long": {
                  "daylight": "İngiltere Yaz Saati"
                },
                "exemplarCity": "Londra"
              },
              "Gibraltar": {
                "_type": "zone",
                "exemplarCity": "Cebelitarık"
              },
              "Athens": {
                "_type": "zone",
                "exemplarCity": "Atina"
              },
              "Budapest": {
                "_type": "zone",
                "exemplarCity": "Budapeşte"
              },
              "Dublin": {
                "_type": "zone",
                "long": {
                  "daylight": "İrlanda Standart Saati"
                }
              },
              "Isle_of_Man": {
                "_type": "zone",
                "exemplarCity": "Man Adası"
              },
              "Rome": {
                "_type": "zone",
                "exemplarCity": "Roma"
              },
              "Luxembourg": {
                "_type": "zone",
                "exemplarCity": "Lüksemburg"
              },
              "Monaco": {
                "_type": "zone",
                "exemplarCity": "Monako"
              },
              "Chisinau": {
                "_type": "zone",
                "exemplarCity": "Kişinev"
              },
              "Skopje": {
                "_type": "zone",
                "exemplarCity": "Üsküp"
              },
              "Warsaw": {
                "_type": "zone",
                "exemplarCity": "Varşova"
              },
              "Lisbon": {
                "_type": "zone",
                "exemplarCity": "Lizbon"
              },
              "Bucharest": {
                "_type": "zone",
                "exemplarCity": "Bükreş"
              },
              "Belgrade": {
                "_type": "zone",
                "exemplarCity": "Belgrad"
              },
              "Moscow": {
                "_type": "zone",
                "exemplarCity": "Moskova"
              },
              "Astrakhan": {
                "_type": "zone",
                "exemplarCity": "Astrahan"
              },
              "Stockholm": {
                "_type": "zone",
                "exemplarCity": "Stokholm"
              },
              "Istanbul": {
                "_type": "zone",
                "exemplarCity": "İstanbul"
              },
              "Kiev": {
                "_type": "zone",
                "exemplarCity": "Kiev"
              },
              "Vatican": {
                "_type": "zone",
                "exemplarCity": "Vatikan"
              }
            },
            "Antarctica": {
              "Syowa": {
                "_type": "zone",
                "exemplarCity": "Showa"
              },
              "DumontDUrville": {
                "_type": "zone",
                "exemplarCity": "Dumont-d’Urville"
              }
            },
            "America": {
              "Argentina": {
                "Rio_Gallegos": {
                  "_type": "zone",
                  "exemplarCity": "Río Gallegos"
                },
                "Tucuman": {
                  "_type": "zone",
                  "exemplarCity": "Tucumán"
                }
              },
              "Cordoba": {
                "_type": "zone",
                "exemplarCity": "Córdoba"
              },
              "St_Barthelemy": {
                "_type": "zone",
                "exemplarCity": "Saint Barthelemy"
              },
              "Eirunepe": {
                "_type": "zone",
                "exemplarCity": "Eirunepé"
              },
              "Cuiaba": {
                "_type": "zone",
                "exemplarCity": "Cuiabá"
              },
              "Santarem": {
                "_type": "zone",
                "exemplarCity": "Santarém"
              },
              "Belem": {
                "_type": "zone",
                "exemplarCity": "Belém"
              },
              "Araguaina": {
                "_type": "zone",
                "exemplarCity": "Araguaína"
              },
              "Sao_Paulo": {
                "_type": "zone",
                "exemplarCity": "São Paulo"
              },
              "Maceio": {
                "_type": "zone",
                "exemplarCity": "Maceió"
              },
              "Noronha": {
                "_type": "zone",
                "exemplarCity": "Fernando de Noronha"
              },
              "Coral_Harbour": {
                "_type": "zone",
                "exemplarCity": "Atikokan"
              },
              "St_Johns": {
                "_type": "zone",
                "exemplarCity": "St. John’s"
              },
              "Bogota": {
                "_type": "zone",
                "exemplarCity": "Bogotá"
              },
              "Costa_Rica": {
                "_type": "zone",
                "exemplarCity": "Kosta Rika"
              },
              "Curacao": {
                "_type": "zone",
                "exemplarCity": "Curaçao"
              },
              "Dominica": {
                "_type": "zone",
                "exemplarCity": "Dominika"
              },
              "Godthab": {
                "_type": "zone",
                "exemplarCity": "Nuuk"
              },
              "Scoresbysund": {
                "_type": "zone",
                "exemplarCity": "Ittoqqortoormiit"
              },
              "Jamaica": {
                "_type": "zone",
                "exemplarCity": "Jamaika"
              },
              "St_Kitts": {
                "_type": "zone",
                "exemplarCity": "St. Kitts"
              },
              "St_Lucia": {
                "_type": "zone",
                "exemplarCity": "St. Lucia"
              },
              "Ciudad_Juarez": {
                "_type": "zone",
                "exemplarCity": "Ciudad Juárez"
              },
              "Mazatlan": {
                "_type": "zone",
                "exemplarCity": "Mazatlán"
              },
              "Bahia_Banderas": {
                "_type": "zone",
                "exemplarCity": "Bahia Banderas"
              },
              "Mexico_City": {
                "_type": "zone",
                "exemplarCity": "Ciudad de México"
              },
              "Merida": {
                "_type": "zone",
                "exemplarCity": "Merida"
              },
              "Cancun": {
                "_type": "zone",
                "exemplarCity": "Cancun"
              },
              "Miquelon": {
                "_type": "zone",
                "exemplarCity": "Saint-Pierre"
              },
              "Puerto_Rico": {
                "_type": "zone",
                "exemplarCity": "Porto Riko"
              },
              "Asuncion": {
                "_type": "zone",
                "exemplarCity": "Asunción"
              },
              "Lower_Princes": {
                "_type": "zone",
                "exemplarCity": "Lower Prince’s Quarter"
              },
              "North_Dakota": {
                "Beulah": {
                  "_type": "zone",
                  "exemplarCity": "Beulah, Kuzey Dakota"
                },
                "New_Salem": {
                  "_type": "zone",
                  "exemplarCity": "New Salem, Kuzey Dakota"
                },
                "Center": {
                  "_type": "zone",
                  "exemplarCity": "Merkez, Kuzey Dakota"
                }
              },
              "Indiana": {
                "Vincennes": {
                  "_type": "zone",
                  "exemplarCity": "Vincennes, Indiana"
                },
                "Petersburg": {
                  "_type": "zone",
                  "exemplarCity": "Petersburg, Indiana"
                },
                "Tell_City": {
                  "_type": "zone",
                  "exemplarCity": "Tell City, Indiana"
                },
                "Knox": {
                  "_type": "zone",
                  "exemplarCity": "Knox, Indiana"
                },
                "Winamac": {
                  "_type": "zone",
                  "exemplarCity": "Winamac, Indiana"
                },
                "Marengo": {
                  "_type": "zone",
                  "exemplarCity": "Marengo, Indiana"
                },
                "Vevay": {
                  "_type": "zone",
                  "exemplarCity": "Vevay, Indiana"
                }
              },
              "Kentucky": {
                "Monticello": {
                  "_type": "zone",
                  "exemplarCity": "Monticello, Kentucky"
                }
              },
              "St_Vincent": {
                "_type": "zone",
                "exemplarCity": "St. Vincent"
              },
              "St_Thomas": {
                "_type": "zone",
                "exemplarCity": "St. Thomas"
              }
            },
            "Australia": {
              "Sydney": {
                "_type": "zone",
                "exemplarCity": "Sidney"
              }
            },
            "Africa": {
              "Kinshasa": {
                "_type": "zone",
                "exemplarCity": "Kinşasa"
              },
              "Brazzaville": {
                "_type": "zone",
                "exemplarCity": "Brazzavil"
              },
              "Djibouti": {
                "_type": "zone",
                "exemplarCity": "Cibuti"
              },
              "Algiers": {
                "_type": "zone",
                "exemplarCity": "Cezayir"
              },
              "Cairo": {
                "_type": "zone",
                "exemplarCity": "Kahire"
              },
              "El_Aaiun": {
                "_type": "zone",
                "exemplarCity": "Layun"
              },
              "Asmera": {
                "_type": "zone",
                "exemplarCity": "Asmara"
              },
              "Ceuta": {
                "_type": "zone",
                "exemplarCity": "Septe"
              },
              "Libreville": {
                "_type": "zone",
                "exemplarCity": "Librevil"
              },
              "Accra": {
                "_type": "zone",
                "exemplarCity": "Akra"
              },
              "Conakry": {
                "_type": "zone",
                "exemplarCity": "Konakri"
              },
              "Tripoli": {
                "_type": "zone",
                "exemplarCity": "Trablus"
              },
              "Casablanca": {
                "_type": "zone",
                "exemplarCity": "Kazablanka"
              },
              "Khartoum": {
                "_type": "zone",
                "exemplarCity": "Hartum"
              },
              "Mogadishu": {
                "_type": "zone",
                "exemplarCity": "Mogadişu"
              },
              "Juba": {
                "_type": "zone",
                "exemplarCity": "Cuba"
              },
              "Sao_Tome": {
                "_type": "zone",
                "exemplarCity": "São Tomé"
              },
              "Ndjamena": {
                "_type": "zone",
                "exemplarCity": "N’Djamena"
              },
              "Lome": {
                "_type": "zone",
                "exemplarCity": "Lomé"
              },
              "Tunis": {
                "_type": "zone",
                "exemplarCity": "Tunus"
              },
              "Dar_es_Salaam": {
                "_type": "zone",
                "exemplarCity": "Darüsselam"
              }
            },
            "Atlantic": {
              "Canary": {
                "_type": "zone",
                "exemplarCity": "Kanarya Adaları"
              },
              "Faeroe": {
                "_type": "zone",
                "exemplarCity": "Faroe"
              },
              "South_Georgia": {
                "_type": "zone",
                "exemplarCity": "Güney Georgia"
              },
              "Azores": {
                "_type": "zone",
                "exemplarCity": "Azor Adaları"
              },
              "Madeira": {
                "_type": "zone",
                "exemplarCity": "Madeira Adaları"
              },
              "St_Helena": {
                "_type": "zone",
                "exemplarCity": "St. Helena"
              }
            },
            "Indian": {
              "Comoro": {
                "_type": "zone",
                "exemplarCity": "Komor"
              },
              "Maldives": {
                "_type": "zone",
                "exemplarCity": "Maldivler"
              },
              "Reunion": {
                "_type": "zone",
                "exemplarCity": "Réunion"
              },
              "Mahe": {
                "_type": "zone",
                "exemplarCity": "Mahé"
              }
            }
          },
          "metazone": {
            "Acre": {
              "long": {
                "generic": "Acre Saati",
                "standard": "Acre Standart Saati",
                "daylight": "Acre Yaz Saati"
              }
            },
            "Afghanistan": {
              "long": {
                "standard": "Afganistan Saati"
              }
            },
            "Africa_Central": {
              "long": {
                "standard": "Orta Afrika Saati"
              }
            },
            "Africa_Eastern": {
              "long": {
                "standard": "Doğu Afrika Saati"
              }
            },
            "Africa_Southern": {
              "long": {
                "standard": "Güney Afrika Standart Saati"
              }
            },
            "Africa_Western": {
              "long": {
                "standard": "Batı Afrika Saati"
              }
            },
            "Alaska": {
              "long": {
                "generic": "Alaska Saati",
                "standard": "Alaska Standart Saati",
                "daylight": "Alaska Yaz Saati"
              }
            },
            "Almaty": {
              "long": {
                "generic": "Almatı Saati",
                "standard": "Almatı Standart Saati",
                "daylight": "Almatı Yaz Saati"
              }
            },
            "Amazon": {
              "long": {
                "generic": "Amazon Saati",
                "standard": "Amazon Standart Saati",
                "daylight": "Amazon Yaz Saati"
              }
            },
            "America_Central": {
              "long": {
                "generic": "Kuzey Amerika Merkezi Saati",
                "standard": "Kuzey Amerika Merkezi Standart Saati",
                "daylight": "Kuzey Amerika Merkezi Yaz Saati"
              }
            },
            "America_Eastern": {
              "long": {
                "generic": "Kuzey Amerika Doğu Saati",
                "standard": "Kuzey Amerika Doğu Standart Saati",
                "daylight": "Kuzey Amerika Doğu Yaz Saati"
              }
            },
            "America_Mountain": {
              "long": {
                "generic": "Kuzey Amerika Dağ Saati",
                "standard": "Kuzey Amerika Dağ Standart Saati",
                "daylight": "Kuzey Amerika Dağ Yaz Saati"
              }
            },
            "America_Pacific": {
              "long": {
                "generic": "Kuzey Amerika Pasifik Saati",
                "standard": "Kuzey Amerika Pasifik Standart Saati",
                "daylight": "Kuzey Amerika Pasifik Yaz Saati"
              }
            },
            "Anadyr": {
              "long": {
                "generic": "Anadyr Saati",
                "standard": "Anadır Standart Saati",
                "daylight": "Anadır Yaz Saati"
              }
            },
            "Apia": {
              "long": {
                "generic": "Apia Saati",
                "standard": "Apia Standart Saati",
                "daylight": "Apia Yaz Saati"
              }
            },
            "Aqtau": {
              "long": {
                "generic": "Aktav Saati",
                "standard": "Aktav Standart Saati",
                "daylight": "Aktav Yaz Saati"
              }
            },
            "Aqtobe": {
              "long": {
                "generic": "Aktöbe Saati",
                "standard": "Aktöbe Standart Saati",
                "daylight": "Aktöbe Yaz Saati"
              }
            },
            "Arabian": {
              "long": {
                "generic": "Arabistan Saati",
                "standard": "Arabistan Standart Saati",
                "daylight": "Arabistan Yaz Saati"
              }
            },
            "Argentina": {
              "long": {
                "generic": "Arjantin Saati",
                "standard": "Arjantin Standart Saati",
                "daylight": "Arjantin Yaz Saati"
              }
            },
            "Argentina_Western": {
              "long": {
                "generic": "Batı Arjantin Saati",
                "standard": "Batı Arjantin Standart Saati",
                "daylight": "Batı Arjantin Yaz Saati"
              }
            },
            "Armenia": {
              "long": {
                "generic": "Ermenistan Saati",
                "standard": "Ermenistan Standart Saati",
                "daylight": "Ermenistan Yaz Saati"
              }
            },
            "Atlantic": {
              "long": {
                "generic": "Atlantik Saati",
                "standard": "Atlantik Standart Saati",
                "daylight": "Atlantik Yaz Saati"
              }
            },
            "Australia_Central": {
              "long": {
                "generic": "Orta Avustralya Saati",
                "standard": "Orta Avustralya Standart Saati",
                "daylight": "Orta Avustralya Yaz Saati"
              }
            },
            "Australia_CentralWestern": {
              "long": {
                "generic": "İç Batı Avustralya Saati",
                "standard": "İç Batı Avustralya Standart Saati",
                "daylight": "İç Batı Avustralya Yaz Saati"
              }
            },
            "Australia_Eastern": {
              "long": {
                "generic": "Doğu Avustralya Saati",
                "standard": "Doğu Avustralya Standart Saati",
                "daylight": "Doğu Avustralya Yaz Saati"
              }
            },
            "Australia_Western": {
              "long": {
                "generic": "Batı Avustralya Saati",
                "standard": "Batı Avustralya Standart Saati",
                "daylight": "Batı Avustralya Yaz Saati"
              }
            },
            "Azerbaijan": {
              "long": {
                "generic": "Azerbaycan Saati",
                "standard": "Azerbaycan Standart Saati",
                "daylight": "Azerbaycan Yaz Saati"
              }
            },
            "Azores": {
              "long": {
                "generic": "Azorlar Saati",
                "standard": "Azorlar Standart Saati",
                "daylight": "Azorlar Yaz Saati"
              }
            },
            "Bangladesh": {
              "long": {
                "generic": "Bangladeş Saati",
                "standard": "Bangladeş Standart Saati",
                "daylight": "Bangladeş Yaz Saati"
              }
            },
            "Bhutan": {
              "long": {
                "standard": "Butan Saati"
              }
            },
            "Bolivia": {
              "long": {
                "standard": "Bolivya Saati"
              }
            },
            "Brasilia": {
              "long": {
                "generic": "Brasilia Saati",
                "standard": "Brasilia Standart Saati",
                "daylight": "Brasilia Yaz Saati"
              }
            },
            "Brunei": {
              "long": {
                "standard": "Brunei Darü’s-Selam Saati"
              }
            },
            "Cape_Verde": {
              "long": {
                "generic": "Cape Verde Saati",
                "standard": "Cape Verde Standart Saati",
                "daylight": "Cape Verde Yaz Saati"
              }
            },
            "Casey": {
              "long": {
                "standard": "Casey Saati"
              }
            },
            "Chamorro": {
              "long": {
                "standard": "Chamorro Saati"
              }
            },
            "Chatham": {
              "long": {
                "generic": "Chatham Saati",
                "standard": "Chatham Standart Saati",
                "daylight": "Chatham Yaz Saati"
              }
            },
            "Chile": {
              "long": {
                "generic": "Şili Saati",
                "standard": "Şili Standart Saati",
                "daylight": "Şili Yaz Saati"
              }
            },
            "China": {
              "long": {
                "generic": "Çin Saati",
                "standard": "Çin Standart Saati",
                "daylight": "Çin Yaz Saati"
              }
            },
            "Christmas": {
              "long": {
                "standard": "Christmas Adası Saati"
              }
            },
            "Cocos": {
              "long": {
                "standard": "Cocos Adaları Saati"
              }
            },
            "Colombia": {
              "long": {
                "generic": "Kolombiya Saati",
                "standard": "Kolombiya Standart Saati",
                "daylight": "Kolombiya Yaz Saati"
              }
            },
            "Cook": {
              "long": {
                "generic": "Cook Adaları Saati",
                "standard": "Cook Adaları Standart Saati",
                "daylight": "Cook Adaları Yarı Yaz Saati"
              }
            },
            "Cuba": {
              "long": {
                "generic": "Küba Saati",
                "standard": "Küba Standart Saati",
                "daylight": "Küba Yaz Saati"
              }
            },
            "Davis": {
              "long": {
                "standard": "Davis Saati"
              }
            },
            "DumontDUrville": {
              "long": {
                "standard": "Dumont-d’Urville Saati"
              }
            },
            "East_Timor": {
              "long": {
                "standard": "Doğu Timor Saati"
              }
            },
            "Easter": {
              "long": {
                "generic": "Paskalya Adası Saati",
                "standard": "Paskalya Adası Standart Saati",
                "daylight": "Paskalya Adası Yaz Saati"
              }
            },
            "Ecuador": {
              "long": {
                "standard": "Ekvador Saati"
              }
            },
            "Europe_Central": {
              "long": {
                "generic": "Orta Avrupa Saati",
                "standard": "Orta Avrupa Standart Saati",
                "daylight": "Orta Avrupa Yaz Saati"
              }
            },
            "Europe_Eastern": {
              "long": {
                "generic": "Doğu Avrupa Saati",
                "standard": "Doğu Avrupa Standart Saati",
                "daylight": "Doğu Avrupa Yaz Saati"
              }
            },
            "Europe_Further_Eastern": {
              "long": {
                "standard": "İleri Doğu Avrupa Saati"
              }
            },
            "Europe_Western": {
              "long": {
                "generic": "Batı Avrupa Saati",
                "standard": "Batı Avrupa Standart Saati",
                "daylight": "Batı Avrupa Yaz Saati"
              }
            },
            "Falkland": {
              "long": {
                "generic": "Falkland Adaları Saati",
                "standard": "Falkland Adaları Standart Saati",
                "daylight": "Falkland Adaları Yaz Saati"
              }
            },
            "Fiji": {
              "long": {
                "generic": "Fiji Saati",
                "standard": "Fiji Standart Saati",
                "daylight": "Fiji Yaz Saati"
              }
            },
            "French_Guiana": {
              "long": {
                "standard": "Fransız Guyanası Saati"
              }
            },
            "French_Southern": {
              "long": {
                "standard": "Fransız Güney ve Antarktika Saati"
              }
            },
            "Galapagos": {
              "long": {
                "standard": "Galapagos Saati"
              }
            },
            "Gambier": {
              "long": {
                "standard": "Gambier Saati"
              }
            },
            "Georgia": {
              "long": {
                "generic": "Gürcistan Saati",
                "standard": "Gürcistan Standart Saati",
                "daylight": "Gürcistan Yaz Saati"
              }
            },
            "Gilbert_Islands": {
              "long": {
                "standard": "Gilbert Adaları Saati"
              }
            },
            "GMT": {
              "long": {
                "standard": "Greenwich Ortalama Saati"
              }
            },
            "Greenland_Eastern": {
              "long": {
                "generic": "Doğu Grönland Saati",
                "standard": "Doğu Grönland Standart Saati",
                "daylight": "Doğu Grönland Yaz Saati"
              }
            },
            "Greenland_Western": {
              "long": {
                "generic": "Batı Grönland Saati",
                "standard": "Batı Grönland Standart Saati",
                "daylight": "Batı Grönland Yaz Saati"
              }
            },
            "Guam": {
              "long": {
                "standard": "Guam Standart Saati"
              }
            },
            "Gulf": {
              "long": {
                "standard": "Körfez Saati"
              }
            },
            "Guyana": {
              "long": {
                "standard": "Guyana Saati"
              }
            },
            "Hawaii": {
              "long": {
                "standard": "Hawaii-Aleut Standart Saati"
              }
            },
            "Hawaii_Aleutian": {
              "long": {
                "generic": "Hawaii-Aleut Saati",
                "standard": "Hawaii-Aleut Standart Saati",
                "daylight": "Hawaii-Aleut Yaz Saati"
              }
            },
            "Hong_Kong": {
              "long": {
                "generic": "Hong Kong Saati",
                "standard": "Hong Kong Standart Saati",
                "daylight": "Hong Kong Yaz Saati"
              }
            },
            "Hovd": {
              "long": {
                "generic": "Hovd Saati",
                "standard": "Hovd Standart Saati",
                "daylight": "Hovd Yaz Saati"
              }
            },
            "India": {
              "long": {
                "standard": "Hindistan Standart Saati"
              }
            },
            "Indian_Ocean": {
              "long": {
                "standard": "Hint Okyanusu Saati"
              }
            },
            "Indochina": {
              "long": {
                "standard": "Hindiçin Saati"
              }
            },
            "Indonesia_Central": {
              "long": {
                "standard": "Orta Endonezya Saati"
              }
            },
            "Indonesia_Eastern": {
              "long": {
                "standard": "Doğu Endonezya Saati"
              }
            },
            "Indonesia_Western": {
              "long": {
                "standard": "Batı Endonezya Saati"
              }
            },
            "Iran": {
              "long": {
                "generic": "İran Saati",
                "standard": "İran Standart Saati",
                "daylight": "İran Yaz Saati"
              }
            },
            "Irkutsk": {
              "long": {
                "generic": "İrkutsk Saati",
                "standard": "İrkutsk Standart Saati",
                "daylight": "İrkutsk Yaz Saati"
              }
            },
            "Israel": {
              "long": {
                "generic": "İsrail Saati",
                "standard": "İsrail Standart Saati",
                "daylight": "İsrail Yaz Saati"
              }
            },
            "Japan": {
              "long": {
                "generic": "Japonya Saati",
                "standard": "Japonya Standart Saati",
                "daylight": "Japonya Yaz Saati"
              }
            },
            "Kamchatka": {
              "long": {
                "generic": "Petropavlovsk-Kamçatski Saati",
                "standard": "Petropavlovsk-Kamçatski Standart Saati",
                "daylight": "Petropavlovsk-Kamçatski Yaz Saati"
              }
            },
            "Kazakhstan": {
              "long": {
                "standard": "Kazakistan Saati"
              }
            },
            "Kazakhstan_Eastern": {
              "long": {
                "standard": "Doğu Kazakistan Saati"
              }
            },
            "Kazakhstan_Western": {
              "long": {
                "standard": "Batı Kazakistan Saati"
              }
            },
            "Korea": {
              "long": {
                "generic": "Kore Saati",
                "standard": "Kore Standart Saati",
                "daylight": "Kore Yaz Saati"
              }
            },
            "Kosrae": {
              "long": {
                "standard": "Kosrae Saati"
              }
            },
            "Krasnoyarsk": {
              "long": {
                "generic": "Krasnoyarsk Saati",
                "standard": "Krasnoyarsk Standart Saati",
                "daylight": "Krasnoyarsk Yaz Saati"
              }
            },
            "Kyrgystan": {
              "long": {
                "standard": "Kırgızistan Saati"
              }
            },
            "Lanka": {
              "long": {
                "standard": "Lanka Saati"
              }
            },
            "Line_Islands": {
              "long": {
                "standard": "Line Adaları Saati"
              }
            },
            "Lord_Howe": {
              "long": {
                "generic": "Lord Howe Saati",
                "standard": "Lord Howe Standart Saati",
                "daylight": "Lord Howe Yaz Saati"
              }
            },
            "Macau": {
              "long": {
                "generic": "Makao Saati",
                "standard": "Makao Standart Saati",
                "daylight": "Makao Yaz Saati"
              }
            },
            "Magadan": {
              "long": {
                "generic": "Magadan Saati",
                "standard": "Magadan Standart Saati",
                "daylight": "Magadan Yaz Saati"
              }
            },
            "Malaysia": {
              "long": {
                "standard": "Malezya Saati"
              }
            },
            "Maldives": {
              "long": {
                "standard": "Maldivler Saati"
              }
            },
            "Marquesas": {
              "long": {
                "standard": "Markiz Adaları Saati"
              }
            },
            "Marshall_Islands": {
              "long": {
                "standard": "Marshall Adaları Saati"
              }
            },
            "Mauritius": {
              "long": {
                "generic": "Mauritius Saati",
                "standard": "Mauritius Standart Saati",
                "daylight": "Mauritius Yaz Saati"
              }
            },
            "Mawson": {
              "long": {
                "standard": "Mawson Saati"
              }
            },
            "Mexico_Pacific": {
              "long": {
                "generic": "Meksika Pasifik Kıyısı Saati",
                "standard": "Meksika Pasifik Kıyısı Standart Saati",
                "daylight": "Meksika Pasifik Kıyısı Yaz Saati"
              }
            },
            "Mongolia": {
              "long": {
                "generic": "Ulan Batur Saati",
                "standard": "Ulan Batur Standart Saati",
                "daylight": "Ulan Batur Yaz Saati"
              }
            },
            "Moscow": {
              "long": {
                "generic": "Moskova Saati",
                "standard": "Moskova Standart Saati",
                "daylight": "Moskova Yaz Saati"
              }
            },
            "Myanmar": {
              "long": {
                "standard": "Myanmar Saati"
              }
            },
            "Nauru": {
              "long": {
                "standard": "Nauru Saati"
              }
            },
            "Nepal": {
              "long": {
                "standard": "Nepal Saati"
              }
            },
            "New_Caledonia": {
              "long": {
                "generic": "Yeni Kaledonya Saati",
                "standard": "Yeni Kaledonya Standart Saati",
                "daylight": "Yeni Kaledonya Yaz Saati"
              }
            },
            "New_Zealand": {
              "long": {
                "generic": "Yeni Zelanda Saati",
                "standard": "Yeni Zelanda Standart Saati",
                "daylight": "Yeni Zelanda Yaz Saati"
              }
            },
            "Newfoundland": {
              "long": {
                "generic": "Newfoundland Saati",
                "standard": "Newfoundland Standart Saati",
                "daylight": "Newfoundland Yaz Saati"
              }
            },
            "Niue": {
              "long": {
                "standard": "Niue Saati"
              }
            },
            "Norfolk": {
              "long": {
                "generic": "Norfolk Adası Saati",
                "standard": "Norfolk Adası Standart Saati",
                "daylight": "Norfolk Adası Yaz Saati"
              }
            },
            "Noronha": {
              "long": {
                "generic": "Fernando de Noronha Saati",
                "standard": "Fernando de Noronha Standart Saati",
                "daylight": "Fernando de Noronha Yaz Saati"
              }
            },
            "North_Mariana": {
              "long": {
                "standard": "Kuzey Mariana Adaları Saati"
              }
            },
            "Novosibirsk": {
              "long": {
                "generic": "Novosibirsk Saati",
                "standard": "Novosibirsk Standart Saati",
                "daylight": "Novosibirsk Yaz Saati"
              }
            },
            "Omsk": {
              "long": {
                "generic": "Omsk Saati",
                "standard": "Omsk Standart Saati",
                "daylight": "Omsk Yaz Saati"
              }
            },
            "Pakistan": {
              "long": {
                "generic": "Pakistan Saati",
                "standard": "Pakistan Standart Saati",
                "daylight": "Pakistan Yaz Saati"
              }
            },
            "Palau": {
              "long": {
                "standard": "Palau Saati"
              }
            },
            "Papua_New_Guinea": {
              "long": {
                "standard": "Papua Yeni Gine Saati"
              }
            },
            "Paraguay": {
              "long": {
                "generic": "Paraguay Saati",
                "standard": "Paraguay Standart Saati",
                "daylight": "Paraguay Yaz Saati"
              }
            },
            "Peru": {
              "long": {
                "generic": "Peru Saati",
                "standard": "Peru Standart Saati",
                "daylight": "Peru Yaz Saati"
              }
            },
            "Philippines": {
              "long": {
                "generic": "Filipinler Saati",
                "standard": "Filipinler Standart Saati",
                "daylight": "Filipinler Yaz Saati"
              }
            },
            "Phoenix_Islands": {
              "long": {
                "standard": "Phoenix Adaları Saati"
              }
            },
            "Pierre_Miquelon": {
              "long": {
                "generic": "Saint Pierre ve Miquelon Saati",
                "standard": "Saint Pierre ve Miquelon Standart Saati",
                "daylight": "Saint Pierre ve Miquelon Yaz Saati"
              }
            },
            "Pitcairn": {
              "long": {
                "standard": "Pitcairn Saati"
              }
            },
            "Ponape": {
              "long": {
                "standard": "Ponape Saati"
              }
            },
            "Pyongyang": {
              "long": {
                "standard": "Pyongyang Saati"
              }
            },
            "Qyzylorda": {
              "long": {
                "generic": "Kızılorda Saati",
                "standard": "Kızılorda Standart Saati",
                "daylight": "Kızılorda Yaz Saati"
              }
            },
            "Reunion": {
              "long": {
                "standard": "Reunion Saati"
              }
            },
            "Rothera": {
              "long": {
                "standard": "Rothera Saati"
              }
            },
            "Sakhalin": {
              "long": {
                "generic": "Sahalin Saati",
                "standard": "Sahalin Standart Saati",
                "daylight": "Sahalin Yaz Saati"
              }
            },
            "Samara": {
              "long": {
                "generic": "Samara Saati",
                "standard": "Samara Standart Saati",
                "daylight": "Samara Yaz Saati"
              }
            },
            "Samoa": {
              "long": {
                "generic": "Samoa Saati",
                "standard": "Samoa Standart Saati",
                "daylight": "Samoa Yaz Saati"
              }
            },
            "Seychelles": {
              "long": {
                "standard": "Seyşeller Saati"
              }
            },
            "Singapore": {
              "long": {
                "standard": "Singapur Standart Saati"
              }
            },
            "Solomon": {
              "long": {
                "standard": "Solomon Adaları Saati"
              }
            },
            "South_Georgia": {
              "long": {
                "standard": "Güney Georgia Saati"
              }
            },
            "Suriname": {
              "long": {
                "standard": "Surinam Saati"
              }
            },
            "Syowa": {
              "long": {
                "standard": "Showa Saati"
              }
            },
            "Tahiti": {
              "long": {
                "standard": "Tahiti Saati"
              }
            },
            "Taipei": {
              "long": {
                "generic": "Taipei Saati",
                "standard": "Taipei Standart Saati",
                "daylight": "Taipei Yaz Saati"
              }
            },
            "Tajikistan": {
              "long": {
                "standard": "Tacikistan Saati"
              }
            },
            "Tokelau": {
              "long": {
                "standard": "Tokelau Saati"
              }
            },
            "Tonga": {
              "long": {
                "generic": "Tonga Saati",
                "standard": "Tonga Standart Saati",
                "daylight": "Tonga Yaz Saati"
              }
            },
            "Truk": {
              "long": {
                "standard": "Chuuk Saati"
              }
            },
            "Turkey": {
              "long": {
                "generic": "Türkiye Saati",
                "standard": "Türkiye Standart Saati",
                "daylight": "Türkiye Yaz Saati"
              },
              "short": {
                "generic": "TSİ"
              }
            },
            "Turkmenistan": {
              "long": {
                "generic": "Türkmenistan Saati",
                "standard": "Türkmenistan Standart Saati",
                "daylight": "Türkmenistan Yaz Saati"
              }
            },
            "Tuvalu": {
              "long": {
                "standard": "Tuvalu Saati"
              }
            },
            "Uruguay": {
              "long": {
                "generic": "Uruguay Saati",
                "standard": "Uruguay Standart Saati",
                "daylight": "Uruguay Yaz Saati"
              }
            },
            "Uzbekistan": {
              "long": {
                "generic": "Özbekistan Saati",
                "standard": "Özbekistan Standart Saati",
                "daylight": "Özbekistan Yaz Saati"
              }
            },
            "Vanuatu": {
              "long": {
                "generic": "Vanuatu Saati",
                "standard": "Vanuatu Standart Saati",
                "daylight": "Vanuatu Yaz Saati"
              }
            },
            "Venezuela": {
              "long": {
                "standard": "Venezuela Saati"
              }
            },
            "Vladivostok": {
              "long": {
                "generic": "Vladivostok Saati",
                "standard": "Vladivostok Standart Saati",
                "daylight": "Vladivostok Yaz Saati"
              }
            },
            "Volgograd": {
              "long": {
                "generic": "Volgograd Saati",
                "standard": "Volgograd Standart Saati",
                "daylight": "Volgograd Yaz Saati"
              }
            },
            "Vostok": {
              "long": {
                "standard": "Vostok Saati"
              }
            },
            "Wake": {
              "long": {
                "standard": "Wake Adası Saati"
              }
            },
            "Wallis": {
              "long": {
                "standard": "Wallis ve Futuna Saati"
              }
            },
            "Yakutsk": {
              "long": {
                "generic": "Yakutsk Saati",
                "standard": "Yakutsk Standart Saati",
                "daylight": "Yakutsk Yaz Saati"
              }
            },
            "Yekaterinburg": {
              "long": {
                "generic": "Yekaterinburg Saati",
                "standard": "Yekaterinburg Standart Saati",
                "daylight": "Yekaterinburg Yaz Saati"
              }
            },
            "Yukon": {
              "long": {
                "standard": "Yukon Saati"
              }
            }
          }
        }
      }
    }
  }
}
