{
  "main": {
    "ru": {
      "identity": {
        "language": "ru"
      },
      "dates": {
        "timeZoneNames": {
          "hourFormat": "+HH:mm;-HH:mm",
          "gmtFormat": "GMT{0}",
          "gmtZeroFormat": "GMT",
          "gmtUnknownFormat": "GMT+?",
          "regionFormat": "{0}",
          "regionFormat-type-daylight": "{0}, летнее время",
          "regionFormat-type-standard": "{0}, стандартное время",
          "fallbackFormat": "{1} ({0})",
          "zone": {
            "Pacific": {
              "Honolulu": {
                "_type": "zone",
                "exemplarCity": "Гонолулу"
              },
              "Pago_Pago": {
                "_type": "zone",
                "exemplarCity": "Паго-Паго"
              },
              "Rarotonga": {
                "_type": "zone",
                "exemplarCity": "Раротонга"
              },
              "Easter": {
                "_type": "zone",
                "exemplarCity": "о-в Пасхи"
              },
              "Galapagos": {
                "_type": "zone",
                "exemplarCity": "Галапагосские о-ва"
              },
              "Fiji": {
                "_type": "zone",
                "exemplarCity": "Фиджи"
              },
              "Truk": {
                "_type": "zone",
                "exemplarCity": "Трук"
              },
              "Ponape": {
                "_type": "zone",
                "exemplarCity": "Понпеи"
              },
              "Kosrae": {
                "_type": "zone",
                "exemplarCity": "Косрае"
              },
              "Guam": {
                "_type": "zone",
                "exemplarCity": "Гуам"
              },
              "Enderbury": {
                "_type": "zone",
                "exemplarCity": "о-в Кантон"
              },
              "Kiritimati": {
                "_type": "zone",
                "exemplarCity": "Киритимати"
              },
              "Tarawa": {
                "_type": "zone",
                "exemplarCity": "Тарава"
              },
              "Kwajalein": {
                "_type": "zone",
                "exemplarCity": "Кваджалейн"
              },
              "Majuro": {
                "_type": "zone",
                "exemplarCity": "Маджуро"
              },
              "Saipan": {
                "_type": "zone",
                "exemplarCity": "Сайпан"
              },
              "Noumea": {
                "_type": "zone",
                "exemplarCity": "Нумеа"
              },
              "Norfolk": {
                "_type": "zone",
                "exemplarCity": "Норфолк"
              },
              "Nauru": {
                "_type": "zone",
                "exemplarCity": "Науру"
              },
              "Niue": {
                "_type": "zone",
                "exemplarCity": "Ниуэ"
              },
              "Chatham": {
                "_type": "zone",
                "exemplarCity": "Чатем"
              },
              "Auckland": {
                "_type": "zone",
                "exemplarCity": "Окленд"
              },
              "Tahiti": {
                "_type": "zone",
                "exemplarCity": "Таити"
              },
              "Marquesas": {
                "_type": "zone",
                "exemplarCity": "Маркизские о-ва"
              },
              "Gambier": {
                "_type": "zone",
                "exemplarCity": "о-ва Гамбье"
              },
              "Port_Moresby": {
                "_type": "zone",
                "exemplarCity": "Порт-Морсби"
              },
              "Bougainville": {
                "_type": "zone",
                "exemplarCity": "Бугенвиль"
              },
              "Pitcairn": {
                "_type": "zone",
                "exemplarCity": "Питкэрн"
              },
              "Palau": {
                "_type": "zone",
                "exemplarCity": "Палау"
              },
              "Guadalcanal": {
                "_type": "zone",
                "exemplarCity": "Гуадалканал"
              },
              "Fakaofo": {
                "_type": "zone",
                "exemplarCity": "Факаофо"
              },
              "Tongatapu": {
                "_type": "zone",
                "exemplarCity": "Тонгатапу"
              },
              "Funafuti": {
                "_type": "zone",
                "exemplarCity": "Фунафути"
              },
              "Midway": {
                "_type": "zone",
                "exemplarCity": "о-ва Мидуэй"
              },
              "Wake": {
                "_type": "zone",
                "exemplarCity": "Уэйк"
              },
              "Efate": {
                "_type": "zone",
                "exemplarCity": "Эфате"
              },
              "Wallis": {
                "_type": "zone",
                "exemplarCity": "Уоллис"
              },
              "Apia": {
                "_type": "zone",
                "exemplarCity": "Апиа"
              }
            },
            "Etc": {
              "UTC": {
                "_type": "zone",
                "long": {
                  "standard": "Всемирное координированное время"
                },
                "short": {
                  "standard": "UTC"
                }
              },
              "Unknown": {
                "_type": "zone",
                "exemplarCity": "Неизвестный город"
              }
            },
            "Europe": {
              "Andorra": {
                "_type": "zone",
                "exemplarCity": "Андорра"
              },
              "Tirane": {
                "_type": "zone",
                "exemplarCity": "Тирана"
              },
              "Vienna": {
                "_type": "zone",
                "exemplarCity": "Вена"
              },
              "Mariehamn": {
                "_type": "zone",
                "exemplarCity": "Мариехамн"
              },
              "Sarajevo": {
                "_type": "zone",
                "exemplarCity": "Сараево"
              },
              "Brussels": {
                "_type": "zone",
                "exemplarCity": "Брюссель"
              },
              "Sofia": {
                "_type": "zone",
                "exemplarCity": "София"
              },
              "Minsk": {
                "_type": "zone",
                "exemplarCity": "Минск"
              },
              "Zurich": {
                "_type": "zone",
                "exemplarCity": "Цюрих"
              },
              "Prague": {
                "_type": "zone",
                "exemplarCity": "Прага"
              },
              "Busingen": {
                "_type": "zone",
                "exemplarCity": "Бюзинген-на-Верхнем-Рейне"
              },
              "Berlin": {
                "_type": "zone",
                "exemplarCity": "Берлин"
              },
              "Copenhagen": {
                "_type": "zone",
                "exemplarCity": "Копенгаген"
              },
              "Tallinn": {
                "_type": "zone",
                "exemplarCity": "Таллин"
              },
              "Madrid": {
                "_type": "zone",
                "exemplarCity": "Мадрид"
              },
              "Helsinki": {
                "_type": "zone",
                "exemplarCity": "Хельсинки"
              },
              "Paris": {
                "_type": "zone",
                "exemplarCity": "Париж"
              },
              "London": {
                "_type": "zone",
                "long": {
                  "daylight": "Великобритания, летнее время"
                },
                "exemplarCity": "Лондон"
              },
              "Guernsey": {
                "_type": "zone",
                "exemplarCity": "Гернси"
              },
              "Gibraltar": {
                "_type": "zone",
                "exemplarCity": "Гибралтар"
              },
              "Athens": {
                "_type": "zone",
                "exemplarCity": "Афины"
              },
              "Zagreb": {
                "_type": "zone",
                "exemplarCity": "Загреб"
              },
              "Budapest": {
                "_type": "zone",
                "exemplarCity": "Будапешт"
              },
              "Dublin": {
                "_type": "zone",
                "long": {
                  "daylight": "Ирландия, стандартное время"
                },
                "exemplarCity": "Дублин"
              },
              "Isle_of_Man": {
                "_type": "zone",
                "exemplarCity": "о-в Мэн"
              },
              "Rome": {
                "_type": "zone",
                "exemplarCity": "Рим"
              },
              "Jersey": {
                "_type": "zone",
                "exemplarCity": "Джерси"
              },
              "Vaduz": {
                "_type": "zone",
                "exemplarCity": "Вадуц"
              },
              "Vilnius": {
                "_type": "zone",
                "exemplarCity": "Вильнюс"
              },
              "Luxembourg": {
                "_type": "zone",
                "exemplarCity": "Люксембург"
              },
              "Riga": {
                "_type": "zone",
                "exemplarCity": "Рига"
              },
              "Monaco": {
                "_type": "zone",
                "exemplarCity": "Монако"
              },
              "Chisinau": {
                "_type": "zone",
                "exemplarCity": "Кишинев"
              },
              "Podgorica": {
                "_type": "zone",
                "exemplarCity": "Подгорица"
              },
              "Skopje": {
                "_type": "zone",
                "exemplarCity": "Скопье"
              },
              "Malta": {
                "_type": "zone",
                "exemplarCity": "Мальта"
              },
              "Amsterdam": {
                "_type": "zone",
                "exemplarCity": "Амстердам"
              },
              "Oslo": {
                "_type": "zone",
                "exemplarCity": "Осло"
              },
              "Warsaw": {
                "_type": "zone",
                "exemplarCity": "Варшава"
              },
              "Lisbon": {
                "_type": "zone",
                "exemplarCity": "Лиссабон"
              },
              "Bucharest": {
                "_type": "zone",
                "exemplarCity": "Бухарест"
              },
              "Belgrade": {
                "_type": "zone",
                "exemplarCity": "Белград"
              },
              "Kaliningrad": {
                "_type": "zone",
                "exemplarCity": "Калининград"
              },
              "Moscow": {
                "_type": "zone",
                "exemplarCity": "Москва"
              },
              "Volgograd": {
                "_type": "zone",
                "exemplarCity": "Волгоград"
              },
              "Saratov": {
                "_type": "zone",
                "exemplarCity": "Саратов"
              },
              "Astrakhan": {
                "_type": "zone",
                "exemplarCity": "Астрахань"
              },
              "Ulyanovsk": {
                "_type": "zone",
                "exemplarCity": "Ульяновск"
              },
              "Kirov": {
                "_type": "zone",
                "exemplarCity": "Киров"
              },
              "Samara": {
                "_type": "zone",
                "exemplarCity": "Самара"
              },
              "Stockholm": {
                "_type": "zone",
                "exemplarCity": "Стокгольм"
              },
              "Ljubljana": {
                "_type": "zone",
                "exemplarCity": "Любляна"
              },
              "Bratislava": {
                "_type": "zone",
                "exemplarCity": "Братислава"
              },
              "San_Marino": {
                "_type": "zone",
                "exemplarCity": "Сан-Марино"
              },
              "Istanbul": {
                "_type": "zone",
                "exemplarCity": "Стамбул"
              },
              "Kiev": {
                "_type": "zone",
                "exemplarCity": "Киев"
              },
              "Simferopol": {
                "_type": "zone",
                "exemplarCity": "Симферополь"
              },
              "Vatican": {
                "_type": "zone",
                "exemplarCity": "Ватикан"
              }
            },
            "Asia": {
              "Dubai": {
                "_type": "zone",
                "exemplarCity": "Дубай"
              },
              "Kabul": {
                "_type": "zone",
                "exemplarCity": "Кабул"
              },
              "Yerevan": {
                "_type": "zone",
                "exemplarCity": "Ереван"
              },
              "Baku": {
                "_type": "zone",
                "exemplarCity": "Баку"
              },
              "Dhaka": {
                "_type": "zone",
                "exemplarCity": "Дакка"
              },
              "Bahrain": {
                "_type": "zone",
                "exemplarCity": "Бахрейн"
              },
              "Brunei": {
                "_type": "zone",
                "exemplarCity": "Бруней"
              },
              "Thimphu": {
                "_type": "zone",
                "exemplarCity": "Тхимпху"
              },
              "Urumqi": {
                "_type": "zone",
                "exemplarCity": "Урумчи"
              },
              "Shanghai": {
                "_type": "zone",
                "exemplarCity": "Шанхай"
              },
              "Nicosia": {
                "_type": "zone",
                "exemplarCity": "Никосия"
              },
              "Famagusta": {
                "_type": "zone",
                "exemplarCity": "Фамагуста"
              },
              "Tbilisi": {
                "_type": "zone",
                "exemplarCity": "Тбилиси"
              },
              "Hong_Kong": {
                "_type": "zone",
                "exemplarCity": "Гонконг"
              },
              "Jakarta": {
                "_type": "zone",
                "exemplarCity": "Джакарта"
              },
              "Pontianak": {
                "_type": "zone",
                "exemplarCity": "Понтианак"
              },
              "Makassar": {
                "_type": "zone",
                "exemplarCity": "Макасар"
              },
              "Jayapura": {
                "_type": "zone",
                "exemplarCity": "Джаяпура"
              },
              "Jerusalem": {
                "_type": "zone",
                "exemplarCity": "Иерусалим"
              },
              "Calcutta": {
                "_type": "zone",
                "exemplarCity": "Калькутта"
              },
              "Baghdad": {
                "_type": "zone",
                "exemplarCity": "Багдад"
              },
              "Tehran": {
                "_type": "zone",
                "exemplarCity": "Тегеран"
              },
              "Amman": {
                "_type": "zone",
                "exemplarCity": "Амман"
              },
              "Tokyo": {
                "_type": "zone",
                "exemplarCity": "Токио"
              },
              "Bishkek": {
                "_type": "zone",
                "exemplarCity": "Бишкек"
              },
              "Phnom_Penh": {
                "_type": "zone",
                "exemplarCity": "Пномпень"
              },
              "Pyongyang": {
                "_type": "zone",
                "exemplarCity": "Пхеньян"
              },
              "Seoul": {
                "_type": "zone",
                "exemplarCity": "Сеул"
              },
              "Kuwait": {
                "_type": "zone",
                "exemplarCity": "Кувейт"
              },
              "Aqtau": {
                "_type": "zone",
                "exemplarCity": "Актау"
              },
              "Oral": {
                "_type": "zone",
                "exemplarCity": "Уральск"
              },
              "Atyrau": {
                "_type": "zone",
                "exemplarCity": "Атырау"
              },
              "Aqtobe": {
                "_type": "zone",
                "exemplarCity": "Актобе"
              },
              "Qostanay": {
                "_type": "zone",
                "exemplarCity": "Костанай"
              },
              "Qyzylorda": {
                "_type": "zone",
                "exemplarCity": "Кызылорда"
              },
              "Almaty": {
                "_type": "zone",
                "exemplarCity": "Алматы"
              },
              "Vientiane": {
                "_type": "zone",
                "exemplarCity": "Вьентьян"
              },
              "Beirut": {
                "_type": "zone",
                "exemplarCity": "Бейрут"
              },
              "Colombo": {
                "_type": "zone",
                "exemplarCity": "Коломбо"
              },
              "Rangoon": {
                "_type": "zone",
                "exemplarCity": "Янгон"
              },
              "Hovd": {
                "_type": "zone",
                "exemplarCity": "Ховд"
              },
              "Ulaanbaatar": {
                "_type": "zone",
                "exemplarCity": "Улан-Батор"
              },
              "Macau": {
                "_type": "zone",
                "exemplarCity": "Макао"
              },
              "Kuala_Lumpur": {
                "_type": "zone",
                "exemplarCity": "Куала-Лумпур"
              },
              "Kuching": {
                "_type": "zone",
                "exemplarCity": "Кучинг"
              },
              "Katmandu": {
                "_type": "zone",
                "exemplarCity": "Катманду"
              },
              "Muscat": {
                "_type": "zone",
                "exemplarCity": "Маскат"
              },
              "Manila": {
                "_type": "zone",
                "exemplarCity": "Манила"
              },
              "Karachi": {
                "_type": "zone",
                "exemplarCity": "Карачи"
              },
              "Gaza": {
                "_type": "zone",
                "exemplarCity": "Газа"
              },
              "Hebron": {
                "_type": "zone",
                "exemplarCity": "Хеврон"
              },
              "Qatar": {
                "_type": "zone",
                "exemplarCity": "Катар"
              },
              "Yekaterinburg": {
                "_type": "zone",
                "exemplarCity": "Екатеринбург"
              },
              "Omsk": {
                "_type": "zone",
                "exemplarCity": "Омск"
              },
              "Novosibirsk": {
                "_type": "zone",
                "exemplarCity": "Новосибирск"
              },
              "Barnaul": {
                "_type": "zone",
                "exemplarCity": "Барнаул"
              },
              "Tomsk": {
                "_type": "zone",
                "exemplarCity": "Томск"
              },
              "Novokuznetsk": {
                "_type": "zone",
                "exemplarCity": "Новокузнецк"
              },
              "Krasnoyarsk": {
                "_type": "zone",
                "exemplarCity": "Красноярск"
              },
              "Irkutsk": {
                "_type": "zone",
                "exemplarCity": "Иркутск"
              },
              "Chita": {
                "_type": "zone",
                "exemplarCity": "Чита"
              },
              "Yakutsk": {
                "_type": "zone",
                "exemplarCity": "Якутск"
              },
              "Vladivostok": {
                "_type": "zone",
                "exemplarCity": "Владивосток"
              },
              "Khandyga": {
                "_type": "zone",
                "exemplarCity": "Хандыга"
              },
              "Sakhalin": {
                "_type": "zone",
                "exemplarCity": "о-в Сахалин"
              },
              "Ust-Nera": {
                "_type": "zone",
                "exemplarCity": "Усть-Нера"
              },
              "Magadan": {
                "_type": "zone",
                "exemplarCity": "Магадан"
              },
              "Srednekolymsk": {
                "_type": "zone",
                "exemplarCity": "Среднеколымск"
              },
              "Kamchatka": {
                "_type": "zone",
                "exemplarCity": "Петропавловск-Камчатский"
              },
              "Anadyr": {
                "_type": "zone",
                "exemplarCity": "Анадырь"
              },
              "Riyadh": {
                "_type": "zone",
                "exemplarCity": "Эр-Рияд"
              },
              "Singapore": {
                "_type": "zone",
                "exemplarCity": "Сингапур"
              },
              "Damascus": {
                "_type": "zone",
                "exemplarCity": "Дамаск"
              },
              "Bangkok": {
                "_type": "zone",
                "exemplarCity": "Бангкок"
              },
              "Dushanbe": {
                "_type": "zone",
                "exemplarCity": "Душанбе"
              },
              "Dili": {
                "_type": "zone",
                "exemplarCity": "Дили"
              },
              "Ashgabat": {
                "_type": "zone",
                "exemplarCity": "Ашхабад"
              },
              "Taipei": {
                "_type": "zone",
                "exemplarCity": "Тайбэй"
              },
              "Samarkand": {
                "_type": "zone",
                "exemplarCity": "Самарканд"
              },
              "Tashkent": {
                "_type": "zone",
                "exemplarCity": "Ташкент"
              },
              "Saigon": {
                "_type": "zone",
                "exemplarCity": "Хошимин"
              },
              "Aden": {
                "_type": "zone",
                "exemplarCity": "Аден"
              }
            },
            "America": {
              "Antigua": {
                "_type": "zone",
                "exemplarCity": "Антигуа"
              },
              "Anguilla": {
                "_type": "zone",
                "exemplarCity": "Ангилья"
              },
              "Argentina": {
                "Rio_Gallegos": {
                  "_type": "zone",
                  "exemplarCity": "Рио-Гальегос"
                },
                "San_Juan": {
                  "_type": "zone",
                  "exemplarCity": "Сан-Хуан"
                },
                "Ushuaia": {
                  "_type": "zone",
                  "exemplarCity": "Ушуая"
                },
                "La_Rioja": {
                  "_type": "zone",
                  "exemplarCity": "Ла-Риоха"
                },
                "San_Luis": {
                  "_type": "zone",
                  "exemplarCity": "Сан-Луис"
                },
                "Salta": {
                  "_type": "zone",
                  "exemplarCity": "Сальта"
                },
                "Tucuman": {
                  "_type": "zone",
                  "exemplarCity": "Тукуман"
                }
              },
              "Mendoza": {
                "_type": "zone",
                "exemplarCity": "Мендоса"
              },
              "Catamarca": {
                "_type": "zone",
                "exemplarCity": "Катамарка"
              },
              "Jujuy": {
                "_type": "zone",
                "exemplarCity": "Жужуй"
              },
              "Cordoba": {
                "_type": "zone",
                "exemplarCity": "Кордова"
              },
              "Buenos_Aires": {
                "_type": "zone",
                "exemplarCity": "Буэнос-Айрес"
              },
              "Aruba": {
                "_type": "zone",
                "exemplarCity": "Аруба"
              },
              "Barbados": {
                "_type": "zone",
                "exemplarCity": "Барбадос"
              },
              "St_Barthelemy": {
                "_type": "zone",
                "exemplarCity": "Сен-Бартелеми"
              },
              "La_Paz": {
                "_type": "zone",
                "exemplarCity": "Ла-Пас"
              },
              "Kralendijk": {
                "_type": "zone",
                "exemplarCity": "Кралендейк"
              },
              "Eirunepe": {
                "_type": "zone",
                "exemplarCity": "Эйрунепе"
              },
              "Rio_Branco": {
                "_type": "zone",
                "exemplarCity": "Риу-Бранку"
              },
              "Porto_Velho": {
                "_type": "zone",
                "exemplarCity": "Порту-Велью"
              },
              "Boa_Vista": {
                "_type": "zone",
                "exemplarCity": "Боа-Виста"
              },
              "Manaus": {
                "_type": "zone",
                "exemplarCity": "Манаус"
              },
              "Cuiaba": {
                "_type": "zone",
                "exemplarCity": "Куяба"
              },
              "Santarem": {
                "_type": "zone",
                "exemplarCity": "Сантарен"
              },
              "Campo_Grande": {
                "_type": "zone",
                "exemplarCity": "Кампу-Гранди"
              },
              "Belem": {
                "_type": "zone",
                "exemplarCity": "Белен"
              },
              "Araguaina": {
                "_type": "zone",
                "exemplarCity": "Арагуаина"
              },
              "Sao_Paulo": {
                "_type": "zone",
                "exemplarCity": "Сан-Паулу"
              },
              "Bahia": {
                "_type": "zone",
                "exemplarCity": "Баия"
              },
              "Fortaleza": {
                "_type": "zone",
                "exemplarCity": "Форталеза"
              },
              "Maceio": {
                "_type": "zone",
                "exemplarCity": "Масейо"
              },
              "Recife": {
                "_type": "zone",
                "exemplarCity": "Ресифи"
              },
              "Noronha": {
                "_type": "zone",
                "exemplarCity": "Норонья"
              },
              "Nassau": {
                "_type": "zone",
                "exemplarCity": "Нассау"
              },
              "Belize": {
                "_type": "zone",
                "exemplarCity": "Белиз"
              },
              "Dawson": {
                "_type": "zone",
                "exemplarCity": "Доусон"
              },
              "Whitehorse": {
                "_type": "zone",
                "exemplarCity": "Уайтхорс"
              },
              "Inuvik": {
                "_type": "zone",
                "exemplarCity": "Инувик"
              },
              "Vancouver": {
                "_type": "zone",
                "exemplarCity": "Ванкувер"
              },
              "Fort_Nelson": {
                "_type": "zone",
                "exemplarCity": "Форт Нельсон"
              },
              "Dawson_Creek": {
                "_type": "zone",
                "exemplarCity": "Доусон-Крик"
              },
              "Creston": {
                "_type": "zone",
                "exemplarCity": "Крестон"
              },
              "Edmonton": {
                "_type": "zone",
                "exemplarCity": "Эдмонтон"
              },
              "Swift_Current": {
                "_type": "zone",
                "exemplarCity": "Свифт-Керрент"
              },
              "Cambridge_Bay": {
                "_type": "zone",
                "exemplarCity": "Кеймбридж-Бей"
              },
              "Regina": {
                "_type": "zone",
                "exemplarCity": "Реджайна"
              },
              "Winnipeg": {
                "_type": "zone",
                "exemplarCity": "Виннипег"
              },
              "Resolute": {
                "_type": "zone",
                "exemplarCity": "Резольют"
              },
              "Rankin_Inlet": {
                "_type": "zone",
                "exemplarCity": "Ранкин-Инлет"
              },
              "Coral_Harbour": {
                "_type": "zone",
                "exemplarCity": "Корал-Харбор"
              },
              "Toronto": {
                "_type": "zone",
                "exemplarCity": "Торонто"
              },
              "Iqaluit": {
                "_type": "zone",
                "exemplarCity": "Икалуит"
              },
              "Moncton": {
                "_type": "zone",
                "exemplarCity": "Монктон"
              },
              "Halifax": {
                "_type": "zone",
                "exemplarCity": "Галифакс"
              },
              "Goose_Bay": {
                "_type": "zone",
                "exemplarCity": "Гус-Бей"
              },
              "Glace_Bay": {
                "_type": "zone",
                "exemplarCity": "Глейс-Бей"
              },
              "Blanc-Sablon": {
                "_type": "zone",
                "exemplarCity": "Бланк-Саблон"
              },
              "St_Johns": {
                "_type": "zone",
                "exemplarCity": "Сент-Джонс"
              },
              "Coyhaique": {
                "_type": "zone",
                "exemplarCity": "Койайке"
              },
              "Punta_Arenas": {
                "_type": "zone",
                "exemplarCity": "Пунта-Аренас"
              },
              "Santiago": {
                "_type": "zone",
                "exemplarCity": "Сантьяго"
              },
              "Bogota": {
                "_type": "zone",
                "exemplarCity": "Богота"
              },
              "Costa_Rica": {
                "_type": "zone",
                "exemplarCity": "Коста-Рика"
              },
              "Havana": {
                "_type": "zone",
                "exemplarCity": "Гавана"
              },
              "Curacao": {
                "_type": "zone",
                "exemplarCity": "Кюрасао"
              },
              "Dominica": {
                "_type": "zone",
                "exemplarCity": "Доминика"
              },
              "Santo_Domingo": {
                "_type": "zone",
                "exemplarCity": "Санто-Доминго"
              },
              "Guayaquil": {
                "_type": "zone",
                "exemplarCity": "Гуаякиль"
              },
              "Grenada": {
                "_type": "zone",
                "exemplarCity": "Гренада"
              },
              "Cayenne": {
                "_type": "zone",
                "exemplarCity": "Кайенна"
              },
              "Thule": {
                "_type": "zone",
                "exemplarCity": "Туле"
              },
              "Godthab": {
                "_type": "zone",
                "exemplarCity": "Нуук"
              },
              "Scoresbysund": {
                "_type": "zone",
                "exemplarCity": "Скорсбисунн"
              },
              "Danmarkshavn": {
                "_type": "zone",
                "exemplarCity": "Денмарксхавн"
              },
              "Guadeloupe": {
                "_type": "zone",
                "exemplarCity": "Гваделупа"
              },
              "Guatemala": {
                "_type": "zone",
                "exemplarCity": "Гватемала"
              },
              "Guyana": {
                "_type": "zone",
                "exemplarCity": "Гайана"
              },
              "Tegucigalpa": {
                "_type": "zone",
                "exemplarCity": "Тегусигальпа"
              },
              "Port-au-Prince": {
                "_type": "zone",
                "exemplarCity": "Порт-о-Пренс"
              },
              "Jamaica": {
                "_type": "zone",
                "exemplarCity": "Ямайка"
              },
              "St_Kitts": {
                "_type": "zone",
                "exemplarCity": "Сент-Китс"
              },
              "Cayman": {
                "_type": "zone",
                "exemplarCity": "Острова Кайман"
              },
              "St_Lucia": {
                "_type": "zone",
                "exemplarCity": "Сент-Люсия"
              },
              "Marigot": {
                "_type": "zone",
                "exemplarCity": "Мариго"
              },
              "Martinique": {
                "_type": "zone",
                "exemplarCity": "Мартиника"
              },
              "Montserrat": {
                "_type": "zone",
                "exemplarCity": "Монтсеррат"
              },
              "Tijuana": {
                "_type": "zone",
                "exemplarCity": "Тихуана"
              },
              "Hermosillo": {
                "_type": "zone",
                "exemplarCity": "Эрмосильо"
              },
              "Ciudad_Juarez": {
                "_type": "zone",
                "exemplarCity": "Сьюдад-Хуарес"
              },
              "Mazatlan": {
                "_type": "zone",
                "exemplarCity": "Масатлан"
              },
              "Chihuahua": {
                "_type": "zone",
                "exemplarCity": "Чиуауа"
              },
              "Bahia_Banderas": {
                "_type": "zone",
                "exemplarCity": "Баия-де-Бандерас"
              },
              "Ojinaga": {
                "_type": "zone",
                "exemplarCity": "Охинага"
              },
              "Monterrey": {
                "_type": "zone",
                "exemplarCity": "Монтеррей"
              },
              "Mexico_City": {
                "_type": "zone",
                "exemplarCity": "Мехико"
              },
              "Matamoros": {
                "_type": "zone",
                "exemplarCity": "Матаморос"
              },
              "Merida": {
                "_type": "zone",
                "exemplarCity": "Мерида"
              },
              "Cancun": {
                "_type": "zone",
                "exemplarCity": "Канкун"
              },
              "Managua": {
                "_type": "zone",
                "exemplarCity": "Манагуа"
              },
              "Panama": {
                "_type": "zone",
                "exemplarCity": "Панама"
              },
              "Lima": {
                "_type": "zone",
                "exemplarCity": "Лима"
              },
              "Miquelon": {
                "_type": "zone",
                "exemplarCity": "Микелон"
              },
              "Puerto_Rico": {
                "_type": "zone",
                "exemplarCity": "Пуэрто-Рико"
              },
              "Asuncion": {
                "_type": "zone",
                "exemplarCity": "Асунсьон"
              },
              "Paramaribo": {
                "_type": "zone",
                "exemplarCity": "Парамарибо"
              },
              "El_Salvador": {
                "_type": "zone",
                "exemplarCity": "Сальвадор"
              },
              "Lower_Princes": {
                "_type": "zone",
                "exemplarCity": "Лоуэр-Принс-Куотер"
              },
              "Grand_Turk": {
                "_type": "zone",
                "exemplarCity": "Гранд-Терк"
              },
              "Port_of_Spain": {
                "_type": "zone",
                "exemplarCity": "Порт-оф-Спейн"
              },
              "Adak": {
                "_type": "zone",
                "exemplarCity": "Адак"
              },
              "Nome": {
                "_type": "zone",
                "exemplarCity": "Ном"
              },
              "Anchorage": {
                "_type": "zone",
                "exemplarCity": "Анкоридж"
              },
              "Yakutat": {
                "_type": "zone",
                "exemplarCity": "Якутат"
              },
              "Sitka": {
                "_type": "zone",
                "exemplarCity": "Ситка"
              },
              "Juneau": {
                "_type": "zone",
                "exemplarCity": "Джуно"
              },
              "Metlakatla": {
                "_type": "zone",
                "exemplarCity": "Метлакатла"
              },
              "Los_Angeles": {
                "_type": "zone",
                "exemplarCity": "Лос-Анджелес"
              },
              "Boise": {
                "_type": "zone",
                "exemplarCity": "Бойсе"
              },
              "Phoenix": {
                "_type": "zone",
                "exemplarCity": "Финикс"
              },
              "Denver": {
                "_type": "zone",
                "exemplarCity": "Денвер"
              },
              "North_Dakota": {
                "Beulah": {
                  "_type": "zone",
                  "exemplarCity": "Бойла, Северная Дакота"
                },
                "New_Salem": {
                  "_type": "zone",
                  "exemplarCity": "Нью-Сейлем, Северная Дакота"
                },
                "Center": {
                  "_type": "zone",
                  "exemplarCity": "Центр, Северная Дакота"
                }
              },
              "Chicago": {
                "_type": "zone",
                "exemplarCity": "Чикаго"
              },
              "Menominee": {
                "_type": "zone",
                "exemplarCity": "Меномини"
              },
              "Indiana": {
                "Vincennes": {
                  "_type": "zone",
                  "exemplarCity": "Винсеннес"
                },
                "Petersburg": {
                  "_type": "zone",
                  "exemplarCity": "Питерсберг, Индиана"
                },
                "Tell_City": {
                  "_type": "zone",
                  "exemplarCity": "Телл-Сити"
                },
                "Knox": {
                  "_type": "zone",
                  "exemplarCity": "Нокс, Индиана"
                },
                "Winamac": {
                  "_type": "zone",
                  "exemplarCity": "Уинамак"
                },
                "Marengo": {
                  "_type": "zone",
                  "exemplarCity": "Маренго, Индиана"
                },
                "Vevay": {
                  "_type": "zone",
                  "exemplarCity": "Вевей, Индиана"
                }
              },
              "Indianapolis": {
                "_type": "zone",
                "exemplarCity": "Индианаполис"
              },
              "Louisville": {
                "_type": "zone",
                "exemplarCity": "Луисвилл"
              },
              "Kentucky": {
                "Monticello": {
                  "_type": "zone",
                  "exemplarCity": "Монтиселло, Кентукки"
                }
              },
              "Detroit": {
                "_type": "zone",
                "exemplarCity": "Детройт"
              },
              "New_York": {
                "_type": "zone",
                "exemplarCity": "Нью-Йорк"
              },
              "Montevideo": {
                "_type": "zone",
                "exemplarCity": "Монтевидео"
              },
              "St_Vincent": {
                "_type": "zone",
                "exemplarCity": "Сент-Винсент"
              },
              "Caracas": {
                "_type": "zone",
                "exemplarCity": "Каракас"
              },
              "Tortola": {
                "_type": "zone",
                "exemplarCity": "Тортола"
              },
              "St_Thomas": {
                "_type": "zone",
                "exemplarCity": "Сент-Томас"
              }
            },
            "Africa": {
              "Luanda": {
                "_type": "zone",
                "exemplarCity": "Луанда"
              },
              "Ouagadougou": {
                "_type": "zone",
                "exemplarCity": "Уагадугу"
              },
              "Bujumbura": {
                "_type": "zone",
                "exemplarCity": "Бужумбура"
              },
              "Porto-Novo": {
                "_type": "zone",
                "exemplarCity": "Порто-Ново"
              },
              "Gaborone": {
                "_type": "zone",
                "exemplarCity": "Габороне"
              },
              "Kinshasa": {
                "_type": "zone",
                "exemplarCity": "Киншаса"
              },
              "Lubumbashi": {
                "_type": "zone",
                "exemplarCity": "Лубумбаши"
              },
              "Bangui": {
                "_type": "zone",
                "exemplarCity": "Банги"
              },
              "Brazzaville": {
                "_type": "zone",
                "exemplarCity": "Браззавиль"
              },
              "Abidjan": {
                "_type": "zone",
                "exemplarCity": "Абиджан"
              },
              "Douala": {
                "_type": "zone",
                "exemplarCity": "Дуала"
              },
              "Djibouti": {
                "_type": "zone",
                "exemplarCity": "Джибути"
              },
              "Algiers": {
                "_type": "zone",
                "exemplarCity": "Алжир"
              },
              "Cairo": {
                "_type": "zone",
                "exemplarCity": "Каир"
              },
              "El_Aaiun": {
                "_type": "zone",
                "exemplarCity": "Эль-Аюн"
              },
              "Asmera": {
                "_type": "zone",
                "exemplarCity": "Асмэра"
              },
              "Ceuta": {
                "_type": "zone",
                "exemplarCity": "Сеута"
              },
              "Addis_Ababa": {
                "_type": "zone",
                "exemplarCity": "Аддис-Абеба"
              },
              "Libreville": {
                "_type": "zone",
                "exemplarCity": "Либревиль"
              },
              "Accra": {
                "_type": "zone",
                "exemplarCity": "Аккра"
              },
              "Banjul": {
                "_type": "zone",
                "exemplarCity": "Банжул"
              },
              "Conakry": {
                "_type": "zone",
                "exemplarCity": "Конакри"
              },
              "Malabo": {
                "_type": "zone",
                "exemplarCity": "Малабо"
              },
              "Bissau": {
                "_type": "zone",
                "exemplarCity": "Бисау"
              },
              "Nairobi": {
                "_type": "zone",
                "exemplarCity": "Найроби"
              },
              "Monrovia": {
                "_type": "zone",
                "exemplarCity": "Монровия"
              },
              "Maseru": {
                "_type": "zone",
                "exemplarCity": "Масеру"
              },
              "Tripoli": {
                "_type": "zone",
                "exemplarCity": "Триполи"
              },
              "Casablanca": {
                "_type": "zone",
                "exemplarCity": "Касабланка"
              },
              "Bamako": {
                "_type": "zone",
                "exemplarCity": "Бамако"
              },
              "Nouakchott": {
                "_type": "zone",
                "exemplarCity": "Нуакшот"
              },
              "Blantyre": {
                "_type": "zone",
                "exemplarCity": "Блантайр"
              },
              "Maputo": {
                "_type": "zone",
                "exemplarCity": "Мапуту"
              },
              "Windhoek": {
                "_type": "zone",
                "exemplarCity": "Виндхук"
              },
              "Niamey": {
                "_type": "zone",
                "exemplarCity": "Ниамей"
              },
              "Lagos": {
                "_type": "zone",
                "exemplarCity": "Лагос"
              },
              "Kigali": {
                "_type": "zone",
                "exemplarCity": "Кигали"
              },
              "Khartoum": {
                "_type": "zone",
                "exemplarCity": "Хартум"
              },
              "Freetown": {
                "_type": "zone",
                "exemplarCity": "Фритаун"
              },
              "Dakar": {
                "_type": "zone",
                "exemplarCity": "Дакар"
              },
              "Mogadishu": {
                "_type": "zone",
                "exemplarCity": "Могадишо"
              },
              "Juba": {
                "_type": "zone",
                "exemplarCity": "Джуба"
              },
              "Sao_Tome": {
                "_type": "zone",
                "exemplarCity": "Сан-Томе"
              },
              "Mbabane": {
                "_type": "zone",
                "exemplarCity": "Мбабане"
              },
              "Ndjamena": {
                "_type": "zone",
                "exemplarCity": "Нджамена"
              },
              "Lome": {
                "_type": "zone",
                "exemplarCity": "Ломе"
              },
              "Tunis": {
                "_type": "zone",
                "exemplarCity": "Тунис"
              },
              "Dar_es_Salaam": {
                "_type": "zone",
                "exemplarCity": "Дар-эс-Салам"
              },
              "Kampala": {
                "_type": "zone",
                "exemplarCity": "Кампала"
              },
              "Johannesburg": {
                "_type": "zone",
                "exemplarCity": "Йоханнесбург"
              },
              "Lusaka": {
                "_type": "zone",
                "exemplarCity": "Лусака"
              },
              "Harare": {
                "_type": "zone",
                "exemplarCity": "Хараре"
              }
            },
            "Antarctica": {
              "Rothera": {
                "_type": "zone",
                "exemplarCity": "Ротера"
              },
              "Palmer": {
                "_type": "zone",
                "exemplarCity": "Палмер"
              },
              "Troll": {
                "_type": "zone",
                "exemplarCity": "Тролль"
              },
              "Syowa": {
                "_type": "zone",
                "exemplarCity": "Сёва"
              },
              "Mawson": {
                "_type": "zone",
                "exemplarCity": "Моусон"
              },
              "Davis": {
                "_type": "zone",
                "exemplarCity": "Дейвис"
              },
              "Vostok": {
                "_type": "zone",
                "exemplarCity": "Восток"
              },
              "Casey": {
                "_type": "zone",
                "exemplarCity": "Кейси"
              },
              "DumontDUrville": {
                "_type": "zone",
                "exemplarCity": "Дюмон-д’Юрвиль"
              },
              "McMurdo": {
                "_type": "zone",
                "exemplarCity": "Мак-Мердо"
              },
              "Macquarie": {
                "_type": "zone",
                "exemplarCity": "Маккуори"
              }
            },
            "Australia": {
              "Perth": {
                "_type": "zone",
                "exemplarCity": "Перт"
              },
              "Eucla": {
                "_type": "zone",
                "exemplarCity": "Юкла"
              },
              "Darwin": {
                "_type": "zone",
                "exemplarCity": "Дарвин"
              },
              "Adelaide": {
                "_type": "zone",
                "exemplarCity": "Аделаида"
              },
              "Broken_Hill": {
                "_type": "zone",
                "exemplarCity": "Брокен-Хилл"
              },
              "Melbourne": {
                "_type": "zone",
                "exemplarCity": "Мельбурн"
              },
              "Hobart": {
                "_type": "zone",
                "exemplarCity": "Хобарт"
              },
              "Lindeman": {
                "_type": "zone",
                "exemplarCity": "Линдеман"
              },
              "Sydney": {
                "_type": "zone",
                "exemplarCity": "Сидней"
              },
              "Brisbane": {
                "_type": "zone",
                "exemplarCity": "Брисбен"
              },
              "Lord_Howe": {
                "_type": "zone",
                "exemplarCity": "Лорд-Хау"
              }
            },
            "Atlantic": {
              "Bermuda": {
                "_type": "zone",
                "exemplarCity": "Бермудские о-ва"
              },
              "Cape_Verde": {
                "_type": "zone",
                "exemplarCity": "Кабо-Верде"
              },
              "Canary": {
                "_type": "zone",
                "exemplarCity": "Канарские о-ва"
              },
              "Stanley": {
                "_type": "zone",
                "exemplarCity": "Стэнли"
              },
              "Faeroe": {
                "_type": "zone",
                "exemplarCity": "Фарерские о-ва"
              },
              "South_Georgia": {
                "_type": "zone",
                "exemplarCity": "Южная Георгия"
              },
              "Reykjavik": {
                "_type": "zone",
                "exemplarCity": "Рейкьявик"
              },
              "Azores": {
                "_type": "zone",
                "exemplarCity": "Азорские о-ва"
              },
              "Madeira": {
                "_type": "zone",
                "exemplarCity": "Мадейра"
              },
              "St_Helena": {
                "_type": "zone",
                "exemplarCity": "о-в Святой Елены"
              }
            },
            "Indian": {
              "Cocos": {
                "_type": "zone",
                "exemplarCity": "Кокосовые о-ва"
              },
              "Christmas": {
                "_type": "zone",
                "exemplarCity": "о-в Рождества"
              },
              "Chagos": {
                "_type": "zone",
                "exemplarCity": "Чагос"
              },
              "Comoro": {
                "_type": "zone",
                "exemplarCity": "Коморы"
              },
              "Antananarivo": {
                "_type": "zone",
                "exemplarCity": "Антананариву"
              },
              "Mauritius": {
                "_type": "zone",
                "exemplarCity": "Маврикий"
              },
              "Maldives": {
                "_type": "zone",
                "exemplarCity": "Мальдивы"
              },
              "Reunion": {
                "_type": "zone",
                "exemplarCity": "Реюньон"
              },
              "Mahe": {
                "_type": "zone",
                "exemplarCity": "Маэ"
              },
              "Kerguelen": {
                "_type": "zone",
                "exemplarCity": "Кергелен"
              },
              "Mayotte": {
                "_type": "zone",
                "exemplarCity": "Майотта"
              }
            },
            "Arctic": {
              "Longyearbyen": {
                "_type": "zone",
                "exemplarCity": "Лонгйир"
              }
            }
          },
          "metazone": {
            "Acre": {
              "long": {
                "generic": "Акри время",
                "standard": "Акри стандартное время",
                "daylight": "Акри летнее время"
              }
            },
            "Afghanistan": {
              "long": {
                "standard": "Афганистан"
              }
            },
            "Africa_Central": {
              "long": {
                "standard": "Центральная Африка"
              }
            },
            "Africa_Eastern": {
              "long": {
                "standard": "Восточная Африка"
              }
            },
            "Africa_Southern": {
              "long": {
                "standard": "Южная Африка"
              }
            },
            "Africa_Western": {
              "long": {
                "standard": "Западная Африка"
              }
            },
            "Alaska": {
              "long": {
                "generic": "Аляска",
                "standard": "Аляска, стандартное время",
                "daylight": "Аляска, летнее время"
              }
            },
            "Almaty": {
              "long": {
                "generic": "Алма-Ата время",
                "standard": "Алма-Ата стандартное время",
                "daylight": "Алма-Ата летнее время"
              }
            },
            "Amazon": {
              "long": {
                "generic": "Амазонка",
                "standard": "Амазонка, стандартное время",
                "daylight": "Амазонка, летнее время"
              }
            },
            "America_Central": {
              "long": {
                "generic": "Центральная Америка",
                "standard": "Центральная Америка, стандартное время",
                "daylight": "Центральная Америка, летнее время"
              }
            },
            "America_Eastern": {
              "long": {
                "generic": "Восточная Америка",
                "standard": "Восточная Америка, стандартное время",
                "daylight": "Восточная Америка, летнее время"
              }
            },
            "America_Mountain": {
              "long": {
                "generic": "Горное время (Северная Америка)",
                "standard": "Стандартное горное время (Северная Америка)",
                "daylight": "Летнее горное время (Северная Америка)"
              }
            },
            "America_Pacific": {
              "long": {
                "generic": "Тихоокеанское время",
                "standard": "Тихоокеанское стандартное время",
                "daylight": "Тихоокеанское летнее время"
              }
            },
            "Anadyr": {
              "long": {
                "generic": "Время по Анадырю",
                "standard": "Анадырь стандартное время",
                "daylight": "Анадырь летнее время"
              }
            },
            "Apia": {
              "long": {
                "generic": "Апиа",
                "standard": "Апиа, стандартное время",
                "daylight": "Апиа, летнее время"
              }
            },
            "Aqtau": {
              "long": {
                "generic": "Актау время",
                "standard": "Актау, стандартное время",
                "daylight": "Актау летнее время"
              }
            },
            "Aqtobe": {
              "long": {
                "generic": "Актобе время",
                "standard": "Актобе стандартное время",
                "daylight": "Актобе летнее время"
              }
            },
            "Arabian": {
              "long": {
                "generic": "Саудовская Аравия",
                "standard": "Саудовская Аравия, стандартное время",
                "daylight": "Саудовская Аравия, летнее время"
              }
            },
            "Argentina": {
              "long": {
                "generic": "Аргентина",
                "standard": "Аргентина, стандартное время",
                "daylight": "Аргентина, летнее время"
              }
            },
            "Argentina_Western": {
              "long": {
                "generic": "Западная Аргентина",
                "standard": "Западная Аргентина, стандартное время",
                "daylight": "Западная Аргентина, летнее время"
              }
            },
            "Armenia": {
              "long": {
                "generic": "Армения",
                "standard": "Армения, стандартное время",
                "daylight": "Армения, летнее время"
              }
            },
            "Atlantic": {
              "long": {
                "generic": "Атлантическое время",
                "standard": "Атлантическое стандартное время",
                "daylight": "Атлантическое летнее время"
              }
            },
            "Australia_Central": {
              "long": {
                "generic": "Центральная Австралия",
                "standard": "Центральная Австралия, стандартное время",
                "daylight": "Центральная Австралия, летнее время"
              }
            },
            "Australia_CentralWestern": {
              "long": {
                "generic": "Центральная Австралия, западное время",
                "standard": "Центральная Австралия, западное стандартное время",
                "daylight": "Центральная Австралия, западное летнее время"
              }
            },
            "Australia_Eastern": {
              "long": {
                "generic": "Восточная Австралия",
                "standard": "Восточная Австралия, стандартное время",
                "daylight": "Восточная Австралия, летнее время"
              }
            },
            "Australia_Western": {
              "long": {
                "generic": "Западная Австралия",
                "standard": "Западная Австралия, стандартное время",
                "daylight": "Западная Австралия, летнее время"
              }
            },
            "Azerbaijan": {
              "long": {
                "generic": "Азербайджан",
                "standard": "Азербайджан, стандартное время",
                "daylight": "Азербайджан, летнее время"
              }
            },
            "Azores": {
              "long": {
                "generic": "Азорские о-ва",
                "standard": "Азорские о-ва, стандартное время",
                "daylight": "Азорские о-ва, летнее время"
              }
            },
            "Bangladesh": {
              "long": {
                "generic": "Бангладеш",
                "standard": "Бангладеш, стандартное время",
                "daylight": "Бангладеш, летнее время"
              }
            },
            "Bhutan": {
              "long": {
                "standard": "Бутан"
              }
            },
            "Bolivia": {
              "long": {
                "standard": "Боливия"
              }
            },
            "Brasilia": {
              "long": {
                "generic": "Бразилия",
                "standard": "Бразилия, стандартное время",
                "daylight": "Бразилия, летнее время"
              }
            },
            "Brunei": {
              "long": {
                "standard": "Бруней-Даруссалам"
              }
            },
            "Cape_Verde": {
              "long": {
                "generic": "Кабо-Верде",
                "standard": "Кабо-Верде, стандартное время",
                "daylight": "Кабо-Верде, летнее время"
              }
            },
            "Casey": {
              "long": {
                "standard": "Кейси"
              }
            },
            "Chamorro": {
              "long": {
                "standard": "Чаморро"
              }
            },
            "Chatham": {
              "long": {
                "generic": "Чатем",
                "standard": "Чатем, стандартное время",
                "daylight": "Чатем, летнее время"
              }
            },
            "Chile": {
              "long": {
                "generic": "Чили",
                "standard": "Чили, стандартное время",
                "daylight": "Чили, летнее время"
              }
            },
            "China": {
              "long": {
                "generic": "Китай",
                "standard": "Китай, стандартное время",
                "daylight": "Китай, летнее время"
              }
            },
            "Christmas": {
              "long": {
                "standard": "о-в Рождества"
              }
            },
            "Cocos": {
              "long": {
                "standard": "Кокосовые о-ва"
              }
            },
            "Colombia": {
              "long": {
                "generic": "Колумбия",
                "standard": "Колумбия, стандартное время",
                "daylight": "Колумбия, летнее время"
              }
            },
            "Cook": {
              "long": {
                "generic": "Острова Кука",
                "standard": "Острова Кука, стандартное время",
                "daylight": "Острова Кука, полулетнее время"
              }
            },
            "Cuba": {
              "long": {
                "generic": "Куба",
                "standard": "Куба, стандартное время",
                "daylight": "Куба, летнее время"
              }
            },
            "Davis": {
              "long": {
                "standard": "Дейвис"
              }
            },
            "DumontDUrville": {
              "long": {
                "standard": "Дюмон-д’Юрвиль"
              }
            },
            "East_Timor": {
              "long": {
                "standard": "Восточный Тимор"
              }
            },
            "Easter": {
              "long": {
                "generic": "О-в Пасхи",
                "standard": "О-в Пасхи, стандартное время",
                "daylight": "О-в Пасхи, летнее время"
              }
            },
            "Ecuador": {
              "long": {
                "standard": "Эквадор"
              }
            },
            "Europe_Central": {
              "long": {
                "generic": "Центральная Европа",
                "standard": "Центральная Европа, стандартное время",
                "daylight": "Центральная Европа, летнее время"
              }
            },
            "Europe_Eastern": {
              "long": {
                "generic": "Восточная Европа",
                "standard": "Восточная Европа, стандартное время",
                "daylight": "Восточная Европа, летнее время"
              }
            },
            "Europe_Further_Eastern": {
              "long": {
                "standard": "Московское время"
              }
            },
            "Europe_Western": {
              "long": {
                "generic": "Западная Европа",
                "standard": "Западная Европа, стандартное время",
                "daylight": "Западная Европа, летнее время"
              }
            },
            "Falkland": {
              "long": {
                "generic": "Фолклендские о-ва",
                "standard": "Фолклендские о-ва, стандартное время",
                "daylight": "Фолклендские о-ва, летнее время"
              }
            },
            "Fiji": {
              "long": {
                "generic": "Фиджи",
                "standard": "Фиджи, стандартное время",
                "daylight": "Фиджи, летнее время"
              }
            },
            "French_Guiana": {
              "long": {
                "standard": "Французская Гвиана"
              }
            },
            "French_Southern": {
              "long": {
                "standard": "Французские Южные и Антарктические территории"
              }
            },
            "Galapagos": {
              "long": {
                "standard": "Галапагосские о-ва"
              }
            },
            "Gambier": {
              "long": {
                "standard": "Гамбье"
              }
            },
            "Georgia": {
              "long": {
                "generic": "Грузия",
                "standard": "Грузия, стандартное время",
                "daylight": "Грузия, летнее время"
              }
            },
            "Gilbert_Islands": {
              "long": {
                "standard": "о-ва Гилберта"
              }
            },
            "GMT": {
              "long": {
                "standard": "Среднее время по Гринвичу"
              }
            },
            "Greenland_Eastern": {
              "long": {
                "generic": "Восточная Гренландия",
                "standard": "Восточная Гренландия, стандарное время",
                "daylight": "Восточная Гренландия, летнее время"
              }
            },
            "Greenland_Western": {
              "long": {
                "generic": "Западная Гренландия",
                "standard": "Западная Гренландия, стандартное время",
                "daylight": "Западная Гренландия, летнее время"
              }
            },
            "Guam": {
              "long": {
                "standard": "Гуам"
              }
            },
            "Gulf": {
              "long": {
                "standard": "Персидский залив"
              }
            },
            "Guyana": {
              "long": {
                "standard": "Гайана"
              }
            },
            "Hawaii": {
              "long": {
                "standard": "Гавайско-алеутское стандартное время"
              }
            },
            "Hawaii_Aleutian": {
              "long": {
                "generic": "Гавайско-алеутское время",
                "standard": "Гавайско-алеутское стандартное время",
                "daylight": "Гавайско-алеутское летнее время"
              }
            },
            "Hong_Kong": {
              "long": {
                "generic": "Гонконг",
                "standard": "Гонконг, стандартное время",
                "daylight": "Гонконг, летнее время"
              }
            },
            "Hovd": {
              "long": {
                "generic": "Ховд",
                "standard": "Ховд, стандартное время",
                "daylight": "Ховд, летнее время"
              }
            },
            "India": {
              "long": {
                "standard": "Индия"
              }
            },
            "Indian_Ocean": {
              "long": {
                "standard": "Индийский океан"
              }
            },
            "Indochina": {
              "long": {
                "standard": "Индокитай"
              }
            },
            "Indonesia_Central": {
              "long": {
                "standard": "Центральная Индонезия"
              }
            },
            "Indonesia_Eastern": {
              "long": {
                "standard": "Восточная Индонезия"
              }
            },
            "Indonesia_Western": {
              "long": {
                "standard": "Западная Индонезия"
              }
            },
            "Iran": {
              "long": {
                "generic": "Иран",
                "standard": "Иран, стандартное время",
                "daylight": "Иран, летнее время"
              }
            },
            "Irkutsk": {
              "long": {
                "generic": "Иркутск",
                "standard": "Иркутск, стандартное время",
                "daylight": "Иркутск, летнее время"
              }
            },
            "Israel": {
              "long": {
                "generic": "Израиль",
                "standard": "Израиль, стандартное время",
                "daylight": "Израиль, летнее время"
              }
            },
            "Japan": {
              "long": {
                "generic": "Япония",
                "standard": "Япония, стандартное время",
                "daylight": "Япония, летнее время"
              }
            },
            "Kamchatka": {
              "long": {
                "generic": "Петропавловск-Камчатский",
                "standard": "Петропавловск-Камчатский, стандартное время",
                "daylight": "Петропавловск-Камчатский, летнее время"
              }
            },
            "Kazakhstan": {
              "long": {
                "standard": "Казахстан"
              }
            },
            "Kazakhstan_Eastern": {
              "long": {
                "standard": "Восточный Казахстан"
              }
            },
            "Kazakhstan_Western": {
              "long": {
                "standard": "Западный Казахстан"
              }
            },
            "Korea": {
              "long": {
                "generic": "Корея",
                "standard": "Корея, стандартное время",
                "daylight": "Корея, летнее время"
              }
            },
            "Kosrae": {
              "long": {
                "standard": "Косрае"
              }
            },
            "Krasnoyarsk": {
              "long": {
                "generic": "Красноярск",
                "standard": "Красноярск, стандартное время",
                "daylight": "Красноярск, летнее время"
              }
            },
            "Kyrgystan": {
              "long": {
                "standard": "Киргизия"
              }
            },
            "Lanka": {
              "long": {
                "standard": "Шри-Ланка"
              }
            },
            "Line_Islands": {
              "long": {
                "standard": "о-ва Лайн"
              }
            },
            "Lord_Howe": {
              "long": {
                "generic": "Лорд-Хау",
                "standard": "Лорд-Хау, стандартное время",
                "daylight": "Лорд-Хау, летнее время"
              }
            },
            "Macau": {
              "long": {
                "generic": "Макао",
                "standard": "Макао, стандартное время",
                "daylight": "Макао, летнее время"
              }
            },
            "Magadan": {
              "long": {
                "generic": "Магадан",
                "standard": "Магадан, стандартное время",
                "daylight": "Магадан, летнее время"
              }
            },
            "Malaysia": {
              "long": {
                "standard": "Малайзия"
              }
            },
            "Maldives": {
              "long": {
                "standard": "Мальдивы"
              }
            },
            "Marquesas": {
              "long": {
                "standard": "Маркизские о-ва"
              }
            },
            "Marshall_Islands": {
              "long": {
                "standard": "Маршалловы Острова"
              }
            },
            "Mauritius": {
              "long": {
                "generic": "Маврикий",
                "standard": "Маврикий, стандартное время",
                "daylight": "Маврикий, летнее время"
              }
            },
            "Mawson": {
              "long": {
                "standard": "Моусон"
              }
            },
            "Mexico_Pacific": {
              "long": {
                "generic": "Тихоокеанское мексиканское время",
                "standard": "Тихоокеанское мексиканское стандартное время",
                "daylight": "Тихоокеанское мексиканское летнее время"
              }
            },
            "Mongolia": {
              "long": {
                "generic": "Улан-Батор",
                "standard": "Улан-Батор, стандартное время",
                "daylight": "Улан-Батор, летнее время"
              }
            },
            "Moscow": {
              "long": {
                "generic": "Москва",
                "standard": "Москва, стандартное время",
                "daylight": "Москва, летнее время"
              }
            },
            "Myanmar": {
              "long": {
                "standard": "Мьянма"
              }
            },
            "Nauru": {
              "long": {
                "standard": "Науру"
              }
            },
            "Nepal": {
              "long": {
                "standard": "Непал"
              }
            },
            "New_Caledonia": {
              "long": {
                "generic": "Новая Каледония",
                "standard": "Новая Каледония, стандартное время",
                "daylight": "Новая Каледония, летнее время"
              }
            },
            "New_Zealand": {
              "long": {
                "generic": "Новая Зеландия",
                "standard": "Новая Зеландия, стандартное время",
                "daylight": "Новая Зеландия, летнее время"
              }
            },
            "Newfoundland": {
              "long": {
                "generic": "Ньюфаундленд",
                "standard": "Ньюфаундленд, стандартное время",
                "daylight": "Ньюфаундленд, летнее время"
              }
            },
            "Niue": {
              "long": {
                "standard": "Ниуэ"
              }
            },
            "Norfolk": {
              "long": {
                "generic": "Норфолк",
                "standard": "Норфолк, стандартное время",
                "daylight": "Норфолк, летнее время"
              }
            },
            "Noronha": {
              "long": {
                "generic": "Фернанду-ди-Норонья",
                "standard": "Фернанду-ди-Норонья, стандартное время",
                "daylight": "Фернанду-ди-Норонья, летнее время"
              }
            },
            "North_Mariana": {
              "long": {
                "standard": "Северные Марианские о-ва"
              }
            },
            "Novosibirsk": {
              "long": {
                "generic": "Новосибирск",
                "standard": "Новосибирск, стандартное время",
                "daylight": "Новосибирск, летнее время"
              }
            },
            "Omsk": {
              "long": {
                "generic": "Омск",
                "standard": "Омск, стандартное время",
                "daylight": "Омск, летнее время"
              }
            },
            "Pakistan": {
              "long": {
                "generic": "Пакистан",
                "standard": "Пакистан, стандартное время",
                "daylight": "Пакистан, летнее время"
              }
            },
            "Palau": {
              "long": {
                "standard": "Палау"
              }
            },
            "Papua_New_Guinea": {
              "long": {
                "standard": "Папуа – Новая Гвинея"
              }
            },
            "Paraguay": {
              "long": {
                "generic": "Парагвай",
                "standard": "Парагвай, стандартное время",
                "daylight": "Парагвай, летнее время"
              }
            },
            "Peru": {
              "long": {
                "generic": "Перу",
                "standard": "Перу, стандартное время",
                "daylight": "Перу, летнее время"
              }
            },
            "Philippines": {
              "long": {
                "generic": "Филиппины",
                "standard": "Филиппины, стандартное время",
                "daylight": "Филиппины, летнее время"
              }
            },
            "Phoenix_Islands": {
              "long": {
                "standard": "о-ва Феникс"
              }
            },
            "Pierre_Miquelon": {
              "long": {
                "generic": "Сен-Пьер и Микелон",
                "standard": "Сен-Пьер и Микелон, стандартное время",
                "daylight": "Сен-Пьер и Микелон, летнее время"
              }
            },
            "Pitcairn": {
              "long": {
                "standard": "Питкэрн"
              }
            },
            "Ponape": {
              "long": {
                "standard": "Понпеи"
              }
            },
            "Pyongyang": {
              "long": {
                "standard": "Пхеньян"
              }
            },
            "Qyzylorda": {
              "long": {
                "generic": "Кызылорда*",
                "standard": "Кызылорда, стандартное время*",
                "daylight": "Кызылорда, летнее время*"
              }
            },
            "Reunion": {
              "long": {
                "standard": "Реюньон"
              }
            },
            "Rothera": {
              "long": {
                "standard": "Ротера"
              }
            },
            "Sakhalin": {
              "long": {
                "generic": "Сахалин",
                "standard": "Сахалин, стандартное время",
                "daylight": "Сахалин, летнее время"
              }
            },
            "Samara": {
              "long": {
                "generic": "Время в Самаре",
                "standard": "Самарское стандартное время",
                "daylight": "Самарское летнее время"
              }
            },
            "Samoa": {
              "long": {
                "generic": "Самоа",
                "standard": "Самоа, стандартное время",
                "daylight": "Самоа, летнее время"
              }
            },
            "Seychelles": {
              "long": {
                "standard": "Сейшельские Острова"
              }
            },
            "Singapore": {
              "long": {
                "standard": "Сингапур"
              }
            },
            "Solomon": {
              "long": {
                "standard": "Соломоновы Острова"
              }
            },
            "South_Georgia": {
              "long": {
                "standard": "Южная Георгия"
              }
            },
            "Suriname": {
              "long": {
                "standard": "Суринам"
              }
            },
            "Syowa": {
              "long": {
                "standard": "Сёва"
              }
            },
            "Tahiti": {
              "long": {
                "standard": "Таити"
              }
            },
            "Taipei": {
              "long": {
                "generic": "Тайвань",
                "standard": "Тайвань, стандартное время",
                "daylight": "Тайвань, летнее время"
              }
            },
            "Tajikistan": {
              "long": {
                "standard": "Таджикистан"
              }
            },
            "Tokelau": {
              "long": {
                "standard": "Токелау"
              }
            },
            "Tonga": {
              "long": {
                "generic": "Тонга",
                "standard": "Тонга, стандартное время",
                "daylight": "Тонга, летнее время"
              }
            },
            "Truk": {
              "long": {
                "standard": "Трук"
              }
            },
            "Turkey": {
              "long": {
                "generic": "Турецкое время",
                "standard": "Турецкое стандартное время",
                "daylight": "Турецкое летнее время"
              }
            },
            "Turkmenistan": {
              "long": {
                "generic": "Туркменистан",
                "standard": "Туркменистан, стандартное время",
                "daylight": "Туркменистан, летнее время"
              }
            },
            "Tuvalu": {
              "long": {
                "standard": "Тувалу"
              }
            },
            "Uruguay": {
              "long": {
                "generic": "Уругвай",
                "standard": "Уругвай, стандартное время",
                "daylight": "Уругвай, летнее время"
              }
            },
            "Uzbekistan": {
              "long": {
                "generic": "Узбекистан",
                "standard": "Узбекистан, стандартное время",
                "daylight": "Узбекистан, летнее время"
              }
            },
            "Vanuatu": {
              "long": {
                "generic": "Вануату",
                "standard": "Вануату, стандартное время",
                "daylight": "Вануату, летнее время"
              }
            },
            "Venezuela": {
              "long": {
                "standard": "Венесуэла"
              }
            },
            "Vladivostok": {
              "long": {
                "generic": "Владивосток",
                "standard": "Владивосток, стандартное время",
                "daylight": "Владивосток, летнее время"
              }
            },
            "Volgograd": {
              "long": {
                "generic": "Волгоград",
                "standard": "Волгоград, стандартное время",
                "daylight": "Волгоград, летнее время"
              }
            },
            "Vostok": {
              "long": {
                "standard": "Восток"
              }
            },
            "Wake": {
              "long": {
                "standard": "Уэйк"
              }
            },
            "Wallis": {
              "long": {
                "standard": "Уоллис и Футуна"
              }
            },
            "Yakutsk": {
              "long": {
                "generic": "Якутск",
                "standard": "Якутск, стандартное время",
                "daylight": "Якутск, летнее время"
              }
            },
            "Yekaterinburg": {
              "long": {
                "generic": "Екатеринбург",
                "standard": "Екатеринбург, стандартное время",
                "daylight": "Екатеринбург, летнее время"
              }
            },
            "Yukon": {
              "long": {
                "standard": "Юкон"
              }
            }
          }
        }
      }
    }
  }
}
