{
  "main": {
    "fil": {
      "identity": {
        "version": {
          "_cldrVersion": "42"
        },
        "language": "fil"
      },
      "dates": {
        "timeZoneNames": {
          "hourFormat": "+HH:mm;-HH:mm",
          "gmtFormat": "GMT{0}",
          "gmtZeroFormat": "GMT",
          "regionFormat": "Oras sa {0}",
          "regionFormat-type-daylight": "Daylight Time ng {0}",
          "regionFormat-type-standard": "Standard na Oras sa {0}",
          "fallbackFormat": "{1} ({0})",
          "zone": {
            "America": {
              "Adak": {
                "exemplarCity": "Adak"
              },
              "Anchorage": {
                "exemplarCity": "Anchorage"
              },
              "Anguilla": {
                "exemplarCity": "Anguilla"
              },
              "Antigua": {
                "exemplarCity": "Antigua"
              },
              "Araguaina": {
                "exemplarCity": "Araguaina"
              },
              "Argentina": {
                "Rio_Gallegos": {
                  "exemplarCity": "Rio Gallegos"
                },
                "San_Juan": {
                  "exemplarCity": "San Juan"
                },
                "Ushuaia": {
                  "exemplarCity": "Ushuaia"
                },
                "La_Rioja": {
                  "exemplarCity": "La Rioja"
                },
                "San_Luis": {
                  "exemplarCity": "San Luis"
                },
                "Salta": {
                  "exemplarCity": "Salta"
                },
                "Tucuman": {
                  "exemplarCity": "Tucuman"
                }
              },
              "Aruba": {
                "exemplarCity": "Aruba"
              },
              "Asuncion": {
                "exemplarCity": "Asunción"
              },
              "Bahia": {
                "exemplarCity": "Bahia"
              },
              "Bahia_Banderas": {
                "exemplarCity": "Bahia Banderas"
              },
              "Barbados": {
                "exemplarCity": "Barbados"
              },
              "Belem": {
                "exemplarCity": "Belem"
              },
              "Belize": {
                "exemplarCity": "Belize"
              },
              "Blanc-Sablon": {
                "exemplarCity": "Blanc-Sablon"
              },
              "Boa_Vista": {
                "exemplarCity": "Boa Vista"
              },
              "Bogota": {
                "exemplarCity": "Bogota"
              },
              "Boise": {
                "exemplarCity": "Boise"
              },
              "Buenos_Aires": {
                "exemplarCity": "Buenos Aires"
              },
              "Cambridge_Bay": {
                "exemplarCity": "Cambridge Bay"
              },
              "Campo_Grande": {
                "exemplarCity": "Campo Grande"
              },
              "Cancun": {
                "exemplarCity": "Cancun"
              },
              "Caracas": {
                "exemplarCity": "Caracas"
              },
              "Catamarca": {
                "exemplarCity": "Catamarca"
              },
              "Cayenne": {
                "exemplarCity": "Cayenne"
              },
              "Cayman": {
                "exemplarCity": "Cayman"
              },
              "Chicago": {
                "exemplarCity": "Chicago"
              },
              "Chihuahua": {
                "exemplarCity": "Chihuahua"
              },
              "Coral_Harbour": {
                "exemplarCity": "Atikokan"
              },
              "Cordoba": {
                "exemplarCity": "Cordoba"
              },
              "Costa_Rica": {
                "exemplarCity": "Costa Rica"
              },
              "Creston": {
                "exemplarCity": "Creston"
              },
              "Cuiaba": {
                "exemplarCity": "Cuiaba"
              },
              "Curacao": {
                "exemplarCity": "Curacao"
              },
              "Danmarkshavn": {
                "exemplarCity": "Danmarkshavn"
              },
              "Dawson": {
                "exemplarCity": "Dawson"
              },
              "Dawson_Creek": {
                "exemplarCity": "Dawson Creek"
              },
              "Denver": {
                "exemplarCity": "Denver"
              },
              "Detroit": {
                "exemplarCity": "Detroit"
              },
              "Dominica": {
                "exemplarCity": "Dominica"
              },
              "Edmonton": {
                "exemplarCity": "Edmonton"
              },
              "Eirunepe": {
                "exemplarCity": "Eirunepe"
              },
              "El_Salvador": {
                "exemplarCity": "El Salvador"
              },
              "Fort_Nelson": {
                "exemplarCity": "Fort Nelson"
              },
              "Fortaleza": {
                "exemplarCity": "Fortaleza"
              },
              "Glace_Bay": {
                "exemplarCity": "Glace Bay"
              },
              "Godthab": {
                "exemplarCity": "Nuuk"
              },
              "Goose_Bay": {
                "exemplarCity": "Goose Bay"
              },
              "Grand_Turk": {
                "exemplarCity": "Grand Turk"
              },
              "Grenada": {
                "exemplarCity": "Grenada"
              },
              "Guadeloupe": {
                "exemplarCity": "Guadeloupe"
              },
              "Guatemala": {
                "exemplarCity": "Guatemala"
              },
              "Guayaquil": {
                "exemplarCity": "Guayaquil"
              },
              "Guyana": {
                "exemplarCity": "Guyana"
              },
              "Halifax": {
                "exemplarCity": "Halifax"
              },
              "Havana": {
                "exemplarCity": "Havana"
              },
              "Hermosillo": {
                "exemplarCity": "Hermosillo"
              },
              "Indiana": {
                "Vincennes": {
                  "exemplarCity": "Vincennes, Indiana"
                },
                "Petersburg": {
                  "exemplarCity": "Petersburg, Indiana"
                },
                "Tell_City": {
                  "exemplarCity": "Tell City, Indiana"
                },
                "Knox": {
                  "exemplarCity": "Knox, Indiana"
                },
                "Winamac": {
                  "exemplarCity": "Winamac, Indiana"
                },
                "Marengo": {
                  "exemplarCity": "Marengo, Indiana"
                },
                "Vevay": {
                  "exemplarCity": "Vevay, Indiana"
                }
              },
              "Indianapolis": {
                "exemplarCity": "Indianapolis"
              },
              "Inuvik": {
                "exemplarCity": "Inuvik"
              },
              "Iqaluit": {
                "exemplarCity": "Iqaluit"
              },
              "Jamaica": {
                "exemplarCity": "Jamaica"
              },
              "Jujuy": {
                "exemplarCity": "Jujuy"
              },
              "Juneau": {
                "exemplarCity": "Juneau"
              },
              "Kentucky": {
                "Monticello": {
                  "exemplarCity": "Monticello, Kentucky"
                }
              },
              "Kralendijk": {
                "exemplarCity": "Kralendijk"
              },
              "La_Paz": {
                "exemplarCity": "La Paz"
              },
              "Lima": {
                "exemplarCity": "Lima"
              },
              "Los_Angeles": {
                "exemplarCity": "Los Angeles"
              },
              "Louisville": {
                "exemplarCity": "Louisville"
              },
              "Lower_Princes": {
                "exemplarCity": "Lower Prince’s Quarter"
              },
              "Maceio": {
                "exemplarCity": "Maceio"
              },
              "Managua": {
                "exemplarCity": "Managua"
              },
              "Manaus": {
                "exemplarCity": "Manaus"
              },
              "Marigot": {
                "exemplarCity": "Marigot"
              },
              "Martinique": {
                "exemplarCity": "Martinique"
              },
              "Matamoros": {
                "exemplarCity": "Matamoros"
              },
              "Mazatlan": {
                "exemplarCity": "Mazatlan"
              },
              "Mendoza": {
                "exemplarCity": "Mendoza"
              },
              "Menominee": {
                "exemplarCity": "Menominee"
              },
              "Merida": {
                "exemplarCity": "Merida"
              },
              "Metlakatla": {
                "exemplarCity": "Metlakatla"
              },
              "Mexico_City": {
                "exemplarCity": "Lungsod ng Mexico"
              },
              "Miquelon": {
                "exemplarCity": "Miquelon"
              },
              "Moncton": {
                "exemplarCity": "Moncton"
              },
              "Monterrey": {
                "exemplarCity": "Monterrey"
              },
              "Montevideo": {
                "exemplarCity": "Montevideo"
              },
              "Montserrat": {
                "exemplarCity": "Montserrat"
              },
              "Nassau": {
                "exemplarCity": "Nassau"
              },
              "New_York": {
                "exemplarCity": "New York"
              },
              "Nipigon": {
                "exemplarCity": "Nipigon"
              },
              "Nome": {
                "exemplarCity": "Nome"
              },
              "Noronha": {
                "exemplarCity": "Noronha"
              },
              "North_Dakota": {
                "Beulah": {
                  "exemplarCity": "Beulah, North Dakota"
                },
                "New_Salem": {
                  "exemplarCity": "New Salem, North Dakota"
                },
                "Center": {
                  "exemplarCity": "Center, North Dakota"
                }
              },
              "Ojinaga": {
                "exemplarCity": "Ojinaga"
              },
              "Panama": {
                "exemplarCity": "Panama"
              },
              "Pangnirtung": {
                "exemplarCity": "Pangnirtung"
              },
              "Paramaribo": {
                "exemplarCity": "Paramaribo"
              },
              "Phoenix": {
                "exemplarCity": "Phoenix"
              },
              "Port-au-Prince": {
                "exemplarCity": "Port-au-Prince"
              },
              "Port_of_Spain": {
                "exemplarCity": "Puwerto ng Espanya"
              },
              "Porto_Velho": {
                "exemplarCity": "Porto Velho"
              },
              "Puerto_Rico": {
                "exemplarCity": "Puerto Rico"
              },
              "Punta_Arenas": {
                "exemplarCity": "Punta Arenas"
              },
              "Rainy_River": {
                "exemplarCity": "Rainy River"
              },
              "Rankin_Inlet": {
                "exemplarCity": "Makipot na Look ng Rankin"
              },
              "Recife": {
                "exemplarCity": "Recife"
              },
              "Regina": {
                "exemplarCity": "Regina"
              },
              "Resolute": {
                "exemplarCity": "Resolute"
              },
              "Rio_Branco": {
                "exemplarCity": "Rio Branco"
              },
              "Santa_Isabel": {
                "exemplarCity": "Santa Isabel"
              },
              "Santarem": {
                "exemplarCity": "Santarem"
              },
              "Santiago": {
                "exemplarCity": "Santiago"
              },
              "Santo_Domingo": {
                "exemplarCity": "Santo Domingo"
              },
              "Sao_Paulo": {
                "exemplarCity": "Sao Paulo"
              },
              "Scoresbysund": {
                "exemplarCity": "Ittoqqortoormiit"
              },
              "Sitka": {
                "exemplarCity": "Sitka"
              },
              "St_Barthelemy": {
                "exemplarCity": "St. Barthélemy"
              },
              "St_Johns": {
                "exemplarCity": "St. John’s"
              },
              "St_Kitts": {
                "exemplarCity": "St. Kitts"
              },
              "St_Lucia": {
                "exemplarCity": "St. Lucia"
              },
              "St_Thomas": {
                "exemplarCity": "St. Thomas"
              },
              "St_Vincent": {
                "exemplarCity": "St. Vincent"
              },
              "Swift_Current": {
                "exemplarCity": "Swift Current"
              },
              "Tegucigalpa": {
                "exemplarCity": "Tegucigalpa"
              },
              "Thule": {
                "exemplarCity": "Thule"
              },
              "Thunder_Bay": {
                "exemplarCity": "Thunder Bay"
              },
              "Tijuana": {
                "exemplarCity": "Tijuana"
              },
              "Toronto": {
                "exemplarCity": "Toronto"
              },
              "Tortola": {
                "exemplarCity": "Tortola"
              },
              "Vancouver": {
                "exemplarCity": "Vancouver"
              },
              "Whitehorse": {
                "exemplarCity": "Whitehorse"
              },
              "Winnipeg": {
                "exemplarCity": "Winnipeg"
              },
              "Yakutat": {
                "exemplarCity": "Yakutat"
              },
              "Yellowknife": {
                "exemplarCity": "Yellowknife"
              }
            },
            "Atlantic": {
              "Azores": {
                "exemplarCity": "Azores"
              },
              "Bermuda": {
                "exemplarCity": "Bermuda"
              },
              "Canary": {
                "exemplarCity": "Canary"
              },
              "Cape_Verde": {
                "exemplarCity": "Cape Verde"
              },
              "Faeroe": {
                "exemplarCity": "Faroe"
              },
              "Madeira": {
                "exemplarCity": "Madeira"
              },
              "Reykjavik": {
                "exemplarCity": "Reykjavik"
              },
              "South_Georgia": {
                "exemplarCity": "South Georgia"
              },
              "St_Helena": {
                "exemplarCity": "St. Helena"
              },
              "Stanley": {
                "exemplarCity": "Stanley"
              }
            },
            "Europe": {
              "Amsterdam": {
                "exemplarCity": "Amsterdam"
              },
              "Andorra": {
                "exemplarCity": "Andorra"
              },
              "Astrakhan": {
                "exemplarCity": "Astrakhan"
              },
              "Athens": {
                "exemplarCity": "Athens"
              },
              "Belgrade": {
                "exemplarCity": "Belgrade"
              },
              "Berlin": {
                "exemplarCity": "Berlin"
              },
              "Bratislava": {
                "exemplarCity": "Bratislava"
              },
              "Brussels": {
                "exemplarCity": "Brussels"
              },
              "Bucharest": {
                "exemplarCity": "Bucharest"
              },
              "Budapest": {
                "exemplarCity": "Budapest"
              },
              "Busingen": {
                "exemplarCity": "Busingen"
              },
              "Chisinau": {
                "exemplarCity": "Chisinau"
              },
              "Copenhagen": {
                "exemplarCity": "Copenhagen"
              },
              "Dublin": {
                "long": {
                  "daylight": "Standard na Oras sa Ireland"
                },
                "exemplarCity": "Dublin"
              },
              "Gibraltar": {
                "exemplarCity": "Gibraltar"
              },
              "Guernsey": {
                "exemplarCity": "Guernsey"
              },
              "Helsinki": {
                "exemplarCity": "Helsinki"
              },
              "Isle_of_Man": {
                "exemplarCity": "Isle of Man"
              },
              "Istanbul": {
                "exemplarCity": "Istanbul"
              },
              "Jersey": {
                "exemplarCity": "Jersey"
              },
              "Kaliningrad": {
                "exemplarCity": "Kaliningrad"
              },
              "Kiev": {
                "exemplarCity": "Kiev"
              },
              "Kirov": {
                "exemplarCity": "Kirov"
              },
              "Lisbon": {
                "exemplarCity": "Lisbon"
              },
              "Ljubljana": {
                "exemplarCity": "Ljubljana"
              },
              "London": {
                "long": {
                  "daylight": "Oras sa Tag-init ng Britain"
                },
                "exemplarCity": "London"
              },
              "Luxembourg": {
                "exemplarCity": "Luxembourg"
              },
              "Madrid": {
                "exemplarCity": "Madrid"
              },
              "Malta": {
                "exemplarCity": "Malta"
              },
              "Mariehamn": {
                "exemplarCity": "Mariehamn"
              },
              "Minsk": {
                "exemplarCity": "Minsk"
              },
              "Monaco": {
                "exemplarCity": "Monaco"
              },
              "Moscow": {
                "exemplarCity": "Moscow"
              },
              "Oslo": {
                "exemplarCity": "Oslo"
              },
              "Paris": {
                "exemplarCity": "Paris"
              },
              "Podgorica": {
                "exemplarCity": "Podgorica"
              },
              "Prague": {
                "exemplarCity": "Prague"
              },
              "Riga": {
                "exemplarCity": "Riga"
              },
              "Rome": {
                "exemplarCity": "Rome"
              },
              "Samara": {
                "exemplarCity": "Samara"
              },
              "San_Marino": {
                "exemplarCity": "San Marino"
              },
              "Sarajevo": {
                "exemplarCity": "Sarajevo"
              },
              "Saratov": {
                "exemplarCity": "Saratov"
              },
              "Simferopol": {
                "exemplarCity": "Simferopol"
              },
              "Skopje": {
                "exemplarCity": "Skopje"
              },
              "Sofia": {
                "exemplarCity": "Sofia"
              },
              "Stockholm": {
                "exemplarCity": "Stockholm"
              },
              "Tallinn": {
                "exemplarCity": "Tallinn"
              },
              "Tirane": {
                "exemplarCity": "Tirane"
              },
              "Ulyanovsk": {
                "exemplarCity": "Ulyanovsk"
              },
              "Uzhgorod": {
                "exemplarCity": "Uzhgorod"
              },
              "Vaduz": {
                "exemplarCity": "Vaduz"
              },
              "Vatican": {
                "exemplarCity": "Vatican"
              },
              "Vienna": {
                "exemplarCity": "Vienna"
              },
              "Vilnius": {
                "exemplarCity": "Vilnius"
              },
              "Volgograd": {
                "exemplarCity": "Volgograd"
              },
              "Warsaw": {
                "exemplarCity": "Warsaw"
              },
              "Zagreb": {
                "exemplarCity": "Zagreb"
              },
              "Zaporozhye": {
                "exemplarCity": "Zaporozhye"
              },
              "Zurich": {
                "exemplarCity": "Zurich"
              }
            },
            "Africa": {
              "Abidjan": {
                "exemplarCity": "Abidjan"
              },
              "Accra": {
                "exemplarCity": "Accra"
              },
              "Addis_Ababa": {
                "exemplarCity": "Addis Ababa"
              },
              "Algiers": {
                "exemplarCity": "Algiers"
              },
              "Asmera": {
                "exemplarCity": "Asmara"
              },
              "Bamako": {
                "exemplarCity": "Bamako"
              },
              "Bangui": {
                "exemplarCity": "Bangui"
              },
              "Banjul": {
                "exemplarCity": "Banjul"
              },
              "Bissau": {
                "exemplarCity": "Bissau"
              },
              "Blantyre": {
                "exemplarCity": "Blantyre"
              },
              "Brazzaville": {
                "exemplarCity": "Brazzaville"
              },
              "Bujumbura": {
                "exemplarCity": "Bujumbura"
              },
              "Cairo": {
                "exemplarCity": "Cairo"
              },
              "Casablanca": {
                "exemplarCity": "Casablanca"
              },
              "Ceuta": {
                "exemplarCity": "Ceuta"
              },
              "Conakry": {
                "exemplarCity": "Conakry"
              },
              "Dakar": {
                "exemplarCity": "Dakar"
              },
              "Dar_es_Salaam": {
                "exemplarCity": "Dar es Salaam"
              },
              "Djibouti": {
                "exemplarCity": "Djibouti"
              },
              "Douala": {
                "exemplarCity": "Douala"
              },
              "El_Aaiun": {
                "exemplarCity": "El Aaiun"
              },
              "Freetown": {
                "exemplarCity": "Freetown"
              },
              "Gaborone": {
                "exemplarCity": "Gaborone"
              },
              "Harare": {
                "exemplarCity": "Harare"
              },
              "Johannesburg": {
                "exemplarCity": "Johannesburg"
              },
              "Juba": {
                "exemplarCity": "Juba"
              },
              "Kampala": {
                "exemplarCity": "Kampala"
              },
              "Khartoum": {
                "exemplarCity": "Khartoum"
              },
              "Kigali": {
                "exemplarCity": "Kigali"
              },
              "Kinshasa": {
                "exemplarCity": "Kinshasa"
              },
              "Lagos": {
                "exemplarCity": "Lagos"
              },
              "Libreville": {
                "exemplarCity": "Libreville"
              },
              "Lome": {
                "exemplarCity": "Lome"
              },
              "Luanda": {
                "exemplarCity": "Luanda"
              },
              "Lubumbashi": {
                "exemplarCity": "Lubumbashi"
              },
              "Lusaka": {
                "exemplarCity": "Lusaka"
              },
              "Malabo": {
                "exemplarCity": "Malabo"
              },
              "Maputo": {
                "exemplarCity": "Maputo"
              },
              "Maseru": {
                "exemplarCity": "Maseru"
              },
              "Mbabane": {
                "exemplarCity": "Mbabane"
              },
              "Mogadishu": {
                "exemplarCity": "Mogadishu"
              },
              "Monrovia": {
                "exemplarCity": "Monrovia"
              },
              "Nairobi": {
                "exemplarCity": "Nairobi"
              },
              "Ndjamena": {
                "exemplarCity": "Ndjamena"
              },
              "Niamey": {
                "exemplarCity": "Niamey"
              },
              "Nouakchott": {
                "exemplarCity": "Nouakchott"
              },
              "Ouagadougou": {
                "exemplarCity": "Ouagadougou"
              },
              "Porto-Novo": {
                "exemplarCity": "Porto-Novo"
              },
              "Sao_Tome": {
                "exemplarCity": "Sao Tome"
              },
              "Tripoli": {
                "exemplarCity": "Tripoli"
              },
              "Tunis": {
                "exemplarCity": "Tunis"
              },
              "Windhoek": {
                "exemplarCity": "Windhoek"
              }
            },
            "Asia": {
              "Aden": {
                "exemplarCity": "Aden"
              },
              "Almaty": {
                "exemplarCity": "Almaty"
              },
              "Amman": {
                "exemplarCity": "Amman"
              },
              "Anadyr": {
                "exemplarCity": "Anadyr"
              },
              "Aqtau": {
                "exemplarCity": "Aqtau"
              },
              "Aqtobe": {
                "exemplarCity": "Aqtobe"
              },
              "Ashgabat": {
                "exemplarCity": "Ashgabat"
              },
              "Atyrau": {
                "exemplarCity": "Atyrau"
              },
              "Baghdad": {
                "exemplarCity": "Baghdad"
              },
              "Bahrain": {
                "exemplarCity": "Bahrain"
              },
              "Baku": {
                "exemplarCity": "Baku"
              },
              "Bangkok": {
                "exemplarCity": "Bangkok"
              },
              "Barnaul": {
                "exemplarCity": "Barnaul"
              },
              "Beirut": {
                "exemplarCity": "Beirut"
              },
              "Bishkek": {
                "exemplarCity": "Bishkek"
              },
              "Brunei": {
                "exemplarCity": "Brunei"
              },
              "Calcutta": {
                "exemplarCity": "Kolkata"
              },
              "Chita": {
                "exemplarCity": "Chita"
              },
              "Choibalsan": {
                "exemplarCity": "Choibalsan"
              },
              "Colombo": {
                "exemplarCity": "Colombo"
              },
              "Damascus": {
                "exemplarCity": "Damascus"
              },
              "Dhaka": {
                "exemplarCity": "Dhaka"
              },
              "Dili": {
                "exemplarCity": "Dili"
              },
              "Dubai": {
                "exemplarCity": "Dubai"
              },
              "Dushanbe": {
                "exemplarCity": "Dushanbe"
              },
              "Famagusta": {
                "exemplarCity": "Famagusta"
              },
              "Gaza": {
                "exemplarCity": "Gaza"
              },
              "Hebron": {
                "exemplarCity": "Hebron"
              },
              "Hong_Kong": {
                "exemplarCity": "Hong Kong"
              },
              "Hovd": {
                "exemplarCity": "Hovd"
              },
              "Irkutsk": {
                "exemplarCity": "Irkutsk"
              },
              "Jakarta": {
                "exemplarCity": "Jakarta"
              },
              "Jayapura": {
                "exemplarCity": "Jayapura"
              },
              "Jerusalem": {
                "exemplarCity": "Jerusalem"
              },
              "Kabul": {
                "exemplarCity": "Kabul"
              },
              "Kamchatka": {
                "exemplarCity": "Kamchatka"
              },
              "Karachi": {
                "exemplarCity": "Karachi"
              },
              "Katmandu": {
                "exemplarCity": "Kathmandu"
              },
              "Khandyga": {
                "exemplarCity": "Khandyga"
              },
              "Krasnoyarsk": {
                "exemplarCity": "Krasnoyarsk"
              },
              "Kuala_Lumpur": {
                "exemplarCity": "Kuala Lumpur"
              },
              "Kuching": {
                "exemplarCity": "Kuching"
              },
              "Kuwait": {
                "exemplarCity": "Kuwait"
              },
              "Macau": {
                "exemplarCity": "Macau"
              },
              "Magadan": {
                "exemplarCity": "Magadan"
              },
              "Makassar": {
                "exemplarCity": "Makassar"
              },
              "Manila": {
                "exemplarCity": "Manila"
              },
              "Muscat": {
                "exemplarCity": "Muscat"
              },
              "Nicosia": {
                "exemplarCity": "Nicosia"
              },
              "Novokuznetsk": {
                "exemplarCity": "Novokuznetsk"
              },
              "Novosibirsk": {
                "exemplarCity": "Novosibirsk"
              },
              "Omsk": {
                "exemplarCity": "Omsk"
              },
              "Oral": {
                "exemplarCity": "Oral"
              },
              "Phnom_Penh": {
                "exemplarCity": "Phnom Penh"
              },
              "Pontianak": {
                "exemplarCity": "Pontianak"
              },
              "Pyongyang": {
                "exemplarCity": "Pyongyang"
              },
              "Qatar": {
                "exemplarCity": "Qatar"
              },
              "Qostanay": {
                "exemplarCity": "Kostanay"
              },
              "Qyzylorda": {
                "exemplarCity": "Qyzylorda"
              },
              "Rangoon": {
                "exemplarCity": "Rangoon"
              },
              "Riyadh": {
                "exemplarCity": "Riyadh"
              },
              "Saigon": {
                "exemplarCity": "Lungsod ng Ho Chi Minh"
              },
              "Sakhalin": {
                "exemplarCity": "Sakhalin"
              },
              "Samarkand": {
                "exemplarCity": "Samarkand"
              },
              "Seoul": {
                "exemplarCity": "Seoul"
              },
              "Shanghai": {
                "exemplarCity": "Shanghai"
              },
              "Singapore": {
                "exemplarCity": "Singapore"
              },
              "Srednekolymsk": {
                "exemplarCity": "Srednekolymsk"
              },
              "Taipei": {
                "exemplarCity": "Taipei"
              },
              "Tashkent": {
                "exemplarCity": "Tashkent"
              },
              "Tbilisi": {
                "exemplarCity": "Tbilisi"
              },
              "Tehran": {
                "exemplarCity": "Tehran"
              },
              "Thimphu": {
                "exemplarCity": "Thimphu"
              },
              "Tokyo": {
                "exemplarCity": "Tokyo"
              },
              "Tomsk": {
                "exemplarCity": "Tomsk"
              },
              "Ulaanbaatar": {
                "exemplarCity": "Ulaanbaatar"
              },
              "Urumqi": {
                "exemplarCity": "Urumqi"
              },
              "Ust-Nera": {
                "exemplarCity": "Ust-Nera"
              },
              "Vientiane": {
                "exemplarCity": "Vientiane"
              },
              "Vladivostok": {
                "exemplarCity": "Vladivostok"
              },
              "Yakutsk": {
                "exemplarCity": "Yakutsk"
              },
              "Yekaterinburg": {
                "exemplarCity": "Yekaterinburg"
              },
              "Yerevan": {
                "exemplarCity": "Yerevan"
              }
            },
            "Indian": {
              "Antananarivo": {
                "exemplarCity": "Antananarivo"
              },
              "Chagos": {
                "exemplarCity": "Chagos"
              },
              "Christmas": {
                "exemplarCity": "Christmas"
              },
              "Cocos": {
                "exemplarCity": "Cocos"
              },
              "Comoro": {
                "exemplarCity": "Comoro"
              },
              "Kerguelen": {
                "exemplarCity": "Kerguelen"
              },
              "Mahe": {
                "exemplarCity": "Mahe"
              },
              "Maldives": {
                "exemplarCity": "Maldives"
              },
              "Mauritius": {
                "exemplarCity": "Mauritius"
              },
              "Mayotte": {
                "exemplarCity": "Mayotte"
              },
              "Reunion": {
                "exemplarCity": "Réunion"
              }
            },
            "Australia": {
              "Adelaide": {
                "exemplarCity": "Adelaide"
              },
              "Brisbane": {
                "exemplarCity": "Brisbane"
              },
              "Broken_Hill": {
                "exemplarCity": "Broken Hill"
              },
              "Currie": {
                "exemplarCity": "Currie"
              },
              "Darwin": {
                "exemplarCity": "Darwin"
              },
              "Eucla": {
                "exemplarCity": "Eucla"
              },
              "Hobart": {
                "exemplarCity": "Hobart"
              },
              "Lindeman": {
                "exemplarCity": "Lindeman"
              },
              "Lord_Howe": {
                "exemplarCity": "Lord Howe"
              },
              "Melbourne": {
                "exemplarCity": "Melbourne"
              },
              "Perth": {
                "exemplarCity": "Perth"
              },
              "Sydney": {
                "exemplarCity": "Sydney"
              }
            },
            "Pacific": {
              "Apia": {
                "exemplarCity": "Apia"
              },
              "Auckland": {
                "exemplarCity": "Auckland"
              },
              "Bougainville": {
                "exemplarCity": "Bougainville"
              },
              "Chatham": {
                "exemplarCity": "Chatham"
              },
              "Easter": {
                "exemplarCity": "Easter"
              },
              "Efate": {
                "exemplarCity": "Efate"
              },
              "Enderbury": {
                "exemplarCity": "Enderbury"
              },
              "Fakaofo": {
                "exemplarCity": "Fakaofo"
              },
              "Fiji": {
                "exemplarCity": "Fiji"
              },
              "Funafuti": {
                "exemplarCity": "Funafuti"
              },
              "Galapagos": {
                "exemplarCity": "Galapagos"
              },
              "Gambier": {
                "exemplarCity": "Gambier"
              },
              "Guadalcanal": {
                "exemplarCity": "Guadalcanal"
              },
              "Guam": {
                "exemplarCity": "Guam"
              },
              "Honolulu": {
                "exemplarCity": "Honolulu"
              },
              "Johnston": {
                "exemplarCity": "Johnston"
              },
              "Kanton": {
                "exemplarCity": "Kanton"
              },
              "Kiritimati": {
                "exemplarCity": "Kiritimati"
              },
              "Kosrae": {
                "exemplarCity": "Kosrae"
              },
              "Kwajalein": {
                "exemplarCity": "Kwajalein"
              },
              "Majuro": {
                "exemplarCity": "Majuro"
              },
              "Marquesas": {
                "exemplarCity": "Marquesas"
              },
              "Midway": {
                "exemplarCity": "Midway"
              },
              "Nauru": {
                "exemplarCity": "Nauru"
              },
              "Niue": {
                "exemplarCity": "Niue"
              },
              "Norfolk": {
                "exemplarCity": "Norfolk"
              },
              "Noumea": {
                "exemplarCity": "Noumea"
              },
              "Pago_Pago": {
                "exemplarCity": "Pago Pago"
              },
              "Palau": {
                "exemplarCity": "Palau"
              },
              "Pitcairn": {
                "exemplarCity": "Pitcairn"
              },
              "Ponape": {
                "exemplarCity": "Pohnpei"
              },
              "Port_Moresby": {
                "exemplarCity": "Port Moresby"
              },
              "Rarotonga": {
                "exemplarCity": "Rarotonga"
              },
              "Saipan": {
                "exemplarCity": "Saipan"
              },
              "Tahiti": {
                "exemplarCity": "Tahiti"
              },
              "Tarawa": {
                "exemplarCity": "Tarawa"
              },
              "Tongatapu": {
                "exemplarCity": "Tongatapu"
              },
              "Truk": {
                "exemplarCity": "Chuuk"
              },
              "Wake": {
                "exemplarCity": "Wake"
              },
              "Wallis": {
                "exemplarCity": "Wallis"
              }
            },
            "Arctic": {
              "Longyearbyen": {
                "exemplarCity": "Longyearbyen"
              }
            },
            "Antarctica": {
              "Casey": {
                "exemplarCity": "Casey"
              },
              "Davis": {
                "exemplarCity": "Davis"
              },
              "DumontDUrville": {
                "exemplarCity": "Dumont d’Urville"
              },
              "Macquarie": {
                "exemplarCity": "Macquarie"
              },
              "Mawson": {
                "exemplarCity": "Mawson"
              },
              "McMurdo": {
                "exemplarCity": "McMurdo"
              },
              "Palmer": {
                "exemplarCity": "Palmer"
              },
              "Rothera": {
                "exemplarCity": "Rothera"
              },
              "Syowa": {
                "exemplarCity": "Syowa"
              },
              "Troll": {
                "exemplarCity": "Troll"
              },
              "Vostok": {
                "exemplarCity": "Vostok"
              }
            },
            "Etc": {
              "UTC": {
                "long": {
                  "standard": "Coordinated Universal Time"
                },
                "short": {
                  "standard": "UTC"
                }
              },
              "Unknown": {
                "exemplarCity": "Di-kilalang Lungsod"
              }
            }
          },
          "metazone": {
            "Afghanistan": {
              "long": {
                "standard": "Oras sa Afghanistan"
              }
            },
            "Africa_Central": {
              "long": {
                "standard": "Oras sa Gitnang Africa"
              }
            },
            "Africa_Eastern": {
              "long": {
                "standard": "Oras sa Silangang Africa"
              }
            },
            "Africa_Southern": {
              "long": {
                "standard": "Oras sa Timog Africa"
              }
            },
            "Africa_Western": {
              "long": {
                "generic": "Oras sa Kanlurang Africa",
                "standard": "Standard na Oras sa Kanlurang Africa",
                "daylight": "Oras sa Tag-init ng Kanlurang Africa"
              }
            },
            "Alaska": {
              "long": {
                "generic": "Oras sa Alaska",
                "standard": "Standard na Oras sa Alaska",
                "daylight": "Daylight Time sa Alaska"
              }
            },
            "Amazon": {
              "long": {
                "generic": "Oras sa Amazon",
                "standard": "Standard na Oras sa Amazon",
                "daylight": "Oras sa Tag-init ng Amazon"
              }
            },
            "America_Central": {
              "long": {
                "generic": "Sentral na Oras sa North America",
                "standard": "Sentral na Standard na Oras sa North America",
                "daylight": "Sentral na Daylight na Oras sa North America"
              }
            },
            "America_Eastern": {
              "long": {
                "generic": "Oras sa Silangan ng Hilagang Amerika",
                "standard": "Standard na Oras sa Silangan ng Hilangang Amerika",
                "daylight": "Daylight na Oras sa Silangan ng Hilagang Amerika"
              }
            },
            "America_Mountain": {
              "long": {
                "generic": "Oras sa Bundok sa Hilagang Amerika",
                "standard": "Standard na Oras sa Bundok sa Hilagang Amerika",
                "daylight": "Daylight na Oras sa Bundok sa Hilagang Amerika"
              }
            },
            "America_Pacific": {
              "long": {
                "generic": "Oras sa Pasipiko sa HIlagang Amerika",
                "standard": "Standard na Oras sa Pasipiko sa Hilagang Amerika",
                "daylight": "Daylight na Oras sa Pasipiko sa Hilagang Amerika"
              }
            },
            "Anadyr": {
              "long": {
                "generic": "Oras sa Anadyr",
                "standard": "Standard Time sa Anadyr",
                "daylight": "Summer Time sa Anadyr"
              }
            },
            "Apia": {
              "long": {
                "generic": "Oras sa Apia",
                "standard": "Standard na Oras sa Apia",
                "daylight": "Daylight Time sa Apia"
              }
            },
            "Arabian": {
              "long": {
                "generic": "Oras sa Arabia",
                "standard": "Standard na Oras sa Arabia",
                "daylight": "Daylight Time sa Arabia"
              }
            },
            "Argentina": {
              "long": {
                "generic": "Oras sa Argentina",
                "standard": "Standard na Oras sa Argentina",
                "daylight": "Oras sa Tag-init ng Argentina"
              }
            },
            "Argentina_Western": {
              "long": {
                "generic": "Oras sa Kanlurang Argentina",
                "standard": "Standard na Oras sa Kanlurang Argentina",
                "daylight": "Oras sa Tag-init ng Kanlurang Argentina"
              }
            },
            "Armenia": {
              "long": {
                "generic": "Oras sa Armenia",
                "standard": "Standard na Oras sa Armenia",
                "daylight": "Oras sa Tag-init ng Armenia"
              }
            },
            "Atlantic": {
              "long": {
                "generic": "Oras sa Atlantiko",
                "standard": "Standard na Oras sa Atlantiko",
                "daylight": "Daylight na Oras sa Atlantiko"
              }
            },
            "Australia_Central": {
              "long": {
                "generic": "Oras sa Gitnang Australya",
                "standard": "Standard na Oras sa Gitnang Australya",
                "daylight": "Daylight Time sa Gitnang Australya"
              }
            },
            "Australia_CentralWestern": {
              "long": {
                "generic": "Oras ng Gitnang Kanluran ng Australya",
                "standard": "Standard Time ng Gitnang Kanluran ng Australya",
                "daylight": "Daylight Time sa Gitnang Kanlurang Australya"
              }
            },
            "Australia_Eastern": {
              "long": {
                "generic": "Oras sa Silangang Australya",
                "standard": "Standard na Oras sa Silangang Australya",
                "daylight": "Daylight Time sa Silangang Australya"
              }
            },
            "Australia_Western": {
              "long": {
                "generic": "Oras sa Kanlurang Australya",
                "standard": "Standard na Oras sa Kanlurang Australya",
                "daylight": "Daylight Time sa Kanlurang Australya"
              }
            },
            "Azerbaijan": {
              "long": {
                "generic": "Oras sa Azerbaijan",
                "standard": "Standard na Oras sa Azerbaijan",
                "daylight": "Oras sa Tag-init ng Azerbaijan"
              }
            },
            "Azores": {
              "long": {
                "generic": "Oras sa Azores",
                "standard": "Standard na Oras sa Azores",
                "daylight": "Oras sa Tag-init ng Azores"
              }
            },
            "Bangladesh": {
              "long": {
                "generic": "Oras sa Bangladesh",
                "standard": "Standard na Oras sa Bangladesh",
                "daylight": "Oras sa Tag-init ng Bangladesh"
              }
            },
            "Bhutan": {
              "long": {
                "standard": "Oras sa Bhutan"
              }
            },
            "Bolivia": {
              "long": {
                "standard": "Oras sa Bolivia"
              }
            },
            "Brasilia": {
              "long": {
                "generic": "Oras sa Brasilia",
                "standard": "Standard na Oras sa Brasilia",
                "daylight": "Oras sa Tag-init ng Brasilia"
              }
            },
            "Brunei": {
              "long": {
                "standard": "Oras sa Brunei Darussalam"
              }
            },
            "Cape_Verde": {
              "long": {
                "generic": "Oras sa Cape Verde",
                "standard": "Standard na Oras sa Cape Verde",
                "daylight": "Oras sa Tag-init ng Cape Verde"
              }
            },
            "Chamorro": {
              "long": {
                "standard": "Standard na Oras sa Chamorro"
              }
            },
            "Chatham": {
              "long": {
                "generic": "Oras sa Chatham",
                "standard": "Standard na Oras sa Chatham",
                "daylight": "Daylight Time sa Chatham"
              }
            },
            "Chile": {
              "long": {
                "generic": "Oras sa Chile",
                "standard": "Standard na Oras sa Chile",
                "daylight": "Oras sa Tag-init ng Chile"
              }
            },
            "China": {
              "long": {
                "generic": "Oras sa China",
                "standard": "Standard na Oras sa China",
                "daylight": "Daylight Time sa China"
              }
            },
            "Choibalsan": {
              "long": {
                "generic": "Oras sa Choibalsan",
                "standard": "Standard na Oras sa Choibalsan",
                "daylight": "Oras sa Tag-init ng Choibalsan"
              }
            },
            "Christmas": {
              "long": {
                "standard": "Oras sa Christmas Island"
              }
            },
            "Cocos": {
              "long": {
                "standard": "Oras sa Cocos Islands"
              }
            },
            "Colombia": {
              "long": {
                "generic": "Oras sa Colombia",
                "standard": "Standard na Oras sa Colombia",
                "daylight": "Oras sa Tag-init ng Colombia"
              }
            },
            "Cook": {
              "long": {
                "generic": "Oras sa Cook Islands",
                "standard": "Standard na Oras sa Cook Islands",
                "daylight": "Oras sa Kalahati ng Tag-init ng Cook Islands"
              }
            },
            "Cuba": {
              "long": {
                "generic": "Oras sa Cuba",
                "standard": "Standard na Oras sa Cuba",
                "daylight": "Daylight na Oras sa Cuba"
              }
            },
            "Davis": {
              "long": {
                "standard": "Oras sa Davis"
              }
            },
            "DumontDUrville": {
              "long": {
                "standard": "Oras sa Dumont-d’Urville"
              }
            },
            "East_Timor": {
              "long": {
                "standard": "Oras sa East Timor"
              }
            },
            "Easter": {
              "long": {
                "generic": "Oras sa Easter Island",
                "standard": "Standard na Oras sa Easter Island",
                "daylight": "Oras sa Tag-init ng Easter Island"
              }
            },
            "Ecuador": {
              "long": {
                "standard": "Oras sa Ecuador"
              }
            },
            "Europe_Central": {
              "long": {
                "generic": "Oras sa Gitnang Europe",
                "standard": "Standard na Oras sa Gitnang Europe",
                "daylight": "Oras sa Tag-init ng Gitnang Europe"
              }
            },
            "Europe_Eastern": {
              "long": {
                "generic": "Oras sa Silangang Europe",
                "standard": "Standard na Oras sa Silangang Europe",
                "daylight": "Oras sa Tag-init ng Silangang Europe"
              }
            },
            "Europe_Further_Eastern": {
              "long": {
                "standard": "Oras sa Pinaka-silangang Europe"
              }
            },
            "Europe_Western": {
              "long": {
                "generic": "Oras sa Kanlurang Europe",
                "standard": "Standard na Oras sa Kanlurang Europe",
                "daylight": "Oras sa Tag-init ng Kanlurang Europe"
              }
            },
            "Falkland": {
              "long": {
                "generic": "Oras sa Falkland Islands",
                "standard": "Standard na Oras sa Falkland Islands",
                "daylight": "Oras sa Tag-init ng Falkland Islands"
              }
            },
            "Fiji": {
              "long": {
                "generic": "Oras sa Fiji",
                "standard": "Standard na Oras sa Fiji",
                "daylight": "Oras sa Tag-init ng Fiji"
              }
            },
            "French_Guiana": {
              "long": {
                "standard": "Oras sa French Guiana"
              }
            },
            "French_Southern": {
              "long": {
                "standard": "Oras sa Katimugang France at Antartiko"
              }
            },
            "Galapagos": {
              "long": {
                "standard": "Oras sa Galapagos"
              }
            },
            "Gambier": {
              "long": {
                "standard": "Oras sa Gambier"
              }
            },
            "Georgia": {
              "long": {
                "generic": "Oras sa Georgia",
                "standard": "Standard na Oras sa Georgia",
                "daylight": "Oras sa Tag-init ng Georgia"
              }
            },
            "Gilbert_Islands": {
              "long": {
                "standard": "Oras sa Gilbert Islands"
              }
            },
            "GMT": {
              "long": {
                "standard": "Greenwich Mean Time"
              }
            },
            "Greenland_Eastern": {
              "long": {
                "generic": "Oras sa Silangang Greenland",
                "standard": "Standard na Oras sa Silangang Greenland",
                "daylight": "Oras sa Tag-init ng Silangang Greenland"
              }
            },
            "Greenland_Western": {
              "long": {
                "generic": "Oras sa Kanlurang Greenland",
                "standard": "Standard na Oras sa Kanlurang Greenland",
                "daylight": "Oras sa Tag-init ng Kanlurang Greenland"
              }
            },
            "Gulf": {
              "long": {
                "standard": "Oras sa Gulf"
              }
            },
            "Guyana": {
              "long": {
                "standard": "Oras sa Guyana"
              }
            },
            "Hawaii_Aleutian": {
              "long": {
                "generic": "Oras sa Hawaii-Aleutian",
                "standard": "Standard na Oras sa Hawaii-Aleutian",
                "daylight": "Oras sa Tag-init ng Hawaii-Aleutian"
              }
            },
            "Hong_Kong": {
              "long": {
                "generic": "Oras sa Hong Kong",
                "standard": "Standard na Oras sa Hong Kong",
                "daylight": "Oras sa Tag-init ng Hong Kong"
              }
            },
            "Hovd": {
              "long": {
                "generic": "Oras sa Hovd",
                "standard": "Standard na Oras sa Hovd",
                "daylight": "Oras sa Tag-init ng Hovd"
              }
            },
            "India": {
              "long": {
                "standard": "Standard na Oras sa India"
              }
            },
            "Indian_Ocean": {
              "long": {
                "standard": "Oras sa Indian Ocean"
              }
            },
            "Indochina": {
              "long": {
                "standard": "Oras sa Indochina"
              }
            },
            "Indonesia_Central": {
              "long": {
                "standard": "Oras sa Gitnang Indonesia"
              }
            },
            "Indonesia_Eastern": {
              "long": {
                "standard": "Oras sa Silangang Indonesia"
              }
            },
            "Indonesia_Western": {
              "long": {
                "standard": "Oras sa Kanlurang Indonesia"
              }
            },
            "Iran": {
              "long": {
                "generic": "Oras sa Iran",
                "standard": "Standard na Oras sa Iran",
                "daylight": "Daylight Time sa Iran"
              }
            },
            "Irkutsk": {
              "long": {
                "generic": "Oras sa Irkutsk",
                "standard": "Standard na Oras sa Irkutsk",
                "daylight": "Oras sa Tag-init ng Irkutsk"
              }
            },
            "Israel": {
              "long": {
                "generic": "Oras sa Israel",
                "standard": "Standard na Oras sa Israel",
                "daylight": "Daylight Time sa Israel"
              }
            },
            "Japan": {
              "long": {
                "generic": "Oras sa Japan",
                "standard": "Standard na Oras sa Japan",
                "daylight": "Daylight Time sa Japan"
              }
            },
            "Kamchatka": {
              "long": {
                "generic": "Oras sa Petropavlovsk-Kamchatski",
                "standard": "Standard Time sa Petropavlovsk-Kamchatski",
                "daylight": "Summer Time sa Petropavlovsk-Kamchatski"
              }
            },
            "Kazakhstan_Eastern": {
              "long": {
                "standard": "Oras sa Silangang Kazakhstan"
              }
            },
            "Kazakhstan_Western": {
              "long": {
                "standard": "Oras sa Kanlurang Kazakhstan"
              }
            },
            "Korea": {
              "long": {
                "generic": "Oras sa Korea",
                "standard": "Standard na Oras sa Korea",
                "daylight": "Daylight Time sa Korea"
              }
            },
            "Kosrae": {
              "long": {
                "standard": "Oras sa Kosrae"
              }
            },
            "Krasnoyarsk": {
              "long": {
                "generic": "Oras sa Krasnoyarsk",
                "standard": "Standard na Oras sa Krasnoyarsk",
                "daylight": "Oras sa Tag-init ng Krasnoyarsk"
              }
            },
            "Kyrgystan": {
              "long": {
                "standard": "Oras sa Kyrgystan"
              }
            },
            "Line_Islands": {
              "long": {
                "standard": "Oras sa Line Islands"
              }
            },
            "Lord_Howe": {
              "long": {
                "generic": "Oras sa Lord Howe",
                "standard": "Standard na Oras sa Lord Howe",
                "daylight": "Daylight Time sa Lorde Howe"
              }
            },
            "Macquarie": {
              "long": {
                "standard": "Oras sa Macquarie Island"
              }
            },
            "Magadan": {
              "long": {
                "generic": "Oras sa Magadan",
                "standard": "Standard na Oras sa Magadan",
                "daylight": "Oras sa Tag-init ng Magadan"
              }
            },
            "Malaysia": {
              "long": {
                "standard": "Oras sa Malaysia"
              }
            },
            "Maldives": {
              "long": {
                "standard": "Oras sa Maldives"
              }
            },
            "Marquesas": {
              "long": {
                "standard": "Oras sa Marquesas"
              }
            },
            "Marshall_Islands": {
              "long": {
                "standard": "Oras sa Marshall Islands"
              }
            },
            "Mauritius": {
              "long": {
                "generic": "Oras sa Mauritius",
                "standard": "Standard na Oras sa Mauritius",
                "daylight": "Oras sa Tag-init ng Mauritius"
              }
            },
            "Mawson": {
              "long": {
                "standard": "Oras sa Mawson"
              }
            },
            "Mexico_Northwest": {
              "long": {
                "generic": "Oras sa Hilagang-kanlurang Mexico",
                "standard": "Standard na Oras sa Hilagang-kanlurang Mexico",
                "daylight": "Daylight na Oras sa Hilagang-kanlurang Mexico"
              }
            },
            "Mexico_Pacific": {
              "long": {
                "generic": "Oras sa Pasipiko ng Mexico",
                "standard": "Standard na Oras sa Pasipiko ng Mexico",
                "daylight": "Daylight na Oras sa Pasipiko ng Mexico"
              }
            },
            "Mongolia": {
              "long": {
                "generic": "Oras sa Ulan Bator",
                "standard": "Standard na Oras sa Ulan Bator",
                "daylight": "Oras sa Tag-init ng Ulan Bator"
              }
            },
            "Moscow": {
              "long": {
                "generic": "Oras sa Moscow",
                "standard": "Standard na Oras sa Moscow",
                "daylight": "Oras sa Tag-init ng Moscow"
              }
            },
            "Myanmar": {
              "long": {
                "standard": "Oras sa Myanmar"
              }
            },
            "Nauru": {
              "long": {
                "standard": "Oras sa Nauru"
              }
            },
            "Nepal": {
              "long": {
                "standard": "Oras sa Nepal"
              }
            },
            "New_Caledonia": {
              "long": {
                "generic": "Oras sa New Caledonia",
                "standard": "Standard na Oras sa New Caledonia",
                "daylight": "Oras sa Tag-init ng New Caledonia"
              }
            },
            "New_Zealand": {
              "long": {
                "generic": "Oras sa New Zealand",
                "standard": "Standard na Oras sa New Zealand",
                "daylight": "Daylight Time sa New Zealand"
              }
            },
            "Newfoundland": {
              "long": {
                "generic": "Oras sa Newfoundland",
                "standard": "Standard na Oras sa Newfoundland",
                "daylight": "Daylight na Oras sa Newfoundland"
              }
            },
            "Niue": {
              "long": {
                "standard": "Oras sa Niue"
              }
            },
            "Norfolk": {
              "long": {
                "generic": "Oras sa Norfolk Island",
                "standard": "Standard na Oras sa Norfolk Island",
                "daylight": "Daylight Time sa Norfolk Island"
              }
            },
            "Noronha": {
              "long": {
                "generic": "Oras sa Fernando de Noronha",
                "standard": "Standard na Oras sa Fernando de Noronha",
                "daylight": "Oras sa Tag-init ng Fernando de Noronha"
              }
            },
            "Novosibirsk": {
              "long": {
                "generic": "Oras sa Novosibirsk",
                "standard": "Standard na Oras sa Novosibirsk",
                "daylight": "Oras sa Tag-init ng Novosibirsk"
              }
            },
            "Omsk": {
              "long": {
                "generic": "Oras sa Omsk",
                "standard": "Standard na Oras sa Omsk",
                "daylight": "Oras sa Tag-init ng Omsk"
              }
            },
            "Pakistan": {
              "long": {
                "generic": "Oras sa Pakistan",
                "standard": "Standard na Oras sa Pakistan",
                "daylight": "Oras sa Tag-init ng Pakistan"
              }
            },
            "Palau": {
              "long": {
                "standard": "Oras sa Palau"
              }
            },
            "Papua_New_Guinea": {
              "long": {
                "standard": "Oras sa Papua New Guinea"
              }
            },
            "Paraguay": {
              "long": {
                "generic": "Oras sa Paraguay",
                "standard": "Standard na Oras sa Paraguay",
                "daylight": "Oras sa Tag-init ng Paraguay"
              }
            },
            "Peru": {
              "long": {
                "generic": "Oras sa Peru",
                "standard": "Standard na Oras sa Peru",
                "daylight": "Oras sa Tag-init ng Peru"
              }
            },
            "Philippines": {
              "long": {
                "generic": "Oras sa Pilipinas",
                "standard": "Standard na Oras sa Pilipinas",
                "daylight": "Oras sa Tag-init ng Pilipinas"
              }
            },
            "Phoenix_Islands": {
              "long": {
                "standard": "Oras sa Phoenix Islands"
              }
            },
            "Pierre_Miquelon": {
              "long": {
                "generic": "Oras sa Saint Pierre & Miquelon",
                "standard": "Standard na Oras sa Saint Pierre & Miquelon",
                "daylight": "Daylight na Oras sa Saint Pierre & Miquelon"
              }
            },
            "Pitcairn": {
              "long": {
                "standard": "Oras sa Pitcairn"
              }
            },
            "Ponape": {
              "long": {
                "standard": "Oras sa Ponape"
              }
            },
            "Pyongyang": {
              "long": {
                "standard": "Oras sa Pyongyang"
              }
            },
            "Reunion": {
              "long": {
                "standard": "Oras sa Reunion"
              }
            },
            "Rothera": {
              "long": {
                "standard": "Oras sa Rothera"
              }
            },
            "Sakhalin": {
              "long": {
                "generic": "Oras sa Sakhalin",
                "standard": "Standard na Oras sa Sakhalin",
                "daylight": "Oras sa Tag-init ng Sakhalin"
              }
            },
            "Samara": {
              "long": {
                "generic": "Oras sa Samara",
                "standard": "Standard Time sa Samara",
                "daylight": "Samara Daylight"
              }
            },
            "Samoa": {
              "long": {
                "generic": "Oras sa Samoa",
                "standard": "Standard na Oras sa Samoa",
                "daylight": "Daylight Time sa Samoa"
              }
            },
            "Seychelles": {
              "long": {
                "standard": "Oras sa Seychelles"
              }
            },
            "Singapore": {
              "long": {
                "standard": "Standard na Oras sa Singapore"
              }
            },
            "Solomon": {
              "long": {
                "standard": "Oras sa Solomon Islands"
              }
            },
            "South_Georgia": {
              "long": {
                "standard": "Oras sa Timog Georgia"
              }
            },
            "Suriname": {
              "long": {
                "standard": "Oras sa Suriname"
              }
            },
            "Syowa": {
              "long": {
                "standard": "Oras sa Syowa"
              }
            },
            "Tahiti": {
              "long": {
                "standard": "Oras sa Tahiti"
              }
            },
            "Taipei": {
              "long": {
                "generic": "Oras sa Taipei",
                "standard": "Standard na Oras sa Taipei",
                "daylight": "Daylight Time sa Taipei"
              }
            },
            "Tajikistan": {
              "long": {
                "standard": "Oras sa Tajikistan"
              }
            },
            "Tokelau": {
              "long": {
                "standard": "Oras sa Tokelau"
              }
            },
            "Tonga": {
              "long": {
                "generic": "Oras sa Tonga",
                "standard": "Standard na Oras sa Tonga",
                "daylight": "Oras sa Tag-init ng Tonga"
              }
            },
            "Truk": {
              "long": {
                "standard": "Oras sa Chuuk"
              }
            },
            "Turkmenistan": {
              "long": {
                "generic": "Oras sa Turkmenistan",
                "standard": "Standard na Oras sa Turkmenistan",
                "daylight": "Oras sa Tag-init ng Turkmenistan"
              }
            },
            "Tuvalu": {
              "long": {
                "standard": "Oras sa Tuvalu"
              }
            },
            "Uruguay": {
              "long": {
                "generic": "Oras sa Uruguay",
                "standard": "Standard na Oras sa Uruguay",
                "daylight": "Oras sa Tag-init ng Uruguay"
              }
            },
            "Uzbekistan": {
              "long": {
                "generic": "Oras sa Uzbekistan",
                "standard": "Standard na Oras sa Uzbekistan",
                "daylight": "Oras sa Tag-init ng Uzbekistan"
              }
            },
            "Vanuatu": {
              "long": {
                "generic": "Oras sa Vanuatu",
                "standard": "Standard na Oras sa Vanuatu",
                "daylight": "Oras sa Tag-init ng Vanuatu"
              }
            },
            "Venezuela": {
              "long": {
                "standard": "Oras sa Venezuela"
              }
            },
            "Vladivostok": {
              "long": {
                "generic": "Oras sa Vladivostok",
                "standard": "Standard na Oras sa Vladivostok",
                "daylight": "Oras sa Tag-init ng Vladivostok"
              }
            },
            "Volgograd": {
              "long": {
                "generic": "Oras sa Volgograd",
                "standard": "Standard na Oras sa Volgograd",
                "daylight": "Oras sa Tag-init ng Volgograd"
              }
            },
            "Vostok": {
              "long": {
                "standard": "Oras sa Vostok"
              }
            },
            "Wake": {
              "long": {
                "standard": "Oras sa Wake Island"
              }
            },
            "Wallis": {
              "long": {
                "standard": "Oras sa Wallis & Futuna"
              }
            },
            "Yakutsk": {
              "long": {
                "generic": "Oras sa Yakutsk",
                "standard": "Standard na Oras sa Yakutsk",
                "daylight": "Oras sa Tag-init ng Yakutsk"
              }
            },
            "Yekaterinburg": {
              "long": {
                "generic": "Oras sa Yekaterinburg",
                "standard": "Standard na Oras sa Yekaterinburg",
                "daylight": "Oras sa Tag-init ng Yekaterinburg"
              }
            },
            "Yukon": {
              "long": {
                "standard": "Oras sa Yukon"
              }
            }
          }
        }
      }
    }
  }
}
