{
  "main": {
    "fr": {
      "identity": {
        "language": "fr"
      },
      "dates": {
        "timeZoneNames": {
          "hourFormat": "+HH:mm;−HH:mm",
          "gmtFormat": "UTC{0}",
          "gmtZeroFormat": "UTC",
          "gmtUnknownFormat": "GMT+?",
          "regionFormat": "heure : {0}",
          "regionFormat-type-daylight": "{0} (heure d’été)",
          "regionFormat-type-standard": "{0} (heure standard)",
          "fallbackFormat": "{1} ({0})",
          "zone": {
            "Pacific": {
              "Honolulu": {
                "_type": "zone",
                "exemplarCity": "Honolulu"
              },
              "Easter": {
                "_type": "zone",
                "exemplarCity": "Île de Pâques"
              },
              "Galapagos": {
                "_type": "zone",
                "exemplarCity": "Galápagos"
              },
              "Fiji": {
                "_type": "zone",
                "exemplarCity": "Fidji"
              },
              "Truk": {
                "_type": "zone",
                "exemplarCity": "Chuuk"
              },
              "Ponape": {
                "_type": "zone",
                "exemplarCity": "Pohnpei"
              },
              "Enderbury": {
                "_type": "zone",
                "exemplarCity": "Canton"
              },
              "Noumea": {
                "_type": "zone",
                "exemplarCity": "Nouméa"
              },
              "Marquesas": {
                "_type": "zone",
                "exemplarCity": "Marquises"
              },
              "Palau": {
                "_type": "zone",
                "exemplarCity": "Palaos"
              },
              "Efate": {
                "_type": "zone",
                "exemplarCity": "Éfaté"
              },
              "Wallis": {
                "_type": "zone",
                "exemplarCity": "Wallis & Futuna"
              }
            },
            "Etc": {
              "UTC": {
                "_type": "zone",
                "long": {
                  "standard": "temps universel coordonné"
                },
                "short": {
                  "standard": "UTC"
                }
              },
              "Unknown": {
                "_type": "zone",
                "exemplarCity": "lieu inconnu"
              }
            },
            "Europe": {
              "Andorra": {
                "_type": "zone",
                "exemplarCity": "Andorre"
              },
              "Tirane": {
                "_type": "zone",
                "exemplarCity": "Tirana"
              },
              "Vienna": {
                "_type": "zone",
                "exemplarCity": "Vienne"
              },
              "Brussels": {
                "_type": "zone",
                "exemplarCity": "Bruxelles"
              },
              "Busingen": {
                "_type": "zone",
                "exemplarCity": "Büsingen"
              },
              "Copenhagen": {
                "_type": "zone",
                "exemplarCity": "Copenhague"
              },
              "London": {
                "_type": "zone",
                "long": {
                  "daylight": "heure d’été britannique"
                },
                "exemplarCity": "Londres"
              },
              "Guernsey": {
                "_type": "zone",
                "exemplarCity": "Guernesey"
              },
              "Athens": {
                "_type": "zone",
                "exemplarCity": "Athènes"
              },
              "Dublin": {
                "_type": "zone",
                "long": {
                  "daylight": "heure d’été irlandaise"
                }
              },
              "Isle_of_Man": {
                "_type": "zone",
                "exemplarCity": "Île de Man"
              },
              "Chisinau": {
                "_type": "zone",
                "exemplarCity": "Chișinău"
              },
              "Malta": {
                "_type": "zone",
                "exemplarCity": "Malte"
              },
              "Warsaw": {
                "_type": "zone",
                "exemplarCity": "Varsovie"
              },
              "Lisbon": {
                "_type": "zone",
                "exemplarCity": "Lisbonne"
              },
              "Bucharest": {
                "_type": "zone",
                "exemplarCity": "Bucarest"
              },
              "Moscow": {
                "_type": "zone",
                "exemplarCity": "Moscou"
              },
              "Ulyanovsk": {
                "_type": "zone",
                "exemplarCity": "Oulianovsk"
              },
              "San_Marino": {
                "_type": "zone",
                "exemplarCity": "Saint-Marin"
              },
              "Kiev": {
                "_type": "zone",
                "exemplarCity": "Kiev"
              },
              "Vatican": {
                "_type": "zone",
                "exemplarCity": "Le Vatican"
              }
            },
            "Asia": {
              "Dubai": {
                "_type": "zone",
                "exemplarCity": "Dubaï"
              },
              "Kabul": {
                "_type": "zone",
                "exemplarCity": "Kaboul"
              },
              "Yerevan": {
                "_type": "zone",
                "exemplarCity": "Erevan"
              },
              "Baku": {
                "_type": "zone",
                "exemplarCity": "Bakou"
              },
              "Bahrain": {
                "_type": "zone",
                "exemplarCity": "Bahreïn"
              },
              "Urumqi": {
                "_type": "zone",
                "exemplarCity": "Ürümqi"
              },
              "Nicosia": {
                "_type": "zone",
                "exemplarCity": "Nicosie"
              },
              "Famagusta": {
                "_type": "zone",
                "exemplarCity": "Famagouste"
              },
              "Tbilisi": {
                "_type": "zone",
                "exemplarCity": "Tbilissi"
              },
              "Makassar": {
                "_type": "zone",
                "exemplarCity": "Macassar"
              },
              "Jerusalem": {
                "_type": "zone",
                "exemplarCity": "Jérusalem"
              },
              "Calcutta": {
                "_type": "zone",
                "exemplarCity": "Calcutta"
              },
              "Baghdad": {
                "_type": "zone",
                "exemplarCity": "Bagdad"
              },
              "Tehran": {
                "_type": "zone",
                "exemplarCity": "Téhéran"
              },
              "Bishkek": {
                "_type": "zone",
                "exemplarCity": "Bichkek"
              },
              "Seoul": {
                "_type": "zone",
                "exemplarCity": "Séoul"
              },
              "Kuwait": {
                "_type": "zone",
                "exemplarCity": "Koweït"
              },
              "Aqtau": {
                "_type": "zone",
                "exemplarCity": "Aktaou"
              },
              "Oral": {
                "_type": "zone",
                "exemplarCity": "Ouralsk"
              },
              "Atyrau": {
                "_type": "zone",
                "exemplarCity": "Atyraou"
              },
              "Aqtobe": {
                "_type": "zone",
                "exemplarCity": "Aktioubinsk"
              },
              "Qostanay": {
                "_type": "zone",
                "exemplarCity": "Kostanaï"
              },
              "Qyzylorda": {
                "_type": "zone",
                "exemplarCity": "Kzyl Orda"
              },
              "Almaty": {
                "_type": "zone",
                "exemplarCity": "Alma Ata"
              },
              "Beirut": {
                "_type": "zone",
                "exemplarCity": "Beyrouth"
              },
              "Rangoon": {
                "_type": "zone",
                "exemplarCity": "Rangoun"
              },
              "Hovd": {
                "_type": "zone",
                "exemplarCity": "Khovd"
              },
              "Ulaanbaatar": {
                "_type": "zone",
                "exemplarCity": "Oulan-Bator"
              },
              "Macau": {
                "_type": "zone",
                "exemplarCity": "Macao"
              },
              "Katmandu": {
                "_type": "zone",
                "exemplarCity": "Katmandou"
              },
              "Muscat": {
                "_type": "zone",
                "exemplarCity": "Mascate"
              },
              "Manila": {
                "_type": "zone",
                "exemplarCity": "Manille"
              },
              "Hebron": {
                "_type": "zone",
                "exemplarCity": "Hébron"
              },
              "Yekaterinburg": {
                "_type": "zone",
                "exemplarCity": "Ekaterinbourg"
              },
              "Novosibirsk": {
                "_type": "zone",
                "exemplarCity": "Novossibirsk"
              },
              "Krasnoyarsk": {
                "_type": "zone",
                "exemplarCity": "Krasnoïarsk"
              },
              "Irkutsk": {
                "_type": "zone",
                "exemplarCity": "Irkoutsk"
              },
              "Chita": {
                "_type": "zone",
                "exemplarCity": "Tchita"
              },
              "Yakutsk": {
                "_type": "zone",
                "exemplarCity": "Iakoutsk"
              },
              "Sakhalin": {
                "_type": "zone",
                "exemplarCity": "Sakhaline"
              },
              "Kamchatka": {
                "_type": "zone",
                "exemplarCity": "Kamtchatka"
              },
              "Riyadh": {
                "_type": "zone",
                "exemplarCity": "Riyad"
              },
              "Singapore": {
                "_type": "zone",
                "exemplarCity": "Singapour"
              },
              "Damascus": {
                "_type": "zone",
                "exemplarCity": "Damas"
              },
              "Dushanbe": {
                "_type": "zone",
                "exemplarCity": "Douchanbé"
              },
              "Ashgabat": {
                "_type": "zone",
                "exemplarCity": "Achgabat"
              },
              "Samarkand": {
                "_type": "zone",
                "exemplarCity": "Samarcande"
              },
              "Tashkent": {
                "_type": "zone",
                "exemplarCity": "Tachkent"
              },
              "Saigon": {
                "_type": "zone",
                "exemplarCity": "Hô-Chi-Minh-Ville"
              }
            },
            "Antarctica": {
              "Syowa": {
                "_type": "zone",
                "exemplarCity": "Showa"
              },
              "DumontDUrville": {
                "_type": "zone",
                "exemplarCity": "Dumont-d’Urville"
              }
            },
            "America": {
              "Argentina": {
                "Rio_Gallegos": {
                  "_type": "zone",
                  "exemplarCity": "Río Gallegos"
                },
                "Ushuaia": {
                  "_type": "zone",
                  "exemplarCity": "Ushuaïa"
                },
                "Tucuman": {
                  "_type": "zone",
                  "exemplarCity": "Tucumán"
                }
              },
              "Cordoba": {
                "_type": "zone",
                "exemplarCity": "Córdoba"
              },
              "Barbados": {
                "_type": "zone",
                "exemplarCity": "La Barbade"
              },
              "St_Barthelemy": {
                "_type": "zone",
                "exemplarCity": "Saint-Barthélemy"
              },
              "Eirunepe": {
                "_type": "zone",
                "exemplarCity": "Eirunepé"
              },
              "Manaus": {
                "_type": "zone",
                "exemplarCity": "Manaos"
              },
              "Cuiaba": {
                "_type": "zone",
                "exemplarCity": "Cuiabá"
              },
              "Santarem": {
                "_type": "zone",
                "exemplarCity": "Santarém"
              },
              "Belem": {
                "_type": "zone",
                "exemplarCity": "Belém"
              },
              "Araguaina": {
                "_type": "zone",
                "exemplarCity": "Araguaína"
              },
              "Sao_Paulo": {
                "_type": "zone",
                "exemplarCity": "São Paulo"
              },
              "Maceio": {
                "_type": "zone",
                "exemplarCity": "Maceió"
              },
              "Noronha": {
                "_type": "zone",
                "exemplarCity": "Fernando de Noronha"
              },
              "Coral_Harbour": {
                "_type": "zone",
                "exemplarCity": "Atikokan"
              },
              "St_Johns": {
                "_type": "zone",
                "exemplarCity": "Saint-Jean de Terre-Neuve"
              },
              "Bogota": {
                "_type": "zone",
                "exemplarCity": "Bogotá"
              },
              "Havana": {
                "_type": "zone",
                "exemplarCity": "La Havane"
              },
              "Curacao": {
                "_type": "zone",
                "exemplarCity": "Curaçao"
              },
              "Dominica": {
                "_type": "zone",
                "exemplarCity": "Dominique"
              },
              "Santo_Domingo": {
                "_type": "zone",
                "exemplarCity": "Saint-Domingue"
              },
              "Grenada": {
                "_type": "zone",
                "exemplarCity": "Grenade"
              },
              "Thule": {
                "_type": "zone",
                "exemplarCity": "Thulé"
              },
              "Godthab": {
                "_type": "zone",
                "exemplarCity": "Nuuk"
              },
              "Scoresbysund": {
                "_type": "zone",
                "exemplarCity": "Ittoqqortoormiit"
              },
              "Jamaica": {
                "_type": "zone",
                "exemplarCity": "Jamaïque"
              },
              "St_Kitts": {
                "_type": "zone",
                "exemplarCity": "Saint-Christophe"
              },
              "Cayman": {
                "_type": "zone",
                "exemplarCity": "Caïmans"
              },
              "St_Lucia": {
                "_type": "zone",
                "exemplarCity": "Sainte-Lucie"
              },
              "Ciudad_Juarez": {
                "_type": "zone",
                "exemplarCity": "Ciudad Juárez"
              },
              "Mazatlan": {
                "_type": "zone",
                "exemplarCity": "Mazatlán"
              },
              "Bahia_Banderas": {
                "_type": "zone",
                "exemplarCity": "Bahia de Banderas"
              },
              "Mexico_City": {
                "_type": "zone",
                "exemplarCity": "Mexico"
              },
              "Merida": {
                "_type": "zone",
                "exemplarCity": "Mérida"
              },
              "Cancun": {
                "_type": "zone",
                "exemplarCity": "Cancún"
              },
              "Miquelon": {
                "_type": "zone",
                "exemplarCity": "Saint-Pierre"
              },
              "Puerto_Rico": {
                "_type": "zone",
                "exemplarCity": "Porto Rico"
              },
              "Asuncion": {
                "_type": "zone",
                "exemplarCity": "Asunción"
              },
              "Lower_Princes": {
                "_type": "zone",
                "exemplarCity": "Lower Prince’s Quarter"
              },
              "Port_of_Spain": {
                "_type": "zone",
                "exemplarCity": "Port-d’Espagne"
              },
              "North_Dakota": {
                "Beulah": {
                  "_type": "zone",
                  "exemplarCity": "Beulah (Dakota du Nord)"
                },
                "New_Salem": {
                  "_type": "zone",
                  "exemplarCity": "New Salem (Dakota du Nord)"
                },
                "Center": {
                  "_type": "zone",
                  "exemplarCity": "Center (Dakota du Nord)"
                }
              },
              "Indiana": {
                "Vincennes": {
                  "_type": "zone",
                  "exemplarCity": "Vincennes [Indiana]"
                },
                "Petersburg": {
                  "_type": "zone",
                  "exemplarCity": "Petersburg [Indiana]"
                },
                "Tell_City": {
                  "_type": "zone",
                  "exemplarCity": "Tell City [Indiana]"
                },
                "Knox": {
                  "_type": "zone",
                  "exemplarCity": "Knox [Indiana]"
                },
                "Winamac": {
                  "_type": "zone",
                  "exemplarCity": "Winamac [Indiana]"
                },
                "Marengo": {
                  "_type": "zone",
                  "exemplarCity": "Marengo [Indiana]"
                },
                "Vevay": {
                  "_type": "zone",
                  "exemplarCity": "Vevay [Indiana]"
                }
              },
              "Kentucky": {
                "Monticello": {
                  "_type": "zone",
                  "exemplarCity": "Monticello [Kentucky]"
                }
              },
              "Detroit": {
                "_type": "zone",
                "exemplarCity": "Détroit"
              },
              "St_Vincent": {
                "_type": "zone",
                "exemplarCity": "Saint-Vincent"
              },
              "St_Thomas": {
                "_type": "zone",
                "exemplarCity": "Saint-Thomas"
              }
            },
            "Australia": {
              "Adelaide": {
                "_type": "zone",
                "exemplarCity": "Adélaïde"
              }
            },
            "Atlantic": {
              "Bermuda": {
                "_type": "zone",
                "exemplarCity": "Bermudes"
              },
              "Cape_Verde": {
                "_type": "zone",
                "exemplarCity": "Cap-Vert"
              },
              "Canary": {
                "_type": "zone",
                "exemplarCity": "Îles Canaries"
              },
              "Faeroe": {
                "_type": "zone",
                "exemplarCity": "Îles Féroé"
              },
              "South_Georgia": {
                "_type": "zone",
                "exemplarCity": "Géorgie du Sud"
              },
              "Azores": {
                "_type": "zone",
                "exemplarCity": "Açores"
              },
              "Madeira": {
                "_type": "zone",
                "exemplarCity": "Madère"
              },
              "St_Helena": {
                "_type": "zone",
                "exemplarCity": "Sainte-Hélène"
              }
            },
            "Africa": {
              "Algiers": {
                "_type": "zone",
                "exemplarCity": "Alger"
              },
              "Cairo": {
                "_type": "zone",
                "exemplarCity": "Le Caire"
              },
              "El_Aaiun": {
                "_type": "zone",
                "exemplarCity": "Laâyoune"
              },
              "Asmera": {
                "_type": "zone",
                "exemplarCity": "Asmara"
              },
              "Addis_Ababa": {
                "_type": "zone",
                "exemplarCity": "Addis-Abeba"
              },
              "Tripoli": {
                "_type": "zone",
                "exemplarCity": "Tripoli (Libye)"
              },
              "Mogadishu": {
                "_type": "zone",
                "exemplarCity": "Mogadiscio"
              },
              "Sao_Tome": {
                "_type": "zone",
                "exemplarCity": "São Tomé"
              },
              "Ndjamena": {
                "_type": "zone",
                "exemplarCity": "N’Djamena"
              },
              "Lome": {
                "_type": "zone",
                "exemplarCity": "Lomé"
              }
            },
            "Indian": {
              "Comoro": {
                "_type": "zone",
                "exemplarCity": "Comores"
              },
              "Mauritius": {
                "_type": "zone",
                "exemplarCity": "Maurice"
              },
              "Reunion": {
                "_type": "zone",
                "exemplarCity": "La Réunion"
              },
              "Mahe": {
                "_type": "zone",
                "exemplarCity": "Mahé"
              }
            }
          },
          "metazone": {
            "Acre": {
              "long": {
                "generic": "heure de l’Acre",
                "standard": "heure normale de l’Acre",
                "daylight": "heure d’été de l’Acre"
              }
            },
            "Afghanistan": {
              "long": {
                "standard": "heure de l’Afghanistan"
              }
            },
            "Africa_Central": {
              "long": {
                "standard": "heure normale d’Afrique centrale"
              }
            },
            "Africa_Eastern": {
              "long": {
                "standard": "heure normale d’Afrique de l’Est"
              }
            },
            "Africa_Southern": {
              "long": {
                "standard": "heure normale d’Afrique méridionale"
              }
            },
            "Africa_Western": {
              "long": {
                "standard": "heure d’Afrique de l’Ouest"
              }
            },
            "Alaska": {
              "long": {
                "generic": "heure de l’Alaska",
                "standard": "heure normale de l’Alaska",
                "daylight": "heure d’été de l’Alaska"
              }
            },
            "Almaty": {
              "long": {
                "generic": "heure d’Alma Ata",
                "standard": "heure normale d’Alma Ata",
                "daylight": "heure d’été d’Alma Ata"
              }
            },
            "Amazon": {
              "long": {
                "generic": "heure de l’Amazonie",
                "standard": "heure normale de l’Amazonie",
                "daylight": "heure d’été de l’Amazonie"
              }
            },
            "America_Central": {
              "long": {
                "generic": "heure du centre nord-américain",
                "standard": "heure normale du centre nord-américain",
                "daylight": "heure d’été du centre nord-américain"
              }
            },
            "America_Eastern": {
              "long": {
                "generic": "heure de l’Est nord-américain",
                "standard": "heure normale de l’Est nord-américain",
                "daylight": "heure d’été de l’Est nord-américain"
              }
            },
            "America_Mountain": {
              "long": {
                "generic": "heure des Rocheuses",
                "standard": "heure normale des Rocheuses",
                "daylight": "heure d’été des Rocheuses"
              }
            },
            "America_Pacific": {
              "long": {
                "generic": "heure du Pacifique nord-américain",
                "standard": "heure normale du Pacifique nord-américain",
                "daylight": "heure d’été du Pacifique nord-américain"
              }
            },
            "Anadyr": {
              "long": {
                "generic": "heure d’Anadyr",
                "standard": "heure normale d’Anadyr",
                "daylight": "heure d’été d’Anadyr"
              }
            },
            "Apia": {
              "long": {
                "generic": "heure d’Apia",
                "standard": "heure normale d’Apia",
                "daylight": "heure d’été d’Apia"
              }
            },
            "Aqtau": {
              "long": {
                "generic": "heure d’Aktaou",
                "standard": "heure normale d’Aktaou",
                "daylight": "heure d’été d’Aktaou"
              }
            },
            "Aqtobe": {
              "long": {
                "generic": "heure d’Aqtöbe",
                "standard": "heure normale d’Aqtöbe",
                "daylight": "heure d’été d’Aqtöbe"
              }
            },
            "Arabian": {
              "long": {
                "generic": "heure de l’Arabie",
                "standard": "heure normale de l’Arabie",
                "daylight": "heure d’été de l’Arabie"
              }
            },
            "Argentina": {
              "long": {
                "generic": "heure de l’Argentine",
                "standard": "heure normale d’Argentine",
                "daylight": "heure d’été de l’Argentine"
              }
            },
            "Argentina_Western": {
              "long": {
                "generic": "heure de l’Ouest argentin",
                "standard": "heure normale de l’Ouest argentin",
                "daylight": "heure d’été de l’Ouest argentin"
              }
            },
            "Armenia": {
              "long": {
                "generic": "heure de l’Arménie",
                "standard": "heure normale de l’Arménie",
                "daylight": "heure d’été d’Arménie"
              }
            },
            "Atlantic": {
              "long": {
                "generic": "heure de l’Atlantique",
                "standard": "heure normale de l’Atlantique",
                "daylight": "heure d’été de l’Atlantique"
              }
            },
            "Australia_Central": {
              "long": {
                "generic": "heure du centre de l’Australie",
                "standard": "heure normale du centre de l’Australie",
                "daylight": "heure d’été du centre de l’Australie"
              }
            },
            "Australia_CentralWestern": {
              "long": {
                "generic": "heure du centre-ouest de l’Australie",
                "standard": "heure normale du centre-ouest de l’Australie",
                "daylight": "heure d’été du centre-ouest de l’Australie"
              }
            },
            "Australia_Eastern": {
              "long": {
                "generic": "heure de l’Est de l’Australie",
                "standard": "heure normale de l’Est de l’Australie",
                "daylight": "heure d’été de l’Est de l’Australie"
              }
            },
            "Australia_Western": {
              "long": {
                "generic": "heure de l’Ouest de l’Australie",
                "standard": "heure normale de l’Ouest de l’Australie",
                "daylight": "heure d’été de l’Ouest de l’Australie"
              }
            },
            "Azerbaijan": {
              "long": {
                "generic": "heure de l’Azerbaïdjan",
                "standard": "heure normale de l’Azerbaïdjan",
                "daylight": "heure d’été d’Azerbaïdjan"
              }
            },
            "Azores": {
              "long": {
                "generic": "heure des Açores",
                "standard": "heure normale des Açores",
                "daylight": "heure d’été des Açores"
              }
            },
            "Bangladesh": {
              "long": {
                "generic": "heure du Bangladesh",
                "standard": "heure normale du Bangladesh",
                "daylight": "heure d’été du Bangladesh"
              }
            },
            "Bhutan": {
              "long": {
                "standard": "heure du Bhoutan"
              }
            },
            "Bolivia": {
              "long": {
                "standard": "heure de Bolivie"
              }
            },
            "Brasilia": {
              "long": {
                "generic": "heure de Brasilia",
                "standard": "heure normale de Brasilia",
                "daylight": "heure d’été de Brasilia"
              }
            },
            "Brunei": {
              "long": {
                "standard": "heure du Brunei"
              }
            },
            "Cape_Verde": {
              "long": {
                "generic": "heure du Cap-Vert",
                "standard": "heure normale du Cap-Vert",
                "daylight": "heure d’été du Cap-Vert"
              }
            },
            "Chamorro": {
              "long": {
                "standard": "heure des Chamorro"
              }
            },
            "Chatham": {
              "long": {
                "generic": "heure des îles Chatham",
                "standard": "heure normale des îles Chatham",
                "daylight": "heure d’été des îles Chatham"
              }
            },
            "Chile": {
              "long": {
                "generic": "heure du Chili",
                "standard": "heure normale du Chili",
                "daylight": "heure d’été du Chili"
              }
            },
            "China": {
              "long": {
                "generic": "heure de la Chine",
                "standard": "heure normale de la Chine",
                "daylight": "heure d’été de Chine"
              }
            },
            "Christmas": {
              "long": {
                "standard": "heure de lՔle Christmas"
              }
            },
            "Cocos": {
              "long": {
                "standard": "heure des îles Cocos"
              }
            },
            "Colombia": {
              "long": {
                "generic": "heure de Colombie",
                "standard": "heure normale de Colombie",
                "daylight": "heure d’été de Colombie"
              }
            },
            "Cook": {
              "long": {
                "generic": "heure des îles Cook",
                "standard": "heure normale des îles Cook",
                "daylight": "heure d’été des îles Cook"
              }
            },
            "Cuba": {
              "long": {
                "generic": "heure de Cuba",
                "standard": "heure normale de Cuba",
                "daylight": "heure d’été de Cuba"
              }
            },
            "Davis": {
              "long": {
                "standard": "heure de Davis"
              }
            },
            "DumontDUrville": {
              "long": {
                "standard": "heure de Dumont-d’Urville"
              }
            },
            "East_Timor": {
              "long": {
                "standard": "heure du Timor oriental"
              }
            },
            "Easter": {
              "long": {
                "generic": "heure de l’île de Pâques",
                "standard": "heure normale de l’île de Pâques",
                "daylight": "heure d’été de l’île de Pâques"
              }
            },
            "Ecuador": {
              "long": {
                "standard": "heure de lՃquateur"
              }
            },
            "Europe_Central": {
              "long": {
                "generic": "heure d’Europe centrale",
                "standard": "heure normale d’Europe centrale",
                "daylight": "heure d’été d’Europe centrale"
              }
            },
            "Europe_Eastern": {
              "long": {
                "generic": "heure d’Europe de l’Est",
                "standard": "heure normale d’Europe de l’Est",
                "daylight": "heure d’été d’Europe de l’Est"
              }
            },
            "Europe_Further_Eastern": {
              "long": {
                "standard": "heure de Kaliningrad"
              }
            },
            "Europe_Western": {
              "long": {
                "generic": "heure d’Europe de l’Ouest",
                "standard": "heure normale d’Europe de l’Ouest",
                "daylight": "heure d’été d’Europe de l’Ouest"
              }
            },
            "Falkland": {
              "long": {
                "generic": "heure des îles Malouines",
                "standard": "heure normale des îles Malouines",
                "daylight": "heure d’été des îles Malouines"
              }
            },
            "Fiji": {
              "long": {
                "generic": "heure des îles Fidji",
                "standard": "heure normale des îles Fidji",
                "daylight": "heure d’été des îles Fidji"
              }
            },
            "French_Guiana": {
              "long": {
                "standard": "heure de la Guyane française"
              }
            },
            "French_Southern": {
              "long": {
                "standard": "heure des Terres australes et antarctiques françaises"
              }
            },
            "Galapagos": {
              "long": {
                "standard": "heure des îles Galápagos"
              }
            },
            "Gambier": {
              "long": {
                "standard": "heure des îles Gambier"
              }
            },
            "Georgia": {
              "long": {
                "generic": "heure de la Géorgie",
                "standard": "heure normale de la Géorgie",
                "daylight": "heure d’été de Géorgie"
              }
            },
            "Gilbert_Islands": {
              "long": {
                "standard": "heure des îles Gilbert"
              }
            },
            "GMT": {
              "long": {
                "standard": "heure moyenne de Greenwich"
              }
            },
            "Greenland_Eastern": {
              "long": {
                "generic": "heure de l’Est du Groenland",
                "standard": "heure normale de l’Est du Groenland",
                "daylight": "heure d’été de l’Est du Groenland"
              }
            },
            "Greenland_Western": {
              "long": {
                "generic": "heure de l’Ouest du Groenland",
                "standard": "heure normale de l’Ouest du Groenland",
                "daylight": "heure d’été de l’Ouest du Groenland"
              }
            },
            "Guam": {
              "long": {
                "standard": "heure de Guam"
              }
            },
            "Gulf": {
              "long": {
                "standard": "heure du Golfe"
              }
            },
            "Guyana": {
              "long": {
                "standard": "heure du Guyana"
              }
            },
            "Hawaii": {
              "long": {
                "standard": "heure normale d’Hawaï - Aléoutiennes"
              }
            },
            "Hawaii_Aleutian": {
              "long": {
                "generic": "heure d’Hawaï - Aléoutiennes",
                "standard": "heure normale d’Hawaï - Aléoutiennes",
                "daylight": "heure d’été d’Hawaï - Aléoutiennes"
              }
            },
            "Hong_Kong": {
              "long": {
                "generic": "heure de Hong Kong",
                "standard": "heure normale de Hong Kong",
                "daylight": "heure d’été de Hong Kong"
              }
            },
            "Hovd": {
              "long": {
                "generic": "heure de Hovd",
                "standard": "heure normale de Hovd",
                "daylight": "heure d’été de Hovd"
              }
            },
            "India": {
              "long": {
                "standard": "heure de l’Inde"
              }
            },
            "Indian_Ocean": {
              "long": {
                "standard": "heure de l’Océan Indien"
              }
            },
            "Indochina": {
              "long": {
                "standard": "heure d’Indochine"
              }
            },
            "Indonesia_Central": {
              "long": {
                "standard": "heure du Centre indonésien"
              }
            },
            "Indonesia_Eastern": {
              "long": {
                "standard": "heure de l’Est indonésien"
              }
            },
            "Indonesia_Western": {
              "long": {
                "standard": "heure de l’Ouest indonésien"
              }
            },
            "Iran": {
              "long": {
                "generic": "heure de l’Iran",
                "standard": "heure normale d’Iran",
                "daylight": "heure d’été d’Iran"
              }
            },
            "Irkutsk": {
              "long": {
                "generic": "heure d’Irkoutsk",
                "standard": "heure normale d’Irkoutsk",
                "daylight": "heure d’été d’Irkoutsk"
              }
            },
            "Israel": {
              "long": {
                "generic": "heure d’Israël",
                "standard": "heure normale d’Israël",
                "daylight": "heure d’été d’Israël"
              }
            },
            "Japan": {
              "long": {
                "generic": "heure du Japon",
                "standard": "heure normale du Japon",
                "daylight": "heure d’été du Japon"
              }
            },
            "Kamchatka": {
              "long": {
                "generic": "heure de Petropavlovsk-Kamchatski",
                "standard": "heure normale de Petropavlovsk-Kamchatski",
                "daylight": "heure d’été de Petropavlovsk-Kamchatski"
              }
            },
            "Kazakhstan": {
              "long": {
                "standard": "heure du Kazakhstan"
              }
            },
            "Kazakhstan_Eastern": {
              "long": {
                "standard": "heure de l’Est du Kazakhstan"
              }
            },
            "Kazakhstan_Western": {
              "long": {
                "standard": "heure de l’Ouest du Kazakhstan"
              }
            },
            "Korea": {
              "long": {
                "generic": "heure de la Corée",
                "standard": "heure normale de la Corée",
                "daylight": "heure d’été de Corée"
              }
            },
            "Kosrae": {
              "long": {
                "standard": "heure de Kosrae"
              }
            },
            "Krasnoyarsk": {
              "long": {
                "generic": "heure de Krasnoïarsk",
                "standard": "heure normale de Krasnoïarsk",
                "daylight": "heure d’été de Krasnoïarsk"
              }
            },
            "Kyrgystan": {
              "long": {
                "standard": "heure du Kirghizistan"
              }
            },
            "Line_Islands": {
              "long": {
                "standard": "heure des îles de la Ligne"
              }
            },
            "Lord_Howe": {
              "long": {
                "generic": "heure de Lord Howe",
                "standard": "heure normale de Lord Howe",
                "daylight": "heure d’été de Lord Howe"
              }
            },
            "Magadan": {
              "long": {
                "generic": "heure de Magadan",
                "standard": "heure normale de Magadan",
                "daylight": "heure d’été de Magadan"
              }
            },
            "Malaysia": {
              "long": {
                "standard": "heure de la Malaisie"
              }
            },
            "Maldives": {
              "long": {
                "standard": "heure des Maldives"
              }
            },
            "Marquesas": {
              "long": {
                "standard": "heure des îles Marquises"
              }
            },
            "Marshall_Islands": {
              "long": {
                "standard": "heure des îles Marshall"
              }
            },
            "Mauritius": {
              "long": {
                "generic": "heure de Maurice",
                "standard": "heure normale de Maurice",
                "daylight": "heure d’été de Maurice"
              }
            },
            "Mawson": {
              "long": {
                "standard": "heure de Mawson"
              }
            },
            "Mexico_Pacific": {
              "long": {
                "generic": "heure du Pacifique mexicain",
                "standard": "heure normale du Pacifique mexicain",
                "daylight": "heure d’été du Pacifique mexicain"
              }
            },
            "Mongolia": {
              "long": {
                "generic": "heure d’Oulan-Bator",
                "standard": "heure normale d’Oulan-Bator",
                "daylight": "heure d’été d’Oulan-Bator"
              }
            },
            "Moscow": {
              "long": {
                "generic": "heure de Moscou",
                "standard": "heure normale de Moscou",
                "daylight": "heure d’été de Moscou"
              }
            },
            "Myanmar": {
              "long": {
                "standard": "heure du Myanmar"
              }
            },
            "Nauru": {
              "long": {
                "standard": "heure de Nauru"
              }
            },
            "Nepal": {
              "long": {
                "standard": "heure du Népal"
              }
            },
            "New_Caledonia": {
              "long": {
                "generic": "heure de la Nouvelle-Calédonie",
                "standard": "heure normale de la Nouvelle-Calédonie",
                "daylight": "heure d’été de Nouvelle-Calédonie"
              }
            },
            "New_Zealand": {
              "long": {
                "generic": "heure de la Nouvelle-Zélande",
                "standard": "heure normale de la Nouvelle-Zélande",
                "daylight": "heure d’été de la Nouvelle-Zélande"
              }
            },
            "Newfoundland": {
              "long": {
                "generic": "heure de Terre-Neuve",
                "standard": "heure normale de Terre-Neuve",
                "daylight": "heure d’été de Terre-Neuve"
              }
            },
            "Niue": {
              "long": {
                "standard": "heure de Niue"
              }
            },
            "Norfolk": {
              "long": {
                "generic": "heure de lՔle Norfolk",
                "standard": "heure normale de lՔle Norfolk",
                "daylight": "heure d’été de l’île Norfolk"
              }
            },
            "Noronha": {
              "long": {
                "generic": "heure de Fernando de Noronha",
                "standard": "heure normale de Fernando de Noronha",
                "daylight": "heure d’été de Fernando de Noronha"
              }
            },
            "North_Mariana": {
              "long": {
                "standard": "heure des îles Mariannes du Nord"
              }
            },
            "Novosibirsk": {
              "long": {
                "generic": "heure de Novossibirsk",
                "standard": "heure normale de Novossibirsk",
                "daylight": "heure d’été de Novossibirsk"
              }
            },
            "Omsk": {
              "long": {
                "generic": "heure de Omsk",
                "standard": "heure normale de Omsk",
                "daylight": "heure d’été de Omsk"
              }
            },
            "Pakistan": {
              "long": {
                "generic": "heure du Pakistan",
                "standard": "heure normale du Pakistan",
                "daylight": "heure d’été du Pakistan"
              }
            },
            "Palau": {
              "long": {
                "standard": "heure des Palaos"
              }
            },
            "Papua_New_Guinea": {
              "long": {
                "standard": "heure de la Papouasie-Nouvelle-Guinée"
              }
            },
            "Paraguay": {
              "long": {
                "generic": "heure du Paraguay",
                "standard": "heure normale du Paraguay",
                "daylight": "heure d’été du Paraguay"
              }
            },
            "Peru": {
              "long": {
                "generic": "heure du Pérou",
                "standard": "heure normale du Pérou",
                "daylight": "heure d’été du Pérou"
              }
            },
            "Philippines": {
              "long": {
                "generic": "heure des Philippines",
                "standard": "heure normale des Philippines",
                "daylight": "heure d’été des Philippines"
              }
            },
            "Phoenix_Islands": {
              "long": {
                "standard": "heure des îles Phoenix"
              }
            },
            "Pierre_Miquelon": {
              "long": {
                "generic": "heure de Saint-Pierre-et-Miquelon",
                "standard": "heure normale de Saint-Pierre-et-Miquelon",
                "daylight": "heure d’été de Saint-Pierre-et-Miquelon"
              }
            },
            "Pitcairn": {
              "long": {
                "standard": "heure des îles Pitcairn"
              }
            },
            "Ponape": {
              "long": {
                "standard": "heure de lՔle de Pohnpei"
              }
            },
            "Pyongyang": {
              "long": {
                "standard": "heure de Pyongyang"
              }
            },
            "Reunion": {
              "long": {
                "standard": "heure de La Réunion"
              }
            },
            "Rothera": {
              "long": {
                "standard": "heure de Rothera"
              }
            },
            "Sakhalin": {
              "long": {
                "generic": "heure de Sakhaline",
                "standard": "heure normale de Sakhaline",
                "daylight": "heure d’été de Sakhaline"
              }
            },
            "Samara": {
              "long": {
                "generic": "heure de Samara",
                "standard": "heure normale de Samara",
                "daylight": "heure d’été de Samara"
              }
            },
            "Samoa": {
              "long": {
                "generic": "heure des Samoa",
                "standard": "heure normale des Samoa",
                "daylight": "heure d’été des Samoa"
              }
            },
            "Seychelles": {
              "long": {
                "standard": "heure des Seychelles"
              }
            },
            "Singapore": {
              "long": {
                "standard": "heure de Singapour"
              }
            },
            "Solomon": {
              "long": {
                "standard": "heure des îles Salomon"
              }
            },
            "South_Georgia": {
              "long": {
                "standard": "heure de Géorgie du Sud"
              }
            },
            "Suriname": {
              "long": {
                "standard": "heure du Suriname"
              }
            },
            "Syowa": {
              "long": {
                "standard": "heure de Syowa"
              }
            },
            "Tahiti": {
              "long": {
                "standard": "heure de Tahiti"
              }
            },
            "Taipei": {
              "long": {
                "generic": "heure de Taipei",
                "standard": "heure normale de Taipei",
                "daylight": "heure d’été de Taipei"
              }
            },
            "Tajikistan": {
              "long": {
                "standard": "heure du Tadjikistan"
              }
            },
            "Tokelau": {
              "long": {
                "standard": "heure de Tokelau"
              }
            },
            "Tonga": {
              "long": {
                "generic": "heure des Tonga",
                "standard": "heure normale des Tonga",
                "daylight": "heure d’été de Tonga"
              }
            },
            "Truk": {
              "long": {
                "standard": "heure de Chuuk"
              }
            },
            "Turkey": {
              "long": {
                "generic": "heure de Turquie",
                "standard": "heure normale de Turquie",
                "daylight": "heure avancée de Turquie"
              }
            },
            "Turkmenistan": {
              "long": {
                "generic": "heure du Turkménistan",
                "standard": "heure normale du Turkménistan",
                "daylight": "heure d’été du Turkménistan"
              }
            },
            "Tuvalu": {
              "long": {
                "standard": "heure des Tuvalu"
              }
            },
            "Uruguay": {
              "long": {
                "generic": "heure de l’Uruguay",
                "standard": "heure normale de l’Uruguay",
                "daylight": "heure d’été de l’Uruguay"
              }
            },
            "Uzbekistan": {
              "long": {
                "generic": "heure de l’Ouzbékistan",
                "standard": "heure normale de l’Ouzbékistan",
                "daylight": "heure d’été de l’Ouzbékistan"
              }
            },
            "Vanuatu": {
              "long": {
                "generic": "heure du Vanuatu",
                "standard": "heure normale du Vanuatu",
                "daylight": "heure d’été de Vanuatu"
              }
            },
            "Venezuela": {
              "long": {
                "standard": "heure du Venezuela"
              }
            },
            "Vladivostok": {
              "long": {
                "generic": "heure de Vladivostok",
                "standard": "heure normale de Vladivostok",
                "daylight": "heure d’été de Vladivostok"
              }
            },
            "Volgograd": {
              "long": {
                "generic": "heure de Volgograd",
                "standard": "heure normale de Volgograd",
                "daylight": "heure d’été de Volgograd"
              }
            },
            "Vostok": {
              "long": {
                "standard": "heure de Vostok"
              }
            },
            "Wake": {
              "long": {
                "standard": "heure de lՔle Wake"
              }
            },
            "Wallis": {
              "long": {
                "standard": "heure de Wallis-et-Futuna"
              }
            },
            "Yakutsk": {
              "long": {
                "generic": "heure de Iakoutsk",
                "standard": "heure normale de Iakoutsk",
                "daylight": "heure d’été de Iakoutsk"
              }
            },
            "Yekaterinburg": {
              "long": {
                "generic": "heure d’Ekaterinbourg",
                "standard": "heure normale d’Ekaterinbourg",
                "daylight": "heure d’été d’Ekaterinbourg"
              }
            },
            "Yukon": {
              "long": {
                "standard": "heure normale du Yukon"
              }
            }
          }
        }
      }
    }
  }
}
