{
  "defaults": {
    "Acre": {
      "daylight": "Acre Summer Time",
      "standard": "Acre Standard Time"
    },
    "Afghanistan": {
      "standard": "Afghanistan Time"
    },
    "Africa_Central": {
      "standard": "Central Africa Time"
    },
    "Africa_Eastern": {
      "standard": "East Africa Time"
    },
    "Africa_Southern": {
      "standard": "South Africa Standard Time"
    },
    "Africa_Western": {
      "daylight": "West Africa Summer Time",
      "standard": "West Africa Standard Time"
    },
    "Alaska": {
      "daylight": "Alaska Daylight Time",
      "standard": "Alaska Standard Time"
    },
    "Almaty": {
      "daylight": "Almaty Summer Time",
      "standard": "Almaty Standard Time"
    },
    "Amazon": {
      "daylight": "Amazon Summer Time",
      "standard": "Amazon Standard Time"
    },
    "America_Central": {
      "daylight": "Central Daylight Time",
      "standard": "Central Standard Time"
    },
    "America_Eastern": {
      "daylight": "Eastern Daylight Time",
      "standard": "Eastern Standard Time"
    },
    "America_Mountain": {
      "daylight": "Mountain Daylight Time",
      "standard": "Mountain Standard Time"
    },
    "America_Pacific": {
      "daylight": "Pacific Daylight Time",
      "standard": "Pacific Standard Time"
    },
    "Anadyr": {
      "daylight": "Anadyr Summer Time",
      "standard": "Anadyr Standard Time"
    },
    "Apia": {
      "daylight": "Apia Daylight Time",
      "standard": "Apia Standard Time"
    },
    "Aqtau": {
      "daylight": "Aqtau Summer Time",
      "standard": "Aqtau Standard Time"
    },
    "Aqtobe": {
      "daylight": "Aqtobe Summer Time",
      "standard": "Aqtobe Standard Time"
    },
    "Arabian": {
      "daylight": "Arabian Daylight Time",
      "standard": "Arabian Standard Time"
    },
    "Argentina": {
      "daylight": "Argentina Summer Time",
      "standard": "Argentina Standard Time"
    },
    "Argentina_Western": {
      "daylight": "Western Argentina Summer Time",
      "standard": "Western Argentina Standard Time"
    },
    "Armenia": {
      "daylight": "Armenia Summer Time",
      "standard": "Armenia Standard Time"
    },
    "Atlantic": {
      "daylight": "Atlantic Daylight Time",
      "standard": "Atlantic Standard Time"
    },
    "Australia_Central": {
      "daylight": "Australian Central Daylight Time",
      "standard": "Australian Central Standard Time"
    },
    "Australia_CentralWestern": {
      "daylight": "Australian Central Western Daylight Time",
      "standard": "Australian Central Western Standard Time"
    },
    "Australia_Eastern": {
      "daylight": "Australian Eastern Daylight Time",
      "standard": "Australian Eastern Standard Time"
    },
    "Australia_Western": {
      "daylight": "Australian Western Daylight Time",
      "standard": "Australian Western Standard Time"
    },
    "Azerbaijan": {
      "daylight": "Azerbaijan Summer Time",
      "standard": "Azerbaijan Standard Time"
    },
    "Azores": {
      "daylight": "Azores Summer Time",
      "standard": "Azores Standard Time"
    },
    "Bangladesh": {
      "daylight": "Bangladesh Summer Time",
      "standard": "Bangladesh Standard Time"
    },
    "Bhutan": {
      "standard": "Bhutan Time"
    },
    "Bolivia": {
      "standard": "Bolivia Time"
    },
    "Brasilia": {
      "daylight": "Brasilia Summer Time",
      "standard": "Brasilia Standard Time"
    },
    "Brunei": {
      "standard": "Brunei Darussalam Time"
    },
    "Cape_Verde": {
      "daylight": "Cape Verde Summer Time",
      "standard": "Cape Verde Standard Time"
    },
    "Casey": {
      "standard": "Casey Time"
    },
    "Chamorro": {
      "standard": "Chamorro Standard Time"
    },
    "Chatham": {
      "daylight": "Chatham Daylight Time",
      "standard": "Chatham Standard Time"
    },
    "Chile": {
      "daylight": "Chile Summer Time",
      "standard": "Chile Standard Time"
    },
    "China": {
      "daylight": "China Daylight Time",
      "standard": "China Standard Time"
    },
    "Choibalsan": {
      "daylight": "Choibalsan Summer Time",
      "standard": "Choibalsan Standard Time"
    },
    "Christmas": {
      "standard": "Christmas Island Time"
    },
    "Cocos": {
      "standard": "Cocos Islands Time"
    },
    "Colombia": {
      "daylight": "Colombia Summer Time",
      "standard": "Colombia Standard Time"
    },
    "Cook": {
      "daylight": "Cook Islands Half Summer Time",
      "standard": "Cook Islands Standard Time"
    },
    "Cuba": {
      "daylight": "Cuba Daylight Time",
      "standard": "Cuba Standard Time"
    },
    "Davis": {
      "standard": "Davis Time"
    },
    "DumontDUrville": {
      "standard": "Dumont-d’Urville Time"
    },
    "East_Timor": {
      "standard": "East Timor Time"
    },
    "Easter": {
      "daylight": "Easter Island Summer Time",
      "standard": "Easter Island Standard Time"
    },
    "Ecuador": {
      "standard": "Ecuador Time"
    },
    "Europe_Central": {
      "daylight": "Central European Summer Time",
      "standard": "Central European Standard Time"
    },
    "Europe_Eastern": {
      "daylight": "Eastern European Summer Time",
      "standard": "Eastern European Standard Time"
    },
    "Europe_Further_Eastern": {
      "standard": "Further-eastern European Time"
    },
    "Europe_Western": {
      "daylight": "Western European Summer Time",
      "standard": "Western European Standard Time"
    },
    "Falkland": {
      "daylight": "Falkland Islands Summer Time",
      "standard": "Falkland Islands Standard Time"
    },
    "Fiji": {
      "daylight": "Fiji Summer Time",
      "standard": "Fiji Standard Time"
    },
    "French_Guiana": {
      "standard": "French Guiana Time"
    },
    "French_Southern": {
      "standard": "French Southern & Antarctic Time"
    },
    "GMT": {
      "standard": "Greenwich Mean Time"
    },
    "Galapagos": {
      "standard": "Galapagos Time"
    },
    "Gambier": {
      "standard": "Gambier Time"
    },
    "Georgia": {
      "daylight": "Georgia Summer Time",
      "standard": "Georgia Standard Time"
    },
    "Gilbert_Islands": {
      "standard": "Gilbert Islands Time"
    },
    "Greenland_Eastern": {
      "daylight": "East Greenland Summer Time",
      "standard": "East Greenland Standard Time"
    },
    "Greenland_Western": {
      "daylight": "West Greenland Summer Time",
      "standard": "West Greenland Standard Time"
    },
    "Guam": {
      "standard": "Guam Standard Time"
    },
    "Gulf": {
      "standard": "Gulf Standard Time"
    },
    "Guyana": {
      "standard": "Guyana Time"
    },
    "Hawaii_Aleutian": {
      "daylight": "Hawaii-Aleutian Daylight Time",
      "standard": "Hawaii-Aleutian Standard Time"
    },
    "Hong_Kong": {
      "daylight": "Hong Kong Summer Time",
      "standard": "Hong Kong Standard Time"
    },
    "Hovd": {
      "daylight": "Hovd Summer Time",
      "standard": "Hovd Standard Time"
    },
    "India": {
      "standard": "India Standard Time"
    },
    "Indian_Ocean": {
      "standard": "Indian Ocean Time"
    },
    "Indochina": {
      "standard": "Indochina Time"
    },
    "Indonesia_Central": {
      "standard": "Central Indonesia Time"
    },
    "Indonesia_Eastern": {
      "standard": "Eastern Indonesia Time"
    },
    "Indonesia_Western": {
      "standard": "Western Indonesia Time"
    },
    "Iran": {
      "daylight": "Iran Daylight Time",
      "standard": "Iran Standard Time"
    },
    "Irkutsk": {
      "daylight": "Irkutsk Summer Time",
      "standard": "Irkutsk Standard Time"
    },
    "Israel": {
      "daylight": "Israel Daylight Time",
      "standard": "Israel Standard Time"
    },
    "Japan": {
      "daylight": "Japan Daylight Time",
      "standard": "Japan Standard Time"
    },
    "Kamchatka": {
      "daylight": "Petropavlovsk-Kamchatski Summer Time",
      "standard": "Petropavlovsk-Kamchatski Standard Time"
    },
    "Kazakhstan_Eastern": {
      "standard": "East Kazakhstan Time"
    },
    "Kazakhstan_Western": {
      "standard": "West Kazakhstan Time"
    },
    "Korea": {
      "daylight": "Korean Daylight Time",
      "standard": "Korean Standard Time"
    },
    "Kosrae": {
      "standard": "Kosrae Time"
    },
    "Krasnoyarsk": {
      "daylight": "Krasnoyarsk Summer Time",
      "standard": "Krasnoyarsk Standard Time"
    },
    "Kyrgystan": {
      "standard": "Kyrgyzstan Time"
    },
    "Lanka": {
      "standard": "Lanka Time"
    },
    "Line_Islands": {
      "standard": "Line Islands Time"
    },
    "Lord_Howe": {
      "daylight": "Lord Howe Daylight Time",
      "standard": "Lord Howe Standard Time"
    },
    "Macau": {
      "daylight": "Macao Summer Time",
      "standard": "Macao Standard Time"
    },
    "Macquarie": {
      "standard": "Macquarie Island Time"
    },
    "Magadan": {
      "daylight": "Magadan Summer Time",
      "standard": "Magadan Standard Time"
    },
    "Malaysia": {
      "standard": "Malaysia Time"
    },
    "Maldives": {
      "standard": "Maldives Time"
    },
    "Marquesas": {
      "standard": "Marquesas Time"
    },
    "Marshall_Islands": {
      "standard": "Marshall Islands Time"
    },
    "Mauritius": {
      "daylight": "Mauritius Summer Time",
      "standard": "Mauritius Standard Time"
    },
    "Mawson": {
      "standard": "Mawson Time"
    },
    "Mexico_Northwest": {
      "daylight": "Northwest Mexico Daylight Time",
      "standard": "Northwest Mexico Standard Time"
    },
    "Mexico_Pacific": {
      "daylight": "Mexican Pacific Daylight Time",
      "standard": "Mexican Pacific Standard Time"
    },
    "Mongolia": {
      "daylight": "Ulaanbaatar Summer Time",
      "standard": "Ulaanbaatar Standard Time"
    },
    "Moscow": {
      "daylight": "Moscow Summer Time",
      "standard": "Moscow Standard Time"
    },
    "Myanmar": {
      "standard": "Myanmar Time"
    },
    "Nauru": {
      "standard": "Nauru Time"
    },
    "Nepal": {
      "standard": "Nepal Time"
    },
    "New_Caledonia": {
      "daylight": "New Caledonia Summer Time",
      "standard": "New Caledonia Standard Time"
    },
    "New_Zealand": {
      "daylight": "New Zealand Daylight Time",
      "standard": "New Zealand Standard Time"
    },
    "Newfoundland": {
      "daylight": "Newfoundland Daylight Time",
      "standard": "Newfoundland Standard Time"
    },
    "Niue": {
      "standard": "Niue Time"
    },
    "Norfolk": {
      "daylight": "Norfolk Island Daylight Time",
      "standard": "Norfolk Island Standard Time"
    },
    "Noronha": {
      "daylight": "Fernando de Noronha Summer Time",
      "standard": "Fernando de Noronha Standard Time"
    },
    "North_Mariana": {
      "standard": "North Mariana Islands Time"
    },
    "Novosibirsk": {
      "daylight": "Novosibirsk Summer Time",
      "standard": "Novosibirsk Standard Time"
    },
    "Omsk": {
      "daylight": "Omsk Summer Time",
      "standard": "Omsk Standard Time"
    },
    "Pakistan": {
      "daylight": "Pakistan Summer Time",
      "standard": "Pakistan Standard Time"
    },
    "Palau": {
      "standard": "Palau Time"
    },
    "Papua_New_Guinea": {
      "standard": "Papua New Guinea Time"
    },
    "Paraguay": {
      "daylight": "Paraguay Summer Time",
      "standard": "Paraguay Standard Time"
    },
    "Peru": {
      "daylight": "Peru Summer Time",
      "standard": "Peru Standard Time"
    },
    "Philippines": {
      "daylight": "Philippine Summer Time",
      "standard": "Philippine Standard Time"
    },
    "Phoenix_Islands": {
      "standard": "Phoenix Islands Time"
    },
    "Pierre_Miquelon": {
      "daylight": "St Pierre & Miquelon Daylight Time",
      "standard": "St Pierre & Miquelon Standard Time"
    },
    "Pitcairn": {
      "standard": "Pitcairn Time"
    },
    "Ponape": {
      "standard": "Ponape Time"
    },
    "Pyongyang": {
      "standard": "Pyongyang Time"
    },
    "Qyzylorda": {
      "daylight": "Qyzylorda Summer Time",
      "standard": "Qyzylorda Standard Time"
    },
    "Reunion": {
      "standard": "Réunion Time"
    },
    "Rothera": {
      "standard": "Rothera Time"
    },
    "Sakhalin": {
      "daylight": "Sakhalin Summer Time",
      "standard": "Sakhalin Standard Time"
    },
    "Samara": {
      "daylight": "Samara Summer Time",
      "standard": "Samara Standard Time"
    },
    "Samoa": {
      "daylight": "Samoa Daylight Time",
      "standard": "Samoa Standard Time"
    },
    "Seychelles": {
      "standard": "Seychelles Time"
    },
    "Singapore": {
      "standard": "Singapore Standard Time"
    },
    "Solomon": {
      "standard": "Solomon Islands Time"
    },
    "South_Georgia": {
      "standard": "South Georgia Time"
    },
    "Suriname": {
      "standard": "Suriname Time"
    },
    "Syowa": {
      "standard": "Syowa Time"
    },
    "Tahiti": {
      "standard": "Tahiti Time"
    },
    "Taipei": {
      "daylight": "Taipei Daylight Time",
      "standard": "Taipei Standard Time"
    },
    "Tajikistan": {
      "standard": "Tajikistan Time"
    },
    "Tokelau": {
      "standard": "Tokelau Time"
    },
    "Tonga": {
      "daylight": "Tonga Summer Time",
      "standard": "Tonga Standard Time"
    },
    "Truk": {
      "standard": "Chuuk Time"
    },
    "Turkmenistan": {
      "daylight": "Turkmenistan Summer Time",
      "standard": "Turkmenistan Standard Time"
    },
    "Tuvalu": {
      "standard": "Tuvalu Time"
    },
    "Uruguay": {
      "daylight": "Uruguay Summer Time",
      "standard": "Uruguay Standard Time"
    },
    "Uzbekistan": {
      "daylight": "Uzbekistan Summer Time",
      "standard": "Uzbekistan Standard Time"
    },
    "Vanuatu": {
      "daylight": "Vanuatu Summer Time",
      "standard": "Vanuatu Standard Time"
    },
    "Venezuela": {
      "standard": "Venezuela Time"
    },
    "Vladivostok": {
      "daylight": "Vladivostok Summer Time",
      "standard": "Vladivostok Standard Time"
    },
    "Volgograd": {
      "daylight": "Volgograd Summer Time",
      "standard": "Volgograd Standard Time"
    },
    "Vostok": {
      "standard": "Vostok Time"
    },
    "Wake": {
      "standard": "Wake Island Time"
    },
    "Wallis": {
      "standard": "Wallis & Futuna Time"
    },
    "Yakutsk": {
      "daylight": "Yakutsk Summer Time",
      "standard": "Yakutsk Standard Time"
    },
    "Yekaterinburg": {
      "daylight": "Yekaterinburg Summer Time",
      "standard": "Yekaterinburg Standard Time"
    },
    "Yukon": {
      "standard": "Yukon Time"
    }
  },
  "overrides": {
    "Etc/UTC": {
      "standard": "Coordinated Universal Time"
    },
    "Europe/Dublin": {
      "daylight": "Irish Standard Time"
    },
    "Europe/London": {
      "daylight": "British Summer Time"
    }
  }
}
