{
  "defaults": {
    "acre": {
      "daylight": "Acre Summer Time",
      "standard": "Acre Standard Time"
    },
    "afce": {
      "standard": "Central Africa Time"
    },
    "afea": {
      "standard": "East Africa Time"
    },
    "afgh": {
      "standard": "Afghanistan Time"
    },
    "afso": {
      "standard": "South Africa Standard Time"
    },
    "afwe": {
      "daylight": "West Africa Summer Time",
      "standard": "West Africa Standard Time"
    },
    "alam": {
      "daylight": "Almaty Summer Time",
      "standard": "Almaty Standard Time"
    },
    "alas": {
      "daylight": "Alaska Daylight Time",
      "standard": "Alaska Standard Time"
    },
    "amaz": {
      "daylight": "Amazon Summer Time",
      "standard": "Amazon Standard Time"
    },
    "amce": {
      "daylight": "Central Daylight Time",
      "standard": "Central Standard Time"
    },
    "amea": {
      "daylight": "Eastern Daylight Time",
      "standard": "Eastern Standard Time"
    },
    "ammo": {
      "daylight": "Mountain Daylight Time",
      "standard": "Mountain Standard Time"
    },
    "ampa": {
      "daylight": "Pacific Daylight Time",
      "standard": "Pacific Standard Time"
    },
    "anad": {
      "daylight": "Anadyr Summer Time",
      "standard": "Anadyr Standard Time"
    },
    "apia": {
      "daylight": "Apia Daylight Time",
      "standard": "Apia Standard Time"
    },
    "aqta": {
      "daylight": "Aqtau Summer Time",
      "standard": "Aqtau Standard Time"
    },
    "aqto": {
      "daylight": "Aqtobe Summer Time",
      "standard": "Aqtobe Standard Time"
    },
    "arab": {
      "daylight": "Arabian Daylight Time",
      "standard": "Arabian Standard Time"
    },
    "arge": {
      "daylight": "Argentina Summer Time",
      "standard": "Argentina Standard Time"
    },
    "arme": {
      "daylight": "Armenia Summer Time",
      "standard": "Armenia Standard Time"
    },
    "arwe": {
      "daylight": "Western Argentina Summer Time",
      "standard": "Western Argentina Standard Time"
    },
    "atla": {
      "daylight": "Atlantic Daylight Time",
      "standard": "Atlantic Standard Time"
    },
    "auce": {
      "daylight": "Australian Central Daylight Time",
      "standard": "Australian Central Standard Time"
    },
    "aucw": {
      "daylight": "Australian Central Western Daylight Time",
      "standard": "Australian Central Western Standard Time"
    },
    "auea": {
      "daylight": "Australian Eastern Daylight Time",
      "standard": "Australian Eastern Standard Time"
    },
    "auwe": {
      "daylight": "Australian Western Daylight Time",
      "standard": "Australian Western Standard Time"
    },
    "azer": {
      "daylight": "Azerbaijan Summer Time",
      "standard": "Azerbaijan Standard Time"
    },
    "azor": {
      "daylight": "Azores Summer Time",
      "standard": "Azores Standard Time"
    },
    "bang": {
      "daylight": "Bangladesh Summer Time",
      "standard": "Bangladesh Standard Time"
    },
    "bhut": {
      "standard": "Bhutan Time"
    },
    "boli": {
      "standard": "Bolivia Time"
    },
    "bras": {
      "daylight": "Brasilia Summer Time",
      "standard": "Brasilia Standard Time"
    },
    "brun": {
      "standard": "Brunei Darussalam Time"
    },
    "case": {
      "standard": "Casey Time"
    },
    "cave": {
      "daylight": "Cape Verde Summer Time",
      "standard": "Cape Verde Standard Time"
    },
    "cham": {
      "standard": "Chamorro Standard Time"
    },
    "chat": {
      "daylight": "Chatham Daylight Time",
      "standard": "Chatham Standard Time"
    },
    "chil": {
      "daylight": "Chile Summer Time",
      "standard": "Chile Standard Time"
    },
    "chin": {
      "daylight": "China Daylight Time",
      "standard": "China Standard Time"
    },
    "choi": {
      "daylight": "Choibalsan Summer Time",
      "standard": "Choibalsan Standard Time"
    },
    "chri": {
      "standard": "Christmas Island Time"
    },
    "coco": {
      "standard": "Cocos Islands Time"
    },
    "colo": {
      "daylight": "Colombia Summer Time",
      "standard": "Colombia Standard Time"
    },
    "cook": {
      "daylight": "Cook Islands Half Summer Time",
      "standard": "Cook Islands Standard Time"
    },
    "cuba": {
      "daylight": "Cuba Daylight Time",
      "standard": "Cuba Standard Time"
    },
    "davi": {
      "standard": "Davis Time"
    },
    "dumo": {
      "standard": "Dumont-d’Urville Time"
    },
    "east": {
      "daylight": "Easter Island Summer Time",
      "standard": "Easter Island Standard Time"
    },
    "eati": {
      "standard": "East Timor Time"
    },
    "ecua": {
      "standard": "Ecuador Time"
    },
    "euce": {
      "daylight": "Central European Summer Time",
      "standard": "Central European Standard Time"
    },
    "euea": {
      "daylight": "Eastern European Summer Time",
      "standard": "Eastern European Standard Time"
    },
    "eufe": {
      "standard": "Further-eastern European Time"
    },
    "euwe": {
      "daylight": "Western European Summer Time",
      "standard": "Western European Standard Time"
    },
    "falk": {
      "daylight": "Falkland Islands Summer Time",
      "standard": "Falkland Islands Standard Time"
    },
    "fiji": {
      "daylight": "Fiji Summer Time",
      "standard": "Fiji Standard Time"
    },
    "frgu": {
      "standard": "French Guiana Time"
    },
    "frso": {
      "standard": "French Southern & Antarctic Time"
    },
    "gala": {
      "standard": "Galapagos Time"
    },
    "gamb": {
      "standard": "Gambier Time"
    },
    "geor": {
      "daylight": "Georgia Summer Time",
      "standard": "Georgia Standard Time"
    },
    "giis": {
      "standard": "Gilbert Islands Time"
    },
    "grea": {
      "daylight": "East Greenland Summer Time",
      "standard": "East Greenland Standard Time"
    },
    "grwe": {
      "daylight": "West Greenland Summer Time",
      "standard": "West Greenland Standard Time"
    },
    "guam": {
      "standard": "Guam Standard Time"
    },
    "gulf": {
      "standard": "Gulf Standard Time"
    },
    "guya": {
      "standard": "Guyana Time"
    },
    "haal": {
      "daylight": "Hawaii-Aleutian Daylight Time",
      "standard": "Hawaii-Aleutian Standard Time"
    },
    "hoko": {
      "daylight": "Hong Kong Summer Time",
      "standard": "Hong Kong Standard Time"
    },
    "hovd": {
      "daylight": "Hovd Summer Time",
      "standard": "Hovd Standard Time"
    },
    "ince": {
      "standard": "Central Indonesia Time"
    },
    "indi": {
      "standard": "India Standard Time"
    },
    "indo": {
      "standard": "Indochina Time"
    },
    "inea": {
      "standard": "Eastern Indonesia Time"
    },
    "inoc": {
      "standard": "Indian Ocean Time"
    },
    "inwe": {
      "standard": "Western Indonesia Time"
    },
    "iran": {
      "daylight": "Iran Daylight Time",
      "standard": "Iran Standard Time"
    },
    "irku": {
      "daylight": "Irkutsk Summer Time",
      "standard": "Irkutsk Standard Time"
    },
    "isra": {
      "daylight": "Israel Daylight Time",
      "standard": "Israel Standard Time"
    },
    "japa": {
      "daylight": "Japan Daylight Time",
      "standard": "Japan Standard Time"
    },
    "kaea": {
      "standard": "East Kazakhstan Time"
    },
    "kamc": {
      "daylight": "Petropavlovsk-Kamchatski Summer Time",
      "standard": "Petropavlovsk-Kamchatski Standard Time"
    },
    "kawe": {
      "standard": "West Kazakhstan Time"
    },
    "kore": {
      "daylight": "Korean Daylight Time",
      "standard": "Korean Standard Time"
    },
    "kosr": {
      "standard": "Kosrae Time"
    },
    "kras": {
      "daylight": "Krasnoyarsk Summer Time",
      "standard": "Krasnoyarsk Standard Time"
    },
    "kyrg": {
      "standard": "Kyrgyzstan Time"
    },
    "lank": {
      "standard": "Lanka Time"
    },
    "liis": {
      "standard": "Line Islands Time"
    },
    "loho": {
      "daylight": "Lord Howe Daylight Time",
      "standard": "Lord Howe Standard Time"
    },
    "maca": {
      "daylight": "Macao Summer Time",
      "standard": "Macao Standard Time"
    },
    "macq": {
      "standard": "Macquarie Island Time"
    },
    "maga": {
      "daylight": "Magadan Summer Time",
      "standard": "Magadan Standard Time"
    },
    "mais": {
      "standard": "Marshall Islands Time"
    },
    "mala": {
      "standard": "Malaysia Time"
    },
    "mald": {
      "standard": "Maldives Time"
    },
    "marq": {
      "standard": "Marquesas Time"
    },
    "maur": {
      "daylight": "Mauritius Summer Time",
      "standard": "Mauritius Standard Time"
    },
    "maws": {
      "standard": "Mawson Time"
    },
    "meno": {
      "daylight": "Northwest Mexico Daylight Time",
      "standard": "Northwest Mexico Standard Time"
    },
    "mepa": {
      "daylight": "Mexican Pacific Daylight Time",
      "standard": "Mexican Pacific Standard Time"
    },
    "mgmt": {
      "standard": "Greenwich Mean Time"
    },
    "mong": {
      "daylight": "Ulaanbaatar Summer Time",
      "standard": "Ulaanbaatar Standard Time"
    },
    "mosc": {
      "daylight": "Moscow Summer Time",
      "standard": "Moscow Standard Time"
    },
    "myan": {
      "standard": "Myanmar Time"
    },
    "naur": {
      "standard": "Nauru Time"
    },
    "neca": {
      "daylight": "New Caledonia Summer Time",
      "standard": "New Caledonia Standard Time"
    },
    "nepa": {
      "standard": "Nepal Time"
    },
    "newf": {
      "daylight": "Newfoundland Daylight Time",
      "standard": "Newfoundland Standard Time"
    },
    "neze": {
      "daylight": "New Zealand Daylight Time",
      "standard": "New Zealand Standard Time"
    },
    "niue": {
      "standard": "Niue Time"
    },
    "noma": {
      "standard": "North Mariana Islands Time"
    },
    "norf": {
      "daylight": "Norfolk Island Daylight Time",
      "standard": "Norfolk Island Standard Time"
    },
    "noro": {
      "daylight": "Fernando de Noronha Summer Time",
      "standard": "Fernando de Noronha Standard Time"
    },
    "novo": {
      "daylight": "Novosibirsk Summer Time",
      "standard": "Novosibirsk Standard Time"
    },
    "omsk": {
      "daylight": "Omsk Summer Time",
      "standard": "Omsk Standard Time"
    },
    "paki": {
      "daylight": "Pakistan Summer Time",
      "standard": "Pakistan Standard Time"
    },
    "pala": {
      "standard": "Palau Time"
    },
    "pang": {
      "standard": "Papua New Guinea Time"
    },
    "para": {
      "daylight": "Paraguay Summer Time",
      "standard": "Paraguay Standard Time"
    },
    "peru": {
      "daylight": "Peru Summer Time",
      "standard": "Peru Standard Time"
    },
    "phil": {
      "daylight": "Philippine Summer Time",
      "standard": "Philippine Standard Time"
    },
    "phis": {
      "standard": "Phoenix Islands Time"
    },
    "pimi": {
      "daylight": "St. Pierre & Miquelon Daylight Time",
      "standard": "St. Pierre & Miquelon Standard Time"
    },
    "pitc": {
      "standard": "Pitcairn Time"
    },
    "pona": {
      "standard": "Ponape Time"
    },
    "pyon": {
      "standard": "Pyongyang Time"
    },
    "qyzy": {
      "daylight": "Qyzylorda Summer Time",
      "standard": "Qyzylorda Standard Time"
    },
    "reun": {
      "standard": "Réunion Time"
    },
    "roth": {
      "standard": "Rothera Time"
    },
    "sakh": {
      "daylight": "Sakhalin Summer Time",
      "standard": "Sakhalin Standard Time"
    },
    "sama": {
      "daylight": "Samara Summer Time",
      "standard": "Samara Standard Time"
    },
    "samo": {
      "daylight": "Samoa Daylight Time",
      "standard": "Samoa Standard Time"
    },
    "seyc": {
      "standard": "Seychelles Time"
    },
    "sing": {
      "standard": "Singapore Standard Time"
    },
    "soge": {
      "standard": "South Georgia Time"
    },
    "solo": {
      "standard": "Solomon Islands Time"
    },
    "suri": {
      "standard": "Suriname Time"
    },
    "syow": {
      "standard": "Syowa Time"
    },
    "tahi": {
      "standard": "Tahiti Time"
    },
    "taip": {
      "daylight": "Taipei Daylight Time",
      "standard": "Taipei Standard Time"
    },
    "taji": {
      "standard": "Tajikistan Time"
    },
    "toke": {
      "standard": "Tokelau Time"
    },
    "tong": {
      "daylight": "Tonga Summer Time",
      "standard": "Tonga Standard Time"
    },
    "truk": {
      "standard": "Chuuk Time"
    },
    "turk": {
      "daylight": "Turkmenistan Summer Time",
      "standard": "Turkmenistan Standard Time"
    },
    "tuva": {
      "standard": "Tuvalu Time"
    },
    "urug": {
      "daylight": "Uruguay Summer Time",
      "standard": "Uruguay Standard Time"
    },
    "uzbe": {
      "daylight": "Uzbekistan Summer Time",
      "standard": "Uzbekistan Standard Time"
    },
    "vanu": {
      "daylight": "Vanuatu Summer Time",
      "standard": "Vanuatu Standard Time"
    },
    "vene": {
      "standard": "Venezuela Time"
    },
    "vlad": {
      "daylight": "Vladivostok Summer Time",
      "standard": "Vladivostok Standard Time"
    },
    "volg": {
      "daylight": "Volgograd Summer Time",
      "standard": "Volgograd Standard Time"
    },
    "vost": {
      "standard": "Vostok Time"
    },
    "wake": {
      "standard": "Wake Island Time"
    },
    "wall": {
      "standard": "Wallis & Futuna Time"
    },
    "yaku": {
      "daylight": "Yakutsk Summer Time",
      "standard": "Yakutsk Standard Time"
    },
    "yeka": {
      "daylight": "Yekaterinburg Summer Time",
      "standard": "Yekaterinburg Standard Time"
    },
    "yuko": {
      "standard": "Yukon Time"
    }
  },
  "overrides": {
    "gblon": {
      "daylight": "British Summer Time"
    },
    "iedub": {
      "daylight": "Irish Standard Time"
    },
    "utc": {
      "standard": "Coordinated Universal Time"
    }
  }
}
