{
  "defaults": {
    "Afghanistan": "Oras sa Afghanistan",
    "Africa_Central": "Oras sa Gitnang Africa",
    "Africa_Eastern": "Oras sa Silangang Africa",
    "Africa_Southern": "Oras sa Timog Africa",
    "Africa_Western": "Oras sa Kanlurang Africa",
    "Alaska": "Oras sa Alaska",
    "Amazon": "Oras sa Amazon",
    "America_Central": "Sentral na Oras",
    "America_Eastern": "Eastern Time",
    "America_Mountain": "Oras sa Bundok",
    "America_Pacific": "Oras sa Pasipiko",
    "Anadyr": "Oras sa Anadyr",
    "Apia": "Oras sa Apia",
    "Arabian": "Oras sa Arabia",
    "Argentina": "Oras sa Argentina",
    "Argentina_Western": "Oras sa Kanlurang Argentina",
    "Armenia": "Oras sa Armenia",
    "Atlantic": "Oras sa Atlantiko",
    "Australia_Central": "Oras sa Gitnang Australya",
    "Australia_CentralWestern": "Oras ng Gitnang Kanluran ng Australya",
    "Australia_Eastern": "Oras sa Silangang Australya",
    "Australia_Western": "Oras sa Kanlurang Australya",
    "Azerbaijan": "Oras sa Azerbaijan",
    "Azores": "Oras sa Azores",
    "Bangladesh": "Oras sa Bangladesh",
    "Bhutan": "Oras sa Bhutan",
    "Bolivia": "Oras sa Bolivia",
    "Brasilia": "Oras sa Brasilia",
    "Brunei": "Oras sa Brunei Darussalam",
    "Cape_Verde": "Oras sa Cape Verde",
    "Chamorro": "Standard na Oras sa Chamorro",
    "Chatham": "Oras sa Chatham",
    "Chile": "Oras sa Chile",
    "China": "Oras sa China",
    "Choibalsan": "Oras sa Choibalsan",
    "Christmas": "Oras sa Christmas Island",
    "Cocos": "Oras sa Cocos Islands",
    "Colombia": "Oras sa Colombia",
    "Cook": "Oras sa Cook Islands",
    "Cuba": "Oras sa Cuba",
    "Davis": "Oras sa Davis",
    "DumontDUrville": "Oras sa Dumont-d’Urville",
    "East_Timor": "Oras sa East Timor",
    "Easter": "Oras sa Easter Island",
    "Ecuador": "Oras sa Ecuador",
    "Europe_Central": "Oras sa Gitnang Europe",
    "Europe_Eastern": "Oras sa Silangang Europe",
    "Europe_Further_Eastern": "Oras sa Pinaka-silangang Europe",
    "Europe_Western": "Oras sa Kanlurang Europe",
    "Falkland": "Oras sa Falkland Islands",
    "Fiji": "Oras sa Fiji",
    "French_Guiana": "Oras sa French Guiana",
    "French_Southern": "Oras sa Katimugang France at Antartiko",
    "GMT": "Greenwich Mean Time",
    "Galapagos": "Oras sa Galapagos",
    "Gambier": "Oras sa Gambier",
    "Georgia": "Oras sa Georgia",
    "Gilbert_Islands": "Oras sa Gilbert Islands",
    "Greenland_Eastern": "Oras sa Silangang Greenland",
    "Greenland_Western": "Oras sa Kanlurang Greenland",
    "Gulf": "Oras sa Gulf",
    "Guyana": "Oras sa Guyana",
    "Hawaii_Aleutian": "Oras sa Hawaii-Aleutian",
    "Hong_Kong": "Oras sa Hong Kong",
    "Hovd": "Oras sa Hovd",
    "India": "Standard na Oras sa India",
    "Indian_Ocean": "Oras sa Indian Ocean",
    "Indochina": "Oras sa Indochina",
    "Indonesia_Central": "Oras sa Gitnang Indonesia",
    "Indonesia_Eastern": "Oras sa Silangang Indonesia",
    "Indonesia_Western": "Oras sa Kanlurang Indonesia",
    "Iran": "Oras sa Iran",
    "Irkutsk": "Oras sa Irkutsk",
    "Israel": "Oras sa Israel",
    "Japan": "Oras sa Japan",
    "Kamchatka": "Oras sa Petropavlovsk-Kamchatski",
    "Kazakhstan_Eastern": "Oras sa Silangang Kazakhstan",
    "Kazakhstan_Western": "Oras sa Kanlurang Kazakhstan",
    "Korea": "Oras sa Korea",
    "Kosrae": "Oras sa Kosrae",
    "Krasnoyarsk": "Oras sa Krasnoyarsk",
    "Kyrgystan": "Oras sa Kyrgystan",
    "Line_Islands": "Oras sa Line Islands",
    "Lord_Howe": "Oras sa Lord Howe",
    "Macquarie": "Oras sa Macquarie Island",
    "Magadan": "Oras sa Magadan",
    "Malaysia": "Oras sa Malaysia",
    "Maldives": "Oras sa Maldives",
    "Marquesas": "Oras sa Marquesas",
    "Marshall_Islands": "Oras sa Marshall Islands",
    "Mauritius": "Oras sa Mauritius",
    "Mawson": "Oras sa Mawson",
    "Mexico_Northwest": "Oras sa Hilagang-kanlurang Mexico",
    "Mexico_Pacific": "Oras sa Pasipiko ng Mexico",
    "Mongolia": "Oras sa Ulan Bator",
    "Moscow": "Oras sa Moscow",
    "Myanmar": "Oras sa Myanmar",
    "Nauru": "Oras sa Nauru",
    "Nepal": "Oras sa Nepal",
    "New_Caledonia": "Oras sa New Caledonia",
    "New_Zealand": "Oras sa New Zealand",
    "Newfoundland": "Oras sa Newfoundland",
    "Niue": "Oras sa Niue",
    "Norfolk": "Oras sa Norfolk Island",
    "Noronha": "Oras sa Fernando de Noronha",
    "Novosibirsk": "Oras sa Novosibirsk",
    "Omsk": "Oras sa Omsk",
    "Pakistan": "Oras sa Pakistan",
    "Palau": "Oras sa Palau",
    "Papua_New_Guinea": "Oras sa Papua New Guinea",
    "Paraguay": "Oras sa Paraguay",
    "Peru": "Oras sa Peru",
    "Philippines": "Oras sa Pilipinas",
    "Phoenix_Islands": "Oras sa Phoenix Islands",
    "Pierre_Miquelon": "Oras sa Saint Pierre & Miquelon",
    "Pitcairn": "Oras sa Pitcairn",
    "Ponape": "Oras sa Ponape",
    "Pyongyang": "Oras sa Pyongyang",
    "Reunion": "Oras sa Reunion",
    "Rothera": "Oras sa Rothera",
    "Sakhalin": "Oras sa Sakhalin",
    "Samara": "Oras sa Samara",
    "Samoa": "Oras sa Samoa",
    "Seychelles": "Oras sa Seychelles",
    "Singapore": "Standard na Oras sa Singapore",
    "Solomon": "Oras sa Solomon Islands",
    "South_Georgia": "Oras sa Timog Georgia",
    "Suriname": "Oras sa Suriname",
    "Syowa": "Oras sa Syowa",
    "Tahiti": "Oras sa Tahiti",
    "Taipei": "Oras sa Taipei",
    "Tajikistan": "Oras sa Tajikistan",
    "Tokelau": "Oras sa Tokelau",
    "Tonga": "Oras sa Tonga",
    "Truk": "Oras sa Chuuk",
    "Turkmenistan": "Oras sa Turkmenistan",
    "Tuvalu": "Oras sa Tuvalu",
    "Uruguay": "Oras sa Uruguay",
    "Uzbekistan": "Oras sa Uzbekistan",
    "Vanuatu": "Oras sa Vanuatu",
    "Venezuela": "Oras sa Venezuela",
    "Vladivostok": "Oras sa Vladivostok",
    "Volgograd": "Oras sa Volgograd",
    "Vostok": "Oras sa Vostok",
    "Wake": "Oras sa Wake Island",
    "Wallis": "Oras sa Wallis & Futuna",
    "Yakutsk": "Oras sa Yakutsk",
    "Yekaterinburg": "Oras sa Yekaterinburg",
    "Yukon": "Yukon Time"
  },
  "overrides": {
    "Etc/UTC": "Coordinated Universal Time"
  }
}
