{
  "defaults": {
    "acre": "Акри время",
    "afce": "Центральная Африка",
    "afea": "Восточная Африка",
    "afgh": "Афганистан",
    "afso": "Южная Африка",
    "afwe": "Западная Африка",
    "alam": "Алма-Ата время",
    "alas": "Аляска",
    "amaz": "Амазонка",
    "amce": "Центральная Америка",
    "amea": "Восточная Америка",
    "ammo": "Горное время (Северная Америка)",
    "ampa": "Тихоокеанское время",
    "anad": "Время по Анадырю",
    "apia": "Апиа",
    "aqta": "Актау время",
    "aqto": "Актобе время",
    "arab": "Саудовская Аравия",
    "arge": "Аргентина",
    "arme": "Армения",
    "arwe": "Западная Аргентина",
    "atla": "Атлантическое время",
    "auce": "Центральная Австралия",
    "aucw": "Центральная Австралия, западное время",
    "auea": "Восточная Австралия",
    "auwe": "Западная Австралия",
    "azer": "Азербайджан",
    "azor": "Азорские о-ва",
    "bang": "Бангладеш",
    "bhut": "Бутан",
    "boli": "Боливия",
    "bras": "Бразилия",
    "brun": "Бруней-Даруссалам",
    "case": "Кейси",
    "cave": "Кабо-Верде",
    "cham": "Чаморро",
    "chat": "Чатем",
    "chil": "Чили",
    "chin": "Китай",
    "choi": "Чойбалсан",
    "chri": "о-в Рождества",
    "coco": "Кокосовые о-ва",
    "colo": "Колумбия",
    "cook": "Острова Кука",
    "cuba": "Куба",
    "davi": "Дейвис",
    "dumo": "Дюмон-д’Юрвиль",
    "east": "О-в Пасхи",
    "eati": "Восточный Тимор",
    "ecua": "Эквадор",
    "euce": "Центральная Европа",
    "euea": "Восточная Европа",
    "eufe": "Московское время",
    "euwe": "Западная Европа",
    "falk": "Фолклендские о-ва",
    "fiji": "Фиджи",
    "frgu": "Французская Гвиана",
    "frso": "Французские Южные и Антарктические территории",
    "gala": "Галапагосские о-ва",
    "gamb": "Гамбье",
    "geor": "Грузия",
    "giis": "о-ва Гилберта",
    "grea": "Восточная Гренландия",
    "grwe": "Западная Гренландия",
    "guam": "Гуам",
    "gulf": "Персидский залив",
    "guya": "Гайана",
    "haal": "Гавайско-алеутское время",
    "hoko": "Гонконг",
    "hovd": "Ховд",
    "ince": "Центральная Индонезия",
    "indi": "Индия",
    "indo": "Индокитай",
    "inea": "Восточная Индонезия",
    "inoc": "Индийский океан",
    "inwe": "Западная Индонезия",
    "iran": "Иран",
    "irku": "Иркутск",
    "isra": "Израиль",
    "japa": "Япония",
    "kaea": "Восточный Казахстан",
    "kamc": "Петропавловск-Камчатский",
    "kawe": "Западный Казахстан",
    "kore": "Корея",
    "kosr": "Косрае",
    "kras": "Красноярск",
    "kyrg": "Киргизия",
    "lank": "Шри-Ланка",
    "liis": "о-ва Лайн",
    "loho": "Лорд-Хау",
    "maca": "Макао",
    "macq": "Маккуори",
    "maga": "Магадан",
    "mais": "Маршалловы Острова",
    "mala": "Малайзия",
    "mald": "Мальдивы",
    "marq": "Маркизские о-ва",
    "maur": "Маврикий",
    "maws": "Моусон",
    "meno": "Северо-западное мексиканское время",
    "mepa": "Тихоокеанское мексиканское время",
    "mgmt": "Среднее время по Гринвичу",
    "mong": "Улан-Батор",
    "mosc": "Москва",
    "myan": "Мьянма",
    "naur": "Науру",
    "neca": "Новая Каледония",
    "nepa": "Непал",
    "newf": "Ньюфаундленд",
    "neze": "Новая Зеландия",
    "niue": "Ниуэ",
    "noma": "Северные Марианские о-ва",
    "norf": "Норфолк",
    "noro": "Фернанду-ди-Норонья",
    "novo": "Новосибирск",
    "omsk": "Омск",
    "paki": "Пакистан",
    "pala": "Палау",
    "pang": "Папуа – Новая Гвинея",
    "para": "Парагвай",
    "peru": "Перу",
    "phil": "Филиппины",
    "phis": "о-ва Феникс",
    "pimi": "Сен-Пьер и Микелон",
    "pitc": "Питкэрн",
    "pona": "Понпеи",
    "pyon": "Пхеньян",
    "qyzy": "Кызылорда*",
    "reun": "Реюньон",
    "roth": "Ротера",
    "sakh": "Сахалин",
    "sama": "Время в Самаре",
    "samo": "Самоа",
    "seyc": "Сейшельские Острова",
    "sing": "Сингапур",
    "soge": "Южная Георгия",
    "solo": "Соломоновы Острова",
    "suri": "Суринам",
    "syow": "Сёва",
    "tahi": "Таити",
    "taip": "Тайвань",
    "taji": "Таджикистан",
    "toke": "Токелау",
    "tong": "Тонга",
    "truk": "Трук",
    "turk": "Туркменистан",
    "tuva": "Тувалу",
    "urug": "Уругвай",
    "uzbe": "Узбекистан",
    "vanu": "Вануату",
    "vene": "Венесуэла",
    "vlad": "Владивосток",
    "volg": "Волгоград",
    "vost": "Восток",
    "wake": "Уэйк",
    "wall": "Уоллис и Футуна",
    "yaku": "Якутск",
    "yeka": "Екатеринбург",
    "yuko": "Юкон"
  },
  "overrides": {
    "utc": "Всемирное координированное время"
  }
}
