{
  "defaults": {
    "acre": {
      "dt": "Акри летнее время",
      "st": "Акри стандартное время"
    },
    "afce": {
      "st": "Центральная Африка"
    },
    "afea": {
      "st": "Восточная Африка"
    },
    "afgh": {
      "st": "Афганистан"
    },
    "afso": {
      "st": "Южная Африка"
    },
    "afwe": {
      "dt": "Западная Африка, летнее время",
      "st": "Западная Африка, стандартное время"
    },
    "alam": {
      "dt": "Алма-Ата летнее время",
      "st": "Алма-Ата стандартное время"
    },
    "alas": {
      "dt": "Аляска, летнее время",
      "st": "Аляска, стандартное время"
    },
    "amaz": {
      "dt": "Амазонка, летнее время",
      "st": "Амазонка, стандартное время"
    },
    "amce": {
      "dt": "Центральная Америка, летнее время",
      "st": "Центральная Америка, стандартное время"
    },
    "amea": {
      "dt": "Восточная Америка, летнее время",
      "st": "Восточная Америка, стандартное время"
    },
    "ammo": {
      "dt": "Летнее горное время (Северная Америка)",
      "st": "Стандартное горное время (Северная Америка)"
    },
    "ampa": {
      "dt": "Тихоокеанское летнее время",
      "st": "Тихоокеанское стандартное время"
    },
    "anad": {
      "dt": "Анадырь летнее время",
      "st": "Анадырь стандартное время"
    },
    "apia": {
      "dt": "Апиа, летнее время",
      "st": "Апиа, стандартное время"
    },
    "aqta": {
      "dt": "Актау летнее время",
      "st": "Актау, стандартное время"
    },
    "aqto": {
      "dt": "Актобе летнее время",
      "st": "Актобе стандартное время"
    },
    "arab": {
      "dt": "Саудовская Аравия, летнее время",
      "st": "Саудовская Аравия, стандартное время"
    },
    "arge": {
      "dt": "Аргентина, летнее время",
      "st": "Аргентина, стандартное время"
    },
    "arme": {
      "dt": "Армения, летнее время",
      "st": "Армения, стандартное время"
    },
    "arwe": {
      "dt": "Западная Аргентина, летнее время",
      "st": "Западная Аргентина, стандартное время"
    },
    "atla": {
      "dt": "Атлантическое летнее время",
      "st": "Атлантическое стандартное время"
    },
    "auce": {
      "dt": "Центральная Австралия, летнее время",
      "st": "Центральная Австралия, стандартное время"
    },
    "aucw": {
      "dt": "Центральная Австралия, западное летнее время",
      "st": "Центральная Австралия, западное стандартное время"
    },
    "auea": {
      "dt": "Восточная Австралия, летнее время",
      "st": "Восточная Австралия, стандартное время"
    },
    "auwe": {
      "dt": "Западная Австралия, летнее время",
      "st": "Западная Австралия, стандартное время"
    },
    "azer": {
      "dt": "Азербайджан, летнее время",
      "st": "Азербайджан, стандартное время"
    },
    "azor": {
      "dt": "Азорские о-ва, летнее время",
      "st": "Азорские о-ва, стандартное время"
    },
    "bang": {
      "dt": "Бангладеш, летнее время",
      "st": "Бангладеш, стандартное время"
    },
    "bhut": {
      "st": "Бутан"
    },
    "boli": {
      "st": "Боливия"
    },
    "bras": {
      "dt": "Бразилия, летнее время",
      "st": "Бразилия, стандартное время"
    },
    "brun": {
      "st": "Бруней-Даруссалам"
    },
    "case": {
      "st": "Кейси"
    },
    "cave": {
      "dt": "Кабо-Верде, летнее время",
      "st": "Кабо-Верде, стандартное время"
    },
    "cham": {
      "st": "Чаморро"
    },
    "chat": {
      "dt": "Чатем, летнее время",
      "st": "Чатем, стандартное время"
    },
    "chil": {
      "dt": "Чили, летнее время",
      "st": "Чили, стандартное время"
    },
    "chin": {
      "dt": "Китай, летнее время",
      "st": "Китай, стандартное время"
    },
    "choi": {
      "dt": "Чойбалсан, летнее время",
      "st": "Чойбалсан, стандартное время"
    },
    "chri": {
      "st": "о-в Рождества"
    },
    "coco": {
      "st": "Кокосовые о-ва"
    },
    "colo": {
      "dt": "Колумбия, летнее время",
      "st": "Колумбия, стандартное время"
    },
    "cook": {
      "dt": "Острова Кука, полулетнее время",
      "st": "Острова Кука, стандартное время"
    },
    "cuba": {
      "dt": "Куба, летнее время",
      "st": "Куба, стандартное время"
    },
    "davi": {
      "st": "Дейвис"
    },
    "dumo": {
      "st": "Дюмон-д’Юрвиль"
    },
    "east": {
      "dt": "О-в Пасхи, летнее время",
      "st": "О-в Пасхи, стандартное время"
    },
    "eati": {
      "st": "Восточный Тимор"
    },
    "ecua": {
      "st": "Эквадор"
    },
    "euce": {
      "dt": "Центральная Европа, летнее время",
      "st": "Центральная Европа, стандартное время"
    },
    "euea": {
      "dt": "Восточная Европа, летнее время",
      "st": "Восточная Европа, стандартное время"
    },
    "eufe": {
      "st": "Московское время"
    },
    "euwe": {
      "dt": "Западная Европа, летнее время",
      "st": "Западная Европа, стандартное время"
    },
    "falk": {
      "dt": "Фолклендские о-ва, летнее время",
      "st": "Фолклендские о-ва, стандартное время"
    },
    "fiji": {
      "dt": "Фиджи, летнее время",
      "st": "Фиджи, стандартное время"
    },
    "frgu": {
      "st": "Французская Гвиана"
    },
    "frso": {
      "st": "Французские Южные и Антарктические территории"
    },
    "gala": {
      "st": "Галапагосские о-ва"
    },
    "gamb": {
      "st": "Гамбье"
    },
    "geor": {
      "dt": "Грузия, летнее время",
      "st": "Грузия, стандартное время"
    },
    "giis": {
      "st": "о-ва Гилберта"
    },
    "grea": {
      "dt": "Восточная Гренландия, летнее время",
      "st": "Восточная Гренландия, стандарное время"
    },
    "grwe": {
      "dt": "Западная Гренландия, летнее время",
      "st": "Западная Гренландия, стандартное время"
    },
    "guam": {
      "st": "Гуам"
    },
    "gulf": {
      "st": "Персидский залив"
    },
    "guya": {
      "st": "Гайана"
    },
    "haal": {
      "dt": "Гавайско-алеутское летнее время",
      "st": "Гавайско-алеутское стандартное время"
    },
    "hoko": {
      "dt": "Гонконг, летнее время",
      "st": "Гонконг, стандартное время"
    },
    "hovd": {
      "dt": "Ховд, летнее время",
      "st": "Ховд, стандартное время"
    },
    "ince": {
      "st": "Центральная Индонезия"
    },
    "indi": {
      "st": "Индия"
    },
    "indo": {
      "st": "Индокитай"
    },
    "inea": {
      "st": "Восточная Индонезия"
    },
    "inoc": {
      "st": "Индийский океан"
    },
    "inwe": {
      "st": "Западная Индонезия"
    },
    "iran": {
      "dt": "Иран, летнее время",
      "st": "Иран, стандартное время"
    },
    "irku": {
      "dt": "Иркутск, летнее время",
      "st": "Иркутск, стандартное время"
    },
    "isra": {
      "dt": "Израиль, летнее время",
      "st": "Израиль, стандартное время"
    },
    "japa": {
      "dt": "Япония, летнее время",
      "st": "Япония, стандартное время"
    },
    "kaea": {
      "st": "Восточный Казахстан"
    },
    "kamc": {
      "dt": "Петропавловск-Камчатский, летнее время",
      "st": "Петропавловск-Камчатский, стандартное время"
    },
    "kawe": {
      "st": "Западный Казахстан"
    },
    "kore": {
      "dt": "Корея, летнее время",
      "st": "Корея, стандартное время"
    },
    "kosr": {
      "st": "Косрае"
    },
    "kras": {
      "dt": "Красноярск, летнее время",
      "st": "Красноярск, стандартное время"
    },
    "kyrg": {
      "st": "Киргизия"
    },
    "lank": {
      "st": "Шри-Ланка"
    },
    "liis": {
      "st": "о-ва Лайн"
    },
    "loho": {
      "dt": "Лорд-Хау, летнее время",
      "st": "Лорд-Хау, стандартное время"
    },
    "maca": {
      "dt": "Макао, летнее время",
      "st": "Макао, стандартное время"
    },
    "macq": {
      "st": "Маккуори"
    },
    "maga": {
      "dt": "Магадан, летнее время",
      "st": "Магадан, стандартное время"
    },
    "mais": {
      "st": "Маршалловы Острова"
    },
    "mala": {
      "st": "Малайзия"
    },
    "mald": {
      "st": "Мальдивы"
    },
    "marq": {
      "st": "Маркизские о-ва"
    },
    "maur": {
      "dt": "Маврикий, летнее время",
      "st": "Маврикий, стандартное время"
    },
    "maws": {
      "st": "Моусон"
    },
    "meno": {
      "dt": "Северо-западное мексиканское летнее время",
      "st": "Северо-западное мексиканское стандартное время"
    },
    "mepa": {
      "dt": "Тихоокеанское мексиканское летнее время",
      "st": "Тихоокеанское мексиканское стандартное время"
    },
    "mgmt": {
      "st": "Среднее время по Гринвичу"
    },
    "mong": {
      "dt": "Улан-Батор, летнее время",
      "st": "Улан-Батор, стандартное время"
    },
    "mosc": {
      "dt": "Москва, летнее время",
      "st": "Москва, стандартное время"
    },
    "myan": {
      "st": "Мьянма"
    },
    "naur": {
      "st": "Науру"
    },
    "neca": {
      "dt": "Новая Каледония, летнее время",
      "st": "Новая Каледония, стандартное время"
    },
    "nepa": {
      "st": "Непал"
    },
    "newf": {
      "dt": "Ньюфаундленд, летнее время",
      "st": "Ньюфаундленд, стандартное время"
    },
    "neze": {
      "dt": "Новая Зеландия, летнее время",
      "st": "Новая Зеландия, стандартное время"
    },
    "niue": {
      "st": "Ниуэ"
    },
    "noma": {
      "st": "Северные Марианские о-ва"
    },
    "norf": {
      "dt": "Норфолк, летнее время",
      "st": "Норфолк, стандартное время"
    },
    "noro": {
      "dt": "Фернанду-ди-Норонья, летнее время",
      "st": "Фернанду-ди-Норонья, стандартное время"
    },
    "novo": {
      "dt": "Новосибирск, летнее время",
      "st": "Новосибирск, стандартное время"
    },
    "omsk": {
      "dt": "Омск, летнее время",
      "st": "Омск, стандартное время"
    },
    "paki": {
      "dt": "Пакистан, летнее время",
      "st": "Пакистан, стандартное время"
    },
    "pala": {
      "st": "Палау"
    },
    "pang": {
      "st": "Папуа – Новая Гвинея"
    },
    "para": {
      "dt": "Парагвай, летнее время",
      "st": "Парагвай, стандартное время"
    },
    "peru": {
      "dt": "Перу, летнее время",
      "st": "Перу, стандартное время"
    },
    "phil": {
      "dt": "Филиппины, летнее время",
      "st": "Филиппины, стандартное время"
    },
    "phis": {
      "st": "о-ва Феникс"
    },
    "pimi": {
      "dt": "Сен-Пьер и Микелон, летнее время",
      "st": "Сен-Пьер и Микелон, стандартное время"
    },
    "pitc": {
      "st": "Питкэрн"
    },
    "pona": {
      "st": "Понпеи"
    },
    "pyon": {
      "st": "Пхеньян"
    },
    "qyzy": {
      "dt": "Кызылорда, летнее время*",
      "st": "Кызылорда, стандартное время*"
    },
    "reun": {
      "st": "Реюньон"
    },
    "roth": {
      "st": "Ротера"
    },
    "sakh": {
      "dt": "Сахалин, летнее время",
      "st": "Сахалин, стандартное время"
    },
    "sama": {
      "dt": "Самарское летнее время",
      "st": "Самарское стандартное время"
    },
    "samo": {
      "dt": "Самоа, летнее время",
      "st": "Самоа, стандартное время"
    },
    "seyc": {
      "st": "Сейшельские Острова"
    },
    "sing": {
      "st": "Сингапур"
    },
    "soge": {
      "st": "Южная Георгия"
    },
    "solo": {
      "st": "Соломоновы Острова"
    },
    "suri": {
      "st": "Суринам"
    },
    "syow": {
      "st": "Сёва"
    },
    "tahi": {
      "st": "Таити"
    },
    "taip": {
      "dt": "Тайвань, летнее время",
      "st": "Тайвань, стандартное время"
    },
    "taji": {
      "st": "Таджикистан"
    },
    "toke": {
      "st": "Токелау"
    },
    "tong": {
      "dt": "Тонга, летнее время",
      "st": "Тонга, стандартное время"
    },
    "truk": {
      "st": "Трук"
    },
    "turk": {
      "dt": "Туркменистан, летнее время",
      "st": "Туркменистан, стандартное время"
    },
    "tuva": {
      "st": "Тувалу"
    },
    "urug": {
      "dt": "Уругвай, летнее время",
      "st": "Уругвай, стандартное время"
    },
    "uzbe": {
      "dt": "Узбекистан, летнее время",
      "st": "Узбекистан, стандартное время"
    },
    "vanu": {
      "dt": "Вануату, летнее время",
      "st": "Вануату, стандартное время"
    },
    "vene": {
      "st": "Венесуэла"
    },
    "vlad": {
      "dt": "Владивосток, летнее время",
      "st": "Владивосток, стандартное время"
    },
    "volg": {
      "dt": "Волгоград, летнее время",
      "st": "Волгоград, стандартное время"
    },
    "vost": {
      "st": "Восток"
    },
    "wake": {
      "st": "Уэйк"
    },
    "wall": {
      "st": "Уоллис и Футуна"
    },
    "yaku": {
      "dt": "Якутск, летнее время",
      "st": "Якутск, стандартное время"
    },
    "yeka": {
      "dt": "Екатеринбург, летнее время",
      "st": "Екатеринбург, стандартное время"
    },
    "yuko": {
      "st": "Юкон"
    }
  },
  "overrides": {
    "gblon": {
      "dt": "Великобритания, летнее время"
    },
    "iedub": {
      "dt": "Ирландия, стандартное время"
    },
    "utc": {
      "st": "Всемирное координированное время"
    }
  }
}
