{
  "main": {
    "ja": {
      "identity": {
        "language": "ja"
      },
      "dates": {
        "timeZoneNames": {
          "hourFormat": "+HH:mm;-HH:mm",
          "gmtFormat": "GMT{0}",
          "gmtZeroFormat": "GMT",
          "gmtUnknownFormat": "GMT+?",
          "regionFormat": "{0}時間",
          "regionFormat-type-daylight": "{0}夏時間",
          "regionFormat-type-standard": "{0}標準時",
          "fallbackFormat": "{1}（{0}）",
          "zone": {
            "Pacific": {
              "Honolulu": {
                "_type": "zone",
                "exemplarCity": "ホノルル"
              },
              "Pago_Pago": {
                "_type": "zone",
                "exemplarCity": "パゴパゴ"
              },
              "Rarotonga": {
                "_type": "zone",
                "exemplarCity": "ラロトンガ"
              },
              "Easter": {
                "_type": "zone",
                "exemplarCity": "イースター島"
              },
              "Galapagos": {
                "_type": "zone",
                "exemplarCity": "ガラパゴス"
              },
              "Fiji": {
                "_type": "zone",
                "exemplarCity": "フィジー"
              },
              "Truk": {
                "_type": "zone",
                "exemplarCity": "チューク"
              },
              "Ponape": {
                "_type": "zone",
                "exemplarCity": "ポンペイ島"
              },
              "Kosrae": {
                "_type": "zone",
                "exemplarCity": "コスラエ"
              },
              "Guam": {
                "_type": "zone",
                "exemplarCity": "グアム"
              },
              "Enderbury": {
                "_type": "zone",
                "exemplarCity": "カントン島"
              },
              "Kiritimati": {
                "_type": "zone",
                "exemplarCity": "キリスィマスィ島"
              },
              "Tarawa": {
                "_type": "zone",
                "exemplarCity": "タラワ"
              },
              "Kwajalein": {
                "_type": "zone",
                "exemplarCity": "クェゼリン"
              },
              "Majuro": {
                "_type": "zone",
                "exemplarCity": "マジュロ"
              },
              "Saipan": {
                "_type": "zone",
                "exemplarCity": "サイパン"
              },
              "Noumea": {
                "_type": "zone",
                "exemplarCity": "ヌメア"
              },
              "Norfolk": {
                "_type": "zone",
                "exemplarCity": "ノーフォーク島"
              },
              "Nauru": {
                "_type": "zone",
                "exemplarCity": "ナウル"
              },
              "Niue": {
                "_type": "zone",
                "exemplarCity": "ニウエ"
              },
              "Chatham": {
                "_type": "zone",
                "exemplarCity": "チャタム"
              },
              "Auckland": {
                "_type": "zone",
                "exemplarCity": "オークランド"
              },
              "Tahiti": {
                "_type": "zone",
                "exemplarCity": "タヒチ"
              },
              "Marquesas": {
                "_type": "zone",
                "exemplarCity": "マルキーズ"
              },
              "Gambier": {
                "_type": "zone",
                "exemplarCity": "ガンビエ諸島"
              },
              "Port_Moresby": {
                "_type": "zone",
                "exemplarCity": "ポートモレスビー"
              },
              "Bougainville": {
                "_type": "zone",
                "exemplarCity": "ブーゲンビル"
              },
              "Pitcairn": {
                "_type": "zone",
                "exemplarCity": "ピトケアン諸島"
              },
              "Palau": {
                "_type": "zone",
                "exemplarCity": "パラオ"
              },
              "Guadalcanal": {
                "_type": "zone",
                "exemplarCity": "ガダルカナル"
              },
              "Fakaofo": {
                "_type": "zone",
                "exemplarCity": "ファカオフォ"
              },
              "Tongatapu": {
                "_type": "zone",
                "exemplarCity": "トンガタプ"
              },
              "Funafuti": {
                "_type": "zone",
                "exemplarCity": "フナフティ"
              },
              "Midway": {
                "_type": "zone",
                "exemplarCity": "ミッドウェー島"
              },
              "Wake": {
                "_type": "zone",
                "exemplarCity": "ウェーク島"
              },
              "Efate": {
                "_type": "zone",
                "exemplarCity": "エフェテ島"
              },
              "Wallis": {
                "_type": "zone",
                "exemplarCity": "ウォリス諸島"
              },
              "Apia": {
                "_type": "zone",
                "exemplarCity": "アピア"
              }
            },
            "Etc": {
              "UTC": {
                "_type": "zone",
                "long": {
                  "standard": "協定世界時"
                },
                "short": {
                  "standard": "UTC"
                }
              },
              "Unknown": {
                "_type": "zone",
                "exemplarCity": "地域不明"
              }
            },
            "Europe": {
              "Andorra": {
                "_type": "zone",
                "exemplarCity": "アンドラ"
              },
              "Tirane": {
                "_type": "zone",
                "exemplarCity": "ティラナ"
              },
              "Vienna": {
                "_type": "zone",
                "exemplarCity": "ウィーン"
              },
              "Mariehamn": {
                "_type": "zone",
                "exemplarCity": "マリエハムン"
              },
              "Sarajevo": {
                "_type": "zone",
                "exemplarCity": "サラエボ"
              },
              "Brussels": {
                "_type": "zone",
                "exemplarCity": "ブリュッセル"
              },
              "Sofia": {
                "_type": "zone",
                "exemplarCity": "ソフィア"
              },
              "Minsk": {
                "_type": "zone",
                "exemplarCity": "ミンスク"
              },
              "Zurich": {
                "_type": "zone",
                "exemplarCity": "チューリッヒ"
              },
              "Prague": {
                "_type": "zone",
                "exemplarCity": "プラハ"
              },
              "Busingen": {
                "_type": "zone",
                "exemplarCity": "ビュージンゲン"
              },
              "Berlin": {
                "_type": "zone",
                "exemplarCity": "ベルリン"
              },
              "Copenhagen": {
                "_type": "zone",
                "exemplarCity": "コペンハーゲン"
              },
              "Tallinn": {
                "_type": "zone",
                "exemplarCity": "タリン"
              },
              "Madrid": {
                "_type": "zone",
                "exemplarCity": "マドリード"
              },
              "Helsinki": {
                "_type": "zone",
                "exemplarCity": "ヘルシンキ"
              },
              "Paris": {
                "_type": "zone",
                "exemplarCity": "パリ"
              },
              "London": {
                "_type": "zone",
                "long": {
                  "daylight": "英国夏時間"
                },
                "exemplarCity": "ロンドン"
              },
              "Guernsey": {
                "_type": "zone",
                "exemplarCity": "ガーンジー"
              },
              "Gibraltar": {
                "_type": "zone",
                "exemplarCity": "ジブラルタル"
              },
              "Athens": {
                "_type": "zone",
                "exemplarCity": "アテネ"
              },
              "Zagreb": {
                "_type": "zone",
                "exemplarCity": "ザグレブ"
              },
              "Budapest": {
                "_type": "zone",
                "exemplarCity": "ブダペスト"
              },
              "Dublin": {
                "_type": "zone",
                "long": {
                  "daylight": "アイルランド標準時"
                },
                "exemplarCity": "ダブリン"
              },
              "Isle_of_Man": {
                "_type": "zone",
                "exemplarCity": "マン島"
              },
              "Rome": {
                "_type": "zone",
                "exemplarCity": "ローマ"
              },
              "Jersey": {
                "_type": "zone",
                "exemplarCity": "ジャージー"
              },
              "Vaduz": {
                "_type": "zone",
                "exemplarCity": "ファドゥーツ"
              },
              "Vilnius": {
                "_type": "zone",
                "exemplarCity": "ヴィリニュス"
              },
              "Luxembourg": {
                "_type": "zone",
                "exemplarCity": "ルクセンブルク"
              },
              "Riga": {
                "_type": "zone",
                "exemplarCity": "リガ"
              },
              "Monaco": {
                "_type": "zone",
                "exemplarCity": "モナコ"
              },
              "Chisinau": {
                "_type": "zone",
                "exemplarCity": "キシナウ"
              },
              "Podgorica": {
                "_type": "zone",
                "exemplarCity": "ポドゴリツァ"
              },
              "Skopje": {
                "_type": "zone",
                "exemplarCity": "スコピエ"
              },
              "Malta": {
                "_type": "zone",
                "exemplarCity": "マルタ"
              },
              "Amsterdam": {
                "_type": "zone",
                "exemplarCity": "アムステルダム"
              },
              "Oslo": {
                "_type": "zone",
                "exemplarCity": "オスロ"
              },
              "Warsaw": {
                "_type": "zone",
                "exemplarCity": "ワルシャワ"
              },
              "Lisbon": {
                "_type": "zone",
                "exemplarCity": "リスボン"
              },
              "Bucharest": {
                "_type": "zone",
                "exemplarCity": "ブカレスト"
              },
              "Belgrade": {
                "_type": "zone",
                "exemplarCity": "ベオグラード"
              },
              "Kaliningrad": {
                "_type": "zone",
                "exemplarCity": "カリーニングラード"
              },
              "Moscow": {
                "_type": "zone",
                "exemplarCity": "モスクワ"
              },
              "Volgograd": {
                "_type": "zone",
                "exemplarCity": "ボルゴグラード"
              },
              "Saratov": {
                "_type": "zone",
                "exemplarCity": "サラトフ"
              },
              "Astrakhan": {
                "_type": "zone",
                "exemplarCity": "アストラハン"
              },
              "Ulyanovsk": {
                "_type": "zone",
                "exemplarCity": "ウリヤノフスク"
              },
              "Kirov": {
                "_type": "zone",
                "exemplarCity": "キーロフ"
              },
              "Samara": {
                "_type": "zone",
                "exemplarCity": "サマラ"
              },
              "Stockholm": {
                "_type": "zone",
                "exemplarCity": "ストックホルム"
              },
              "Ljubljana": {
                "_type": "zone",
                "exemplarCity": "リュブリャナ"
              },
              "Bratislava": {
                "_type": "zone",
                "exemplarCity": "ブラチスラバ"
              },
              "San_Marino": {
                "_type": "zone",
                "exemplarCity": "サンマリノ"
              },
              "Istanbul": {
                "_type": "zone",
                "exemplarCity": "イスタンブール"
              },
              "Kiev": {
                "_type": "zone",
                "exemplarCity": "キーウ"
              },
              "Simferopol": {
                "_type": "zone",
                "exemplarCity": "シンフェロポリ"
              },
              "Vatican": {
                "_type": "zone",
                "exemplarCity": "バチカン"
              }
            },
            "Asia": {
              "Dubai": {
                "_type": "zone",
                "exemplarCity": "ドバイ"
              },
              "Kabul": {
                "_type": "zone",
                "exemplarCity": "カブール"
              },
              "Yerevan": {
                "_type": "zone",
                "exemplarCity": "エレバン"
              },
              "Baku": {
                "_type": "zone",
                "exemplarCity": "バクー"
              },
              "Dhaka": {
                "_type": "zone",
                "exemplarCity": "ダッカ"
              },
              "Bahrain": {
                "_type": "zone",
                "exemplarCity": "バーレーン"
              },
              "Brunei": {
                "_type": "zone",
                "exemplarCity": "ブルネイ"
              },
              "Thimphu": {
                "_type": "zone",
                "exemplarCity": "ティンプー"
              },
              "Urumqi": {
                "_type": "zone",
                "exemplarCity": "ウルムチ"
              },
              "Shanghai": {
                "_type": "zone",
                "exemplarCity": "上海"
              },
              "Nicosia": {
                "_type": "zone",
                "exemplarCity": "ニコシア"
              },
              "Famagusta": {
                "_type": "zone",
                "exemplarCity": "ファマグスタ"
              },
              "Tbilisi": {
                "_type": "zone",
                "exemplarCity": "トビリシ"
              },
              "Hong_Kong": {
                "_type": "zone",
                "exemplarCity": "香港"
              },
              "Jakarta": {
                "_type": "zone",
                "exemplarCity": "ジャカルタ"
              },
              "Pontianak": {
                "_type": "zone",
                "exemplarCity": "ポンティアナック"
              },
              "Makassar": {
                "_type": "zone",
                "exemplarCity": "マカッサル"
              },
              "Jayapura": {
                "_type": "zone",
                "exemplarCity": "ジャヤプラ"
              },
              "Jerusalem": {
                "_type": "zone",
                "exemplarCity": "エルサレム"
              },
              "Calcutta": {
                "_type": "zone",
                "exemplarCity": "コルカタ"
              },
              "Baghdad": {
                "_type": "zone",
                "exemplarCity": "バグダッド"
              },
              "Tehran": {
                "_type": "zone",
                "exemplarCity": "テヘラン"
              },
              "Amman": {
                "_type": "zone",
                "exemplarCity": "アンマン"
              },
              "Tokyo": {
                "_type": "zone",
                "exemplarCity": "東京"
              },
              "Bishkek": {
                "_type": "zone",
                "exemplarCity": "ビシュケク"
              },
              "Phnom_Penh": {
                "_type": "zone",
                "exemplarCity": "プノンペン"
              },
              "Pyongyang": {
                "_type": "zone",
                "exemplarCity": "平壌"
              },
              "Seoul": {
                "_type": "zone",
                "exemplarCity": "ソウル"
              },
              "Kuwait": {
                "_type": "zone",
                "exemplarCity": "クウェート"
              },
              "Aqtau": {
                "_type": "zone",
                "exemplarCity": "アクタウ"
              },
              "Oral": {
                "_type": "zone",
                "exemplarCity": "オラル"
              },
              "Atyrau": {
                "_type": "zone",
                "exemplarCity": "アティラウ"
              },
              "Aqtobe": {
                "_type": "zone",
                "exemplarCity": "アクトベ"
              },
              "Qostanay": {
                "_type": "zone",
                "exemplarCity": "コスタナイ"
              },
              "Qyzylorda": {
                "_type": "zone",
                "exemplarCity": "クズロルダ"
              },
              "Almaty": {
                "_type": "zone",
                "exemplarCity": "アルマトイ"
              },
              "Vientiane": {
                "_type": "zone",
                "exemplarCity": "ビエンチャン"
              },
              "Beirut": {
                "_type": "zone",
                "exemplarCity": "ベイルート"
              },
              "Colombo": {
                "_type": "zone",
                "exemplarCity": "コロンボ"
              },
              "Rangoon": {
                "_type": "zone",
                "exemplarCity": "ヤンゴン"
              },
              "Hovd": {
                "_type": "zone",
                "exemplarCity": "ホブド"
              },
              "Ulaanbaatar": {
                "_type": "zone",
                "exemplarCity": "ウランバートル"
              },
              "Macau": {
                "_type": "zone",
                "exemplarCity": "マカオ"
              },
              "Kuala_Lumpur": {
                "_type": "zone",
                "exemplarCity": "クアラルンプール"
              },
              "Kuching": {
                "_type": "zone",
                "exemplarCity": "クチン"
              },
              "Katmandu": {
                "_type": "zone",
                "exemplarCity": "カトマンズ"
              },
              "Muscat": {
                "_type": "zone",
                "exemplarCity": "マスカット"
              },
              "Manila": {
                "_type": "zone",
                "exemplarCity": "マニラ"
              },
              "Karachi": {
                "_type": "zone",
                "exemplarCity": "カラチ"
              },
              "Gaza": {
                "_type": "zone",
                "exemplarCity": "ガザ"
              },
              "Hebron": {
                "_type": "zone",
                "exemplarCity": "ヘブロン"
              },
              "Qatar": {
                "_type": "zone",
                "exemplarCity": "カタール"
              },
              "Yekaterinburg": {
                "_type": "zone",
                "exemplarCity": "エカテリンブルグ"
              },
              "Omsk": {
                "_type": "zone",
                "exemplarCity": "オムスク"
              },
              "Novosibirsk": {
                "_type": "zone",
                "exemplarCity": "ノヴォシビルスク"
              },
              "Barnaul": {
                "_type": "zone",
                "exemplarCity": "バルナウル"
              },
              "Tomsk": {
                "_type": "zone",
                "exemplarCity": "トムスク"
              },
              "Novokuznetsk": {
                "_type": "zone",
                "exemplarCity": "ノヴォクズネツク"
              },
              "Krasnoyarsk": {
                "_type": "zone",
                "exemplarCity": "クラスノヤルスク"
              },
              "Irkutsk": {
                "_type": "zone",
                "exemplarCity": "イルクーツク"
              },
              "Chita": {
                "_type": "zone",
                "exemplarCity": "チタ"
              },
              "Yakutsk": {
                "_type": "zone",
                "exemplarCity": "ヤクーツク"
              },
              "Vladivostok": {
                "_type": "zone",
                "exemplarCity": "ウラジオストク"
              },
              "Khandyga": {
                "_type": "zone",
                "exemplarCity": "ハンドゥイガ"
              },
              "Sakhalin": {
                "_type": "zone",
                "exemplarCity": "サハリン"
              },
              "Ust-Nera": {
                "_type": "zone",
                "exemplarCity": "ウスチネラ"
              },
              "Magadan": {
                "_type": "zone",
                "exemplarCity": "マガダン"
              },
              "Srednekolymsk": {
                "_type": "zone",
                "exemplarCity": "スレドネコリムスク"
              },
              "Kamchatka": {
                "_type": "zone",
                "exemplarCity": "カムチャッカ"
              },
              "Anadyr": {
                "_type": "zone",
                "exemplarCity": "アナディリ"
              },
              "Riyadh": {
                "_type": "zone",
                "exemplarCity": "リヤド"
              },
              "Singapore": {
                "_type": "zone",
                "exemplarCity": "シンガポール"
              },
              "Damascus": {
                "_type": "zone",
                "exemplarCity": "ダマスカス"
              },
              "Bangkok": {
                "_type": "zone",
                "exemplarCity": "バンコク"
              },
              "Dushanbe": {
                "_type": "zone",
                "exemplarCity": "ドゥシャンベ"
              },
              "Dili": {
                "_type": "zone",
                "exemplarCity": "ディリ"
              },
              "Ashgabat": {
                "_type": "zone",
                "exemplarCity": "アシガバード"
              },
              "Taipei": {
                "_type": "zone",
                "exemplarCity": "台北"
              },
              "Samarkand": {
                "_type": "zone",
                "exemplarCity": "サマルカンド"
              },
              "Tashkent": {
                "_type": "zone",
                "exemplarCity": "タシケント"
              },
              "Saigon": {
                "_type": "zone",
                "exemplarCity": "ホーチミン"
              },
              "Aden": {
                "_type": "zone",
                "exemplarCity": "アデン"
              }
            },
            "America": {
              "Antigua": {
                "_type": "zone",
                "exemplarCity": "アンティグア"
              },
              "Anguilla": {
                "_type": "zone",
                "exemplarCity": "アンギラ"
              },
              "Argentina": {
                "Rio_Gallegos": {
                  "_type": "zone",
                  "exemplarCity": "リオガジェゴス"
                },
                "San_Juan": {
                  "_type": "zone",
                  "exemplarCity": "サンファン"
                },
                "Ushuaia": {
                  "_type": "zone",
                  "exemplarCity": "ウシュアイア"
                },
                "La_Rioja": {
                  "_type": "zone",
                  "exemplarCity": "ラリオハ"
                },
                "San_Luis": {
                  "_type": "zone",
                  "exemplarCity": "サンルイス"
                },
                "Salta": {
                  "_type": "zone",
                  "exemplarCity": "サルタ"
                },
                "Tucuman": {
                  "_type": "zone",
                  "exemplarCity": "トゥクマン"
                }
              },
              "Mendoza": {
                "_type": "zone",
                "exemplarCity": "メンドーサ"
              },
              "Catamarca": {
                "_type": "zone",
                "exemplarCity": "カタマルカ"
              },
              "Jujuy": {
                "_type": "zone",
                "exemplarCity": "フフイ"
              },
              "Cordoba": {
                "_type": "zone",
                "exemplarCity": "コルドバ"
              },
              "Buenos_Aires": {
                "_type": "zone",
                "exemplarCity": "ブエノスアイレス"
              },
              "Aruba": {
                "_type": "zone",
                "exemplarCity": "アルバ"
              },
              "Barbados": {
                "_type": "zone",
                "exemplarCity": "バルバドス"
              },
              "St_Barthelemy": {
                "_type": "zone",
                "exemplarCity": "サン・バルテルミー"
              },
              "La_Paz": {
                "_type": "zone",
                "exemplarCity": "ラパス"
              },
              "Kralendijk": {
                "_type": "zone",
                "exemplarCity": "クラレンダイク"
              },
              "Eirunepe": {
                "_type": "zone",
                "exemplarCity": "エイルネペ"
              },
              "Rio_Branco": {
                "_type": "zone",
                "exemplarCity": "リオブランコ"
              },
              "Porto_Velho": {
                "_type": "zone",
                "exemplarCity": "ポルトベーリョ"
              },
              "Boa_Vista": {
                "_type": "zone",
                "exemplarCity": "ボアビスタ"
              },
              "Manaus": {
                "_type": "zone",
                "exemplarCity": "マナウス"
              },
              "Cuiaba": {
                "_type": "zone",
                "exemplarCity": "クイアバ"
              },
              "Santarem": {
                "_type": "zone",
                "exemplarCity": "サンタレム"
              },
              "Campo_Grande": {
                "_type": "zone",
                "exemplarCity": "カンポグランデ"
              },
              "Belem": {
                "_type": "zone",
                "exemplarCity": "ベレン"
              },
              "Araguaina": {
                "_type": "zone",
                "exemplarCity": "アラグァイナ"
              },
              "Sao_Paulo": {
                "_type": "zone",
                "exemplarCity": "サンパウロ"
              },
              "Bahia": {
                "_type": "zone",
                "exemplarCity": "バイーア"
              },
              "Fortaleza": {
                "_type": "zone",
                "exemplarCity": "フォルタレザ"
              },
              "Maceio": {
                "_type": "zone",
                "exemplarCity": "マセイオ"
              },
              "Recife": {
                "_type": "zone",
                "exemplarCity": "レシフェ"
              },
              "Noronha": {
                "_type": "zone",
                "exemplarCity": "ノローニャ"
              },
              "Nassau": {
                "_type": "zone",
                "exemplarCity": "ナッソー"
              },
              "Belize": {
                "_type": "zone",
                "exemplarCity": "ベリーズ"
              },
              "Dawson": {
                "_type": "zone",
                "exemplarCity": "ドーソン"
              },
              "Whitehorse": {
                "_type": "zone",
                "exemplarCity": "ホワイトホース"
              },
              "Inuvik": {
                "_type": "zone",
                "exemplarCity": "イヌヴィク"
              },
              "Vancouver": {
                "_type": "zone",
                "exemplarCity": "バンクーバー"
              },
              "Fort_Nelson": {
                "_type": "zone",
                "exemplarCity": "フォートネルソン"
              },
              "Dawson_Creek": {
                "_type": "zone",
                "exemplarCity": "ドーソンクリーク"
              },
              "Creston": {
                "_type": "zone",
                "exemplarCity": "クレストン"
              },
              "Edmonton": {
                "_type": "zone",
                "exemplarCity": "エドモントン"
              },
              "Swift_Current": {
                "_type": "zone",
                "exemplarCity": "スウィフトカレント"
              },
              "Cambridge_Bay": {
                "_type": "zone",
                "exemplarCity": "ケンブリッジベイ"
              },
              "Regina": {
                "_type": "zone",
                "exemplarCity": "レジャイナ"
              },
              "Winnipeg": {
                "_type": "zone",
                "exemplarCity": "ウィニペグ"
              },
              "Resolute": {
                "_type": "zone",
                "exemplarCity": "レゾリュート"
              },
              "Rankin_Inlet": {
                "_type": "zone",
                "exemplarCity": "ランキンインレット"
              },
              "Coral_Harbour": {
                "_type": "zone",
                "exemplarCity": "アティコカン"
              },
              "Toronto": {
                "_type": "zone",
                "exemplarCity": "トロント"
              },
              "Iqaluit": {
                "_type": "zone",
                "exemplarCity": "イカルイット"
              },
              "Moncton": {
                "_type": "zone",
                "exemplarCity": "モンクトン"
              },
              "Halifax": {
                "_type": "zone",
                "exemplarCity": "ハリファクス"
              },
              "Goose_Bay": {
                "_type": "zone",
                "exemplarCity": "グースベイ"
              },
              "Glace_Bay": {
                "_type": "zone",
                "exemplarCity": "グレースベイ"
              },
              "Blanc-Sablon": {
                "_type": "zone",
                "exemplarCity": "ブラン・サブロン"
              },
              "St_Johns": {
                "_type": "zone",
                "exemplarCity": "セントジョンズ"
              },
              "Coyhaique": {
                "_type": "zone",
                "exemplarCity": "コジャイケ"
              },
              "Punta_Arenas": {
                "_type": "zone",
                "exemplarCity": "プンタアレナス"
              },
              "Santiago": {
                "_type": "zone",
                "exemplarCity": "サンチアゴ"
              },
              "Bogota": {
                "_type": "zone",
                "exemplarCity": "ボゴタ"
              },
              "Costa_Rica": {
                "_type": "zone",
                "exemplarCity": "コスタリカ"
              },
              "Havana": {
                "_type": "zone",
                "exemplarCity": "ハバナ"
              },
              "Curacao": {
                "_type": "zone",
                "exemplarCity": "キュラソー"
              },
              "Dominica": {
                "_type": "zone",
                "exemplarCity": "ドミニカ"
              },
              "Santo_Domingo": {
                "_type": "zone",
                "exemplarCity": "サントドミンゴ"
              },
              "Guayaquil": {
                "_type": "zone",
                "exemplarCity": "グアヤキル"
              },
              "Grenada": {
                "_type": "zone",
                "exemplarCity": "グレナダ"
              },
              "Cayenne": {
                "_type": "zone",
                "exemplarCity": "カイエンヌ"
              },
              "Thule": {
                "_type": "zone",
                "exemplarCity": "チューレ"
              },
              "Godthab": {
                "_type": "zone",
                "exemplarCity": "ヌーク"
              },
              "Scoresbysund": {
                "_type": "zone",
                "exemplarCity": "イトコルトルミット"
              },
              "Danmarkshavn": {
                "_type": "zone",
                "exemplarCity": "デンマークシャウン"
              },
              "Guadeloupe": {
                "_type": "zone",
                "exemplarCity": "グアドループ"
              },
              "Guatemala": {
                "_type": "zone",
                "exemplarCity": "グアテマラ"
              },
              "Guyana": {
                "_type": "zone",
                "exemplarCity": "ガイアナ"
              },
              "Tegucigalpa": {
                "_type": "zone",
                "exemplarCity": "テグシガルパ"
              },
              "Port-au-Prince": {
                "_type": "zone",
                "exemplarCity": "ポルトープランス"
              },
              "Jamaica": {
                "_type": "zone",
                "exemplarCity": "ジャマイカ"
              },
              "St_Kitts": {
                "_type": "zone",
                "exemplarCity": "セントクリストファー"
              },
              "Cayman": {
                "_type": "zone",
                "exemplarCity": "ケイマン"
              },
              "St_Lucia": {
                "_type": "zone",
                "exemplarCity": "セントルシア"
              },
              "Marigot": {
                "_type": "zone",
                "exemplarCity": "マリゴ"
              },
              "Martinique": {
                "_type": "zone",
                "exemplarCity": "マルティニーク"
              },
              "Montserrat": {
                "_type": "zone",
                "exemplarCity": "モントセラト"
              },
              "Tijuana": {
                "_type": "zone",
                "exemplarCity": "ティフアナ"
              },
              "Hermosillo": {
                "_type": "zone",
                "exemplarCity": "エルモシヨ"
              },
              "Ciudad_Juarez": {
                "_type": "zone",
                "exemplarCity": "シウダー・フアレス"
              },
              "Mazatlan": {
                "_type": "zone",
                "exemplarCity": "マサトラン"
              },
              "Chihuahua": {
                "_type": "zone",
                "exemplarCity": "チワワ"
              },
              "Bahia_Banderas": {
                "_type": "zone",
                "exemplarCity": "バイアバンデラ"
              },
              "Ojinaga": {
                "_type": "zone",
                "exemplarCity": "オヒナガ"
              },
              "Monterrey": {
                "_type": "zone",
                "exemplarCity": "モンテレイ"
              },
              "Mexico_City": {
                "_type": "zone",
                "exemplarCity": "メキシコシティー"
              },
              "Matamoros": {
                "_type": "zone",
                "exemplarCity": "マタモロス"
              },
              "Merida": {
                "_type": "zone",
                "exemplarCity": "メリダ"
              },
              "Cancun": {
                "_type": "zone",
                "exemplarCity": "カンクン"
              },
              "Managua": {
                "_type": "zone",
                "exemplarCity": "マナグア"
              },
              "Panama": {
                "_type": "zone",
                "exemplarCity": "パナマ"
              },
              "Lima": {
                "_type": "zone",
                "exemplarCity": "リマ"
              },
              "Miquelon": {
                "_type": "zone",
                "exemplarCity": "ミクロン島"
              },
              "Puerto_Rico": {
                "_type": "zone",
                "exemplarCity": "プエルトリコ"
              },
              "Asuncion": {
                "_type": "zone",
                "exemplarCity": "アスンシオン"
              },
              "Paramaribo": {
                "_type": "zone",
                "exemplarCity": "パラマリボ"
              },
              "El_Salvador": {
                "_type": "zone",
                "exemplarCity": "エルサルバドル"
              },
              "Lower_Princes": {
                "_type": "zone",
                "exemplarCity": "ローワー・プリンセズ・クウォーター"
              },
              "Grand_Turk": {
                "_type": "zone",
                "exemplarCity": "グランドターク"
              },
              "Port_of_Spain": {
                "_type": "zone",
                "exemplarCity": "ポートオブスペイン"
              },
              "Adak": {
                "_type": "zone",
                "exemplarCity": "アダック"
              },
              "Nome": {
                "_type": "zone",
                "exemplarCity": "ノーム"
              },
              "Anchorage": {
                "_type": "zone",
                "exemplarCity": "アンカレッジ"
              },
              "Yakutat": {
                "_type": "zone",
                "exemplarCity": "ヤクタット"
              },
              "Sitka": {
                "_type": "zone",
                "exemplarCity": "シトカ"
              },
              "Juneau": {
                "_type": "zone",
                "exemplarCity": "ジュノー"
              },
              "Metlakatla": {
                "_type": "zone",
                "exemplarCity": "メトラカトラ"
              },
              "Los_Angeles": {
                "_type": "zone",
                "exemplarCity": "ロサンゼルス"
              },
              "Boise": {
                "_type": "zone",
                "exemplarCity": "ボイシ"
              },
              "Phoenix": {
                "_type": "zone",
                "exemplarCity": "フェニックス"
              },
              "Denver": {
                "_type": "zone",
                "exemplarCity": "デンバー"
              },
              "North_Dakota": {
                "Beulah": {
                  "_type": "zone",
                  "exemplarCity": "ノースダコタ州ビューラー"
                },
                "New_Salem": {
                  "_type": "zone",
                  "exemplarCity": "ノースダコタ州ニューセーラム"
                },
                "Center": {
                  "_type": "zone",
                  "exemplarCity": "ノースダコタ州センター"
                }
              },
              "Chicago": {
                "_type": "zone",
                "exemplarCity": "シカゴ"
              },
              "Menominee": {
                "_type": "zone",
                "exemplarCity": "メノミニー"
              },
              "Indiana": {
                "Vincennes": {
                  "_type": "zone",
                  "exemplarCity": "インディアナ州ビンセンス"
                },
                "Petersburg": {
                  "_type": "zone",
                  "exemplarCity": "インディアナ州ピーターズバーグ"
                },
                "Tell_City": {
                  "_type": "zone",
                  "exemplarCity": "インディアナ州テルシティ"
                },
                "Knox": {
                  "_type": "zone",
                  "exemplarCity": "インディアナ州ノックス"
                },
                "Winamac": {
                  "_type": "zone",
                  "exemplarCity": "インディアナ州ウィナマック"
                },
                "Marengo": {
                  "_type": "zone",
                  "exemplarCity": "インディアナ州マレンゴ"
                },
                "Vevay": {
                  "_type": "zone",
                  "exemplarCity": "インディアナ州ビベー"
                }
              },
              "Indianapolis": {
                "_type": "zone",
                "exemplarCity": "インディアナポリス"
              },
              "Louisville": {
                "_type": "zone",
                "exemplarCity": "ルイビル"
              },
              "Kentucky": {
                "Monticello": {
                  "_type": "zone",
                  "exemplarCity": "ケンタッキー州モンティチェロ"
                }
              },
              "Detroit": {
                "_type": "zone",
                "exemplarCity": "デトロイト"
              },
              "New_York": {
                "_type": "zone",
                "exemplarCity": "ニューヨーク"
              },
              "Montevideo": {
                "_type": "zone",
                "exemplarCity": "モンテビデオ"
              },
              "St_Vincent": {
                "_type": "zone",
                "exemplarCity": "セントビンセント"
              },
              "Caracas": {
                "_type": "zone",
                "exemplarCity": "カラカス"
              },
              "Tortola": {
                "_type": "zone",
                "exemplarCity": "トルトーラ"
              },
              "St_Thomas": {
                "_type": "zone",
                "exemplarCity": "セントトーマス"
              }
            },
            "Africa": {
              "Luanda": {
                "_type": "zone",
                "exemplarCity": "ルアンダ"
              },
              "Ouagadougou": {
                "_type": "zone",
                "exemplarCity": "ワガドゥグー"
              },
              "Bujumbura": {
                "_type": "zone",
                "exemplarCity": "ブジュンブラ"
              },
              "Porto-Novo": {
                "_type": "zone",
                "exemplarCity": "ポルトノボ"
              },
              "Gaborone": {
                "_type": "zone",
                "exemplarCity": "ハボローネ"
              },
              "Kinshasa": {
                "_type": "zone",
                "exemplarCity": "キンシャサ"
              },
              "Lubumbashi": {
                "_type": "zone",
                "exemplarCity": "ルブンバシ"
              },
              "Bangui": {
                "_type": "zone",
                "exemplarCity": "バンギ"
              },
              "Brazzaville": {
                "_type": "zone",
                "exemplarCity": "ブラザビル"
              },
              "Abidjan": {
                "_type": "zone",
                "exemplarCity": "アビジャン"
              },
              "Douala": {
                "_type": "zone",
                "exemplarCity": "ドゥアラ"
              },
              "Djibouti": {
                "_type": "zone",
                "exemplarCity": "ジブチ"
              },
              "Algiers": {
                "_type": "zone",
                "exemplarCity": "アルジェ"
              },
              "Cairo": {
                "_type": "zone",
                "exemplarCity": "カイロ"
              },
              "El_Aaiun": {
                "_type": "zone",
                "exemplarCity": "アイウン"
              },
              "Asmera": {
                "_type": "zone",
                "exemplarCity": "アスマラ"
              },
              "Ceuta": {
                "_type": "zone",
                "exemplarCity": "セウタ"
              },
              "Addis_Ababa": {
                "_type": "zone",
                "exemplarCity": "アジスアベバ"
              },
              "Libreville": {
                "_type": "zone",
                "exemplarCity": "リーブルヴィル"
              },
              "Accra": {
                "_type": "zone",
                "exemplarCity": "アクラ"
              },
              "Banjul": {
                "_type": "zone",
                "exemplarCity": "バンジュール"
              },
              "Conakry": {
                "_type": "zone",
                "exemplarCity": "コナクリ"
              },
              "Malabo": {
                "_type": "zone",
                "exemplarCity": "マラボ"
              },
              "Bissau": {
                "_type": "zone",
                "exemplarCity": "ビサウ"
              },
              "Nairobi": {
                "_type": "zone",
                "exemplarCity": "ナイロビ"
              },
              "Monrovia": {
                "_type": "zone",
                "exemplarCity": "モンロビア"
              },
              "Maseru": {
                "_type": "zone",
                "exemplarCity": "マセル"
              },
              "Tripoli": {
                "_type": "zone",
                "exemplarCity": "トリポリ"
              },
              "Casablanca": {
                "_type": "zone",
                "exemplarCity": "カサブランカ"
              },
              "Bamako": {
                "_type": "zone",
                "exemplarCity": "バマコ"
              },
              "Nouakchott": {
                "_type": "zone",
                "exemplarCity": "ヌアクショット"
              },
              "Blantyre": {
                "_type": "zone",
                "exemplarCity": "ブランタイヤ"
              },
              "Maputo": {
                "_type": "zone",
                "exemplarCity": "マプト"
              },
              "Windhoek": {
                "_type": "zone",
                "exemplarCity": "ウィントフック"
              },
              "Niamey": {
                "_type": "zone",
                "exemplarCity": "ニアメ"
              },
              "Lagos": {
                "_type": "zone",
                "exemplarCity": "ラゴス"
              },
              "Kigali": {
                "_type": "zone",
                "exemplarCity": "キガリ"
              },
              "Khartoum": {
                "_type": "zone",
                "exemplarCity": "ハルツーム"
              },
              "Freetown": {
                "_type": "zone",
                "exemplarCity": "フリータウン"
              },
              "Dakar": {
                "_type": "zone",
                "exemplarCity": "ダカール"
              },
              "Mogadishu": {
                "_type": "zone",
                "exemplarCity": "モガディシオ"
              },
              "Juba": {
                "_type": "zone",
                "exemplarCity": "ジュバ"
              },
              "Sao_Tome": {
                "_type": "zone",
                "exemplarCity": "サントメ"
              },
              "Mbabane": {
                "_type": "zone",
                "exemplarCity": "ムババーネ"
              },
              "Ndjamena": {
                "_type": "zone",
                "exemplarCity": "ンジャメナ"
              },
              "Lome": {
                "_type": "zone",
                "exemplarCity": "ロメ"
              },
              "Tunis": {
                "_type": "zone",
                "exemplarCity": "チュニス"
              },
              "Dar_es_Salaam": {
                "_type": "zone",
                "exemplarCity": "ダルエスサラーム"
              },
              "Kampala": {
                "_type": "zone",
                "exemplarCity": "カンパラ"
              },
              "Johannesburg": {
                "_type": "zone",
                "exemplarCity": "ヨハネスブルグ"
              },
              "Lusaka": {
                "_type": "zone",
                "exemplarCity": "ルサカ"
              },
              "Harare": {
                "_type": "zone",
                "exemplarCity": "ハラレ"
              }
            },
            "Antarctica": {
              "Rothera": {
                "_type": "zone",
                "exemplarCity": "ロゼラ基地"
              },
              "Palmer": {
                "_type": "zone",
                "exemplarCity": "パーマー基地"
              },
              "Troll": {
                "_type": "zone",
                "exemplarCity": "トロル基地"
              },
              "Syowa": {
                "_type": "zone",
                "exemplarCity": "昭和基地"
              },
              "Mawson": {
                "_type": "zone",
                "exemplarCity": "モーソン基地"
              },
              "Davis": {
                "_type": "zone",
                "exemplarCity": "デービス基地"
              },
              "Vostok": {
                "_type": "zone",
                "exemplarCity": "ボストーク基地"
              },
              "Casey": {
                "_type": "zone",
                "exemplarCity": "ケーシー基地"
              },
              "DumontDUrville": {
                "_type": "zone",
                "exemplarCity": "デュモン・デュルヴィル基地"
              },
              "McMurdo": {
                "_type": "zone",
                "exemplarCity": "マクマード基地"
              },
              "Macquarie": {
                "_type": "zone",
                "exemplarCity": "マッコリー"
              }
            },
            "Australia": {
              "Perth": {
                "_type": "zone",
                "exemplarCity": "パース"
              },
              "Eucla": {
                "_type": "zone",
                "exemplarCity": "ユークラ"
              },
              "Darwin": {
                "_type": "zone",
                "exemplarCity": "ダーウィン"
              },
              "Adelaide": {
                "_type": "zone",
                "exemplarCity": "アデレード"
              },
              "Broken_Hill": {
                "_type": "zone",
                "exemplarCity": "ブロークンヒル"
              },
              "Melbourne": {
                "_type": "zone",
                "exemplarCity": "メルボルン"
              },
              "Hobart": {
                "_type": "zone",
                "exemplarCity": "ホバート"
              },
              "Lindeman": {
                "_type": "zone",
                "exemplarCity": "リンデマン"
              },
              "Sydney": {
                "_type": "zone",
                "exemplarCity": "シドニー"
              },
              "Brisbane": {
                "_type": "zone",
                "exemplarCity": "ブリスベン"
              },
              "Lord_Howe": {
                "_type": "zone",
                "exemplarCity": "ロードハウ"
              }
            },
            "Atlantic": {
              "Bermuda": {
                "_type": "zone",
                "exemplarCity": "バミューダ"
              },
              "Cape_Verde": {
                "_type": "zone",
                "exemplarCity": "カーボベルデ"
              },
              "Canary": {
                "_type": "zone",
                "exemplarCity": "カナリア"
              },
              "Stanley": {
                "_type": "zone",
                "exemplarCity": "スタンレー"
              },
              "Faeroe": {
                "_type": "zone",
                "exemplarCity": "フェロー"
              },
              "South_Georgia": {
                "_type": "zone",
                "exemplarCity": "サウスジョージア"
              },
              "Reykjavik": {
                "_type": "zone",
                "exemplarCity": "レイキャビク"
              },
              "Azores": {
                "_type": "zone",
                "exemplarCity": "アゾレス"
              },
              "Madeira": {
                "_type": "zone",
                "exemplarCity": "マデイラ"
              },
              "St_Helena": {
                "_type": "zone",
                "exemplarCity": "セントヘレナ"
              }
            },
            "Indian": {
              "Cocos": {
                "_type": "zone",
                "exemplarCity": "ココス諸島"
              },
              "Christmas": {
                "_type": "zone",
                "exemplarCity": "クリスマス島"
              },
              "Chagos": {
                "_type": "zone",
                "exemplarCity": "チャゴス"
              },
              "Comoro": {
                "_type": "zone",
                "exemplarCity": "コモロ"
              },
              "Antananarivo": {
                "_type": "zone",
                "exemplarCity": "アンタナナリボ"
              },
              "Mauritius": {
                "_type": "zone",
                "exemplarCity": "モーリシャス"
              },
              "Maldives": {
                "_type": "zone",
                "exemplarCity": "モルディブ"
              },
              "Reunion": {
                "_type": "zone",
                "exemplarCity": "レユニオン"
              },
              "Mahe": {
                "_type": "zone",
                "exemplarCity": "マヘ"
              },
              "Kerguelen": {
                "_type": "zone",
                "exemplarCity": "ケルゲレン諸島"
              },
              "Mayotte": {
                "_type": "zone",
                "exemplarCity": "マヨット"
              }
            },
            "Arctic": {
              "Longyearbyen": {
                "_type": "zone",
                "exemplarCity": "ロングイェールビーン"
              }
            }
          },
          "metazone": {
            "Acre": {
              "long": {
                "generic": "アクレ時間",
                "standard": "アクレ標準時",
                "daylight": "アクレ夏時間"
              }
            },
            "Afghanistan": {
              "long": {
                "standard": "アフガニスタン時間"
              }
            },
            "Africa_Central": {
              "long": {
                "standard": "中央アフリカ時間"
              }
            },
            "Africa_Eastern": {
              "long": {
                "standard": "東アフリカ時間"
              }
            },
            "Africa_Southern": {
              "long": {
                "standard": "南アフリカ標準時"
              }
            },
            "Africa_Western": {
              "long": {
                "standard": "西アフリカ時間"
              }
            },
            "Alaska": {
              "long": {
                "generic": "アラスカ時間",
                "standard": "アラスカ標準時",
                "daylight": "アラスカ夏時間"
              }
            },
            "Almaty": {
              "long": {
                "generic": "アルトマイ時間",
                "standard": "アルトマイ標準時",
                "daylight": "アルマトイ夏時間"
              }
            },
            "Amazon": {
              "long": {
                "generic": "アマゾン時間",
                "standard": "アマゾン標準時",
                "daylight": "アマゾン夏時間"
              }
            },
            "America_Central": {
              "long": {
                "generic": "米国中部時間",
                "standard": "米国中部標準時",
                "daylight": "米国中部夏時間"
              }
            },
            "America_Eastern": {
              "long": {
                "generic": "米国東部時間",
                "standard": "米国東部標準時",
                "daylight": "米国東部夏時間"
              }
            },
            "America_Mountain": {
              "long": {
                "generic": "米国山岳部時間",
                "standard": "米国山岳標準時",
                "daylight": "米国山岳夏時間"
              }
            },
            "America_Pacific": {
              "long": {
                "generic": "米国太平洋時間",
                "standard": "米国太平洋標準時",
                "daylight": "米国太平洋夏時間"
              }
            },
            "Anadyr": {
              "long": {
                "generic": "アナディリ時間",
                "standard": "アナディリ標準時",
                "daylight": "アナディリ夏時間"
              }
            },
            "Apia": {
              "long": {
                "generic": "サモア時間",
                "standard": "サモア標準時",
                "daylight": "サモア夏時間"
              }
            },
            "Aqtau": {
              "long": {
                "generic": "アクタウ時間",
                "standard": "アクタウ標準時",
                "daylight": "アクタウ夏時間"
              }
            },
            "Aqtobe": {
              "long": {
                "generic": "アクトベ時間",
                "standard": "アクトベ標準時",
                "daylight": "アクトベ夏時間"
              }
            },
            "Arabian": {
              "long": {
                "generic": "アラビア時間",
                "standard": "アラビア標準時",
                "daylight": "アラビア夏時間"
              }
            },
            "Argentina": {
              "long": {
                "generic": "アルゼンチン時間",
                "standard": "アルゼンチン標準時",
                "daylight": "アルゼンチン夏時間"
              }
            },
            "Argentina_Western": {
              "long": {
                "generic": "西部アルゼンチン時間",
                "standard": "西部アルゼンチン標準時",
                "daylight": "西部アルゼンチン夏時間"
              }
            },
            "Armenia": {
              "long": {
                "generic": "アルメニア時間",
                "standard": "アルメニア標準時",
                "daylight": "アルメニア夏時間"
              }
            },
            "Atlantic": {
              "long": {
                "generic": "大西洋時間",
                "standard": "大西洋標準時",
                "daylight": "大西洋夏時間"
              }
            },
            "Australia_Central": {
              "long": {
                "generic": "オーストラリア中部時間",
                "standard": "オーストラリア中部標準時",
                "daylight": "オーストラリア中部夏時間"
              }
            },
            "Australia_CentralWestern": {
              "long": {
                "generic": "オーストラリア中西部時間",
                "standard": "オーストラリア中西部標準時",
                "daylight": "オーストラリア中西部夏時間"
              }
            },
            "Australia_Eastern": {
              "long": {
                "generic": "オーストラリア東部時間",
                "standard": "オーストラリア東部標準時",
                "daylight": "オーストラリア東部夏時間"
              }
            },
            "Australia_Western": {
              "long": {
                "generic": "オーストラリア西部時間",
                "standard": "オーストラリア西部標準時",
                "daylight": "オーストラリア西部夏時間"
              }
            },
            "Azerbaijan": {
              "long": {
                "generic": "アゼルバイジャン時間",
                "standard": "アゼルバイジャン標準時",
                "daylight": "アゼルバイジャン夏時間"
              }
            },
            "Azores": {
              "long": {
                "generic": "アゾレス時間",
                "standard": "アゾレス標準時",
                "daylight": "アゾレス夏時間"
              }
            },
            "Bangladesh": {
              "long": {
                "generic": "バングラデシュ時間",
                "standard": "バングラデシュ標準時",
                "daylight": "バングラデシュ夏時間"
              }
            },
            "Bhutan": {
              "long": {
                "standard": "ブータン時間"
              }
            },
            "Bolivia": {
              "long": {
                "standard": "ボリビア時間"
              }
            },
            "Brasilia": {
              "long": {
                "generic": "ブラジリア時間",
                "standard": "ブラジリア標準時",
                "daylight": "ブラジリア夏時間"
              }
            },
            "Brunei": {
              "long": {
                "standard": "ブルネイ時間"
              }
            },
            "Cape_Verde": {
              "long": {
                "generic": "カーボベルデ時間",
                "standard": "カーボベルデ標準時",
                "daylight": "カーボベルデ夏時間"
              }
            },
            "Casey": {
              "long": {
                "standard": "ケイシー基地時間"
              }
            },
            "Chamorro": {
              "long": {
                "standard": "チャモロ時間"
              }
            },
            "Chatham": {
              "long": {
                "generic": "チャタム時間",
                "standard": "チャタム標準時",
                "daylight": "チャタム夏時間"
              }
            },
            "Chile": {
              "long": {
                "generic": "チリ時間",
                "standard": "チリ標準時",
                "daylight": "チリ夏時間"
              }
            },
            "China": {
              "long": {
                "generic": "中国時間",
                "standard": "中国標準時",
                "daylight": "中国夏時間"
              }
            },
            "Christmas": {
              "long": {
                "standard": "クリスマス島時間"
              }
            },
            "Cocos": {
              "long": {
                "standard": "ココス諸島時間"
              }
            },
            "Colombia": {
              "long": {
                "generic": "コロンビア時間",
                "standard": "コロンビア標準時",
                "daylight": "コロンビア夏時間"
              }
            },
            "Cook": {
              "long": {
                "generic": "クック諸島時間",
                "standard": "クック諸島標準時",
                "daylight": "クック諸島夏時間"
              }
            },
            "Cuba": {
              "long": {
                "generic": "キューバ時間",
                "standard": "キューバ標準時",
                "daylight": "キューバ夏時間"
              }
            },
            "Davis": {
              "long": {
                "standard": "デービス基地時間"
              }
            },
            "DumontDUrville": {
              "long": {
                "standard": "デュモン・デュルヴィル基地時間"
              }
            },
            "East_Timor": {
              "long": {
                "standard": "東ティモール時間"
              }
            },
            "Easter": {
              "long": {
                "generic": "イースター島時間",
                "standard": "イースター島標準時",
                "daylight": "イースター島夏時間"
              }
            },
            "Ecuador": {
              "long": {
                "standard": "エクアドル時間"
              }
            },
            "Europe_Central": {
              "long": {
                "generic": "中央ヨーロッパ時間",
                "standard": "中央ヨーロッパ標準時",
                "daylight": "中央ヨーロッパ夏時間"
              }
            },
            "Europe_Eastern": {
              "long": {
                "generic": "東ヨーロッパ時間",
                "standard": "東ヨーロッパ標準時",
                "daylight": "東ヨーロッパ夏時間"
              }
            },
            "Europe_Further_Eastern": {
              "long": {
                "standard": "極東ヨーロッパ時間"
              }
            },
            "Europe_Western": {
              "long": {
                "generic": "西ヨーロッパ時間",
                "standard": "西ヨーロッパ標準時",
                "daylight": "西ヨーロッパ夏時間"
              }
            },
            "Falkland": {
              "long": {
                "generic": "フォークランド諸島時間",
                "standard": "フォークランド諸島標準時",
                "daylight": "フォークランド諸島夏時間"
              }
            },
            "Fiji": {
              "long": {
                "generic": "フィジー時間",
                "standard": "フィジー標準時",
                "daylight": "フィジー夏時間"
              }
            },
            "French_Guiana": {
              "long": {
                "standard": "仏領ギアナ時間"
              }
            },
            "French_Southern": {
              "long": {
                "standard": "仏領南方南極時間"
              }
            },
            "Galapagos": {
              "long": {
                "standard": "ガラパゴス時間"
              }
            },
            "Gambier": {
              "long": {
                "standard": "ガンビエ諸島時間"
              }
            },
            "Georgia": {
              "long": {
                "generic": "ジョージア時間",
                "standard": "ジョージア標準時",
                "daylight": "ジョージア夏時間"
              }
            },
            "Gilbert_Islands": {
              "long": {
                "standard": "ギルバート諸島時間"
              }
            },
            "GMT": {
              "long": {
                "standard": "グリニッジ標準時"
              }
            },
            "Greenland_Eastern": {
              "long": {
                "generic": "グリーンランド東部時間",
                "standard": "グリーンランド東部標準時",
                "daylight": "グリーンランド東部夏時間"
              }
            },
            "Greenland_Western": {
              "long": {
                "generic": "グリーンランド西部時間",
                "standard": "グリーンランド西部標準時",
                "daylight": "グリーンランド西部夏時間"
              }
            },
            "Guam": {
              "long": {
                "standard": "グアム時間"
              }
            },
            "Gulf": {
              "long": {
                "standard": "湾岸標準時"
              }
            },
            "Guyana": {
              "long": {
                "standard": "ガイアナ時間"
              }
            },
            "Hawaii": {
              "long": {
                "standard": "ハワイ・アリューシャン標準時"
              }
            },
            "Hawaii_Aleutian": {
              "long": {
                "generic": "ハワイ・アリューシャン時間",
                "standard": "ハワイ・アリューシャン標準時",
                "daylight": "ハワイ・アリューシャン夏時間"
              }
            },
            "Hong_Kong": {
              "long": {
                "generic": "香港時間",
                "standard": "香港標準時",
                "daylight": "香港夏時間"
              }
            },
            "Hovd": {
              "long": {
                "generic": "ホブド時間",
                "standard": "ホブド標準時",
                "daylight": "ホブド夏時間"
              }
            },
            "India": {
              "long": {
                "standard": "インド標準時"
              }
            },
            "Indian_Ocean": {
              "long": {
                "standard": "インド洋時間"
              }
            },
            "Indochina": {
              "long": {
                "standard": "インドシナ時間"
              }
            },
            "Indonesia_Central": {
              "long": {
                "standard": "インドネシア中部時間"
              }
            },
            "Indonesia_Eastern": {
              "long": {
                "standard": "インドネシア東部時間"
              }
            },
            "Indonesia_Western": {
              "long": {
                "standard": "インドネシア西部時間"
              }
            },
            "Iran": {
              "long": {
                "generic": "イラン時間",
                "standard": "イラン標準時",
                "daylight": "イラン夏時間"
              }
            },
            "Irkutsk": {
              "long": {
                "generic": "イルクーツク時間",
                "standard": "イルクーツク標準時",
                "daylight": "イルクーツク夏時間"
              }
            },
            "Israel": {
              "long": {
                "generic": "イスラエル時間",
                "standard": "イスラエル標準時",
                "daylight": "イスラエル夏時間"
              }
            },
            "Japan": {
              "long": {
                "generic": "日本時間",
                "standard": "日本標準時",
                "daylight": "日本夏時間"
              },
              "short": {
                "standard": "JST",
                "daylight": "JDT"
              }
            },
            "Kamchatka": {
              "long": {
                "generic": "ペトロパブロフスク・カムチャツキー時間",
                "standard": "ペトロパブロフスク・カムチャツキー標準時",
                "daylight": "ペトロパブロフスク・カムチャツキー夏時間"
              }
            },
            "Kazakhstan": {
              "long": {
                "standard": "カザフスタン時間"
              }
            },
            "Kazakhstan_Eastern": {
              "long": {
                "standard": "東カザフスタン時間"
              }
            },
            "Kazakhstan_Western": {
              "long": {
                "standard": "西カザフスタン時間"
              }
            },
            "Korea": {
              "long": {
                "generic": "韓国時間",
                "standard": "韓国標準時",
                "daylight": "韓国夏時間"
              }
            },
            "Kosrae": {
              "long": {
                "standard": "コスラエ時間"
              }
            },
            "Krasnoyarsk": {
              "long": {
                "generic": "クラスノヤルスク時間",
                "standard": "クラスノヤルスク標準時",
                "daylight": "クラスノヤルスク夏時間"
              }
            },
            "Kyrgystan": {
              "long": {
                "standard": "キルギス時間"
              }
            },
            "Lanka": {
              "long": {
                "standard": "ランカ時間"
              }
            },
            "Line_Islands": {
              "long": {
                "standard": "ライン諸島時間"
              }
            },
            "Lord_Howe": {
              "long": {
                "generic": "ロードハウ時間",
                "standard": "ロードハウ標準時",
                "daylight": "ロードハウ夏時間"
              }
            },
            "Macau": {
              "long": {
                "generic": "マカオ時間",
                "standard": "マカオ標準時",
                "daylight": "マカオ夏時間"
              }
            },
            "Magadan": {
              "long": {
                "generic": "マガダン時間",
                "standard": "マガダン標準時",
                "daylight": "マガダン夏時間"
              }
            },
            "Malaysia": {
              "long": {
                "standard": "マレーシア時間"
              }
            },
            "Maldives": {
              "long": {
                "standard": "モルディブ時間"
              }
            },
            "Marquesas": {
              "long": {
                "standard": "マルキーズ時間"
              }
            },
            "Marshall_Islands": {
              "long": {
                "standard": "マーシャル諸島時間"
              }
            },
            "Mauritius": {
              "long": {
                "generic": "モーリシャス時間",
                "standard": "モーリシャス標準時",
                "daylight": "モーリシャス夏時間"
              }
            },
            "Mawson": {
              "long": {
                "standard": "モーソン基地時間"
              }
            },
            "Mexico_Pacific": {
              "long": {
                "generic": "メキシコ太平洋時間",
                "standard": "メキシコ太平洋標準時",
                "daylight": "メキシコ太平洋夏時間"
              }
            },
            "Mongolia": {
              "long": {
                "generic": "ウランバートル時間",
                "standard": "ウランバートル標準時",
                "daylight": "ウランバートル夏時間"
              }
            },
            "Moscow": {
              "long": {
                "generic": "モスクワ時間",
                "standard": "モスクワ標準時",
                "daylight": "モスクワ夏時間"
              }
            },
            "Myanmar": {
              "long": {
                "standard": "ミャンマー時間"
              }
            },
            "Nauru": {
              "long": {
                "standard": "ナウル時間"
              }
            },
            "Nepal": {
              "long": {
                "standard": "ネパール時間"
              }
            },
            "New_Caledonia": {
              "long": {
                "generic": "ニューカレドニア時間",
                "standard": "ニューカレドニア標準時",
                "daylight": "ニューカレドニア夏時間"
              }
            },
            "New_Zealand": {
              "long": {
                "generic": "ニュージーランド時間",
                "standard": "ニュージーランド標準時",
                "daylight": "ニュージーランド夏時間"
              }
            },
            "Newfoundland": {
              "long": {
                "generic": "ニューファンドランド時間",
                "standard": "ニューファンドランド標準時",
                "daylight": "ニューファンドランド夏時間"
              }
            },
            "Niue": {
              "long": {
                "standard": "ニウエ時間"
              }
            },
            "Norfolk": {
              "long": {
                "generic": "ノーフォーク島時間",
                "standard": "ノーフォーク島標準時",
                "daylight": "ノーフォーク島夏時間"
              }
            },
            "Noronha": {
              "long": {
                "generic": "フェルナンド・デ・ノローニャ時間",
                "standard": "フェルナンド・デ・ノローニャ標準時",
                "daylight": "フェルナンド・デ・ノローニャ夏時間"
              }
            },
            "North_Mariana": {
              "long": {
                "standard": "北マリアナ諸島時間"
              }
            },
            "Novosibirsk": {
              "long": {
                "generic": "ノヴォシビルスク時間",
                "standard": "ノヴォシビルスク標準時",
                "daylight": "ノヴォシビルスク夏時間"
              }
            },
            "Omsk": {
              "long": {
                "generic": "オムスク時間",
                "standard": "オムスク標準時",
                "daylight": "オムスク夏時間"
              }
            },
            "Pakistan": {
              "long": {
                "generic": "パキスタン時間",
                "standard": "パキスタン標準時",
                "daylight": "パキスタン夏時間"
              }
            },
            "Palau": {
              "long": {
                "standard": "パラオ時間"
              }
            },
            "Papua_New_Guinea": {
              "long": {
                "standard": "パプアニューギニア時間"
              }
            },
            "Paraguay": {
              "long": {
                "generic": "パラグアイ時間",
                "standard": "パラグアイ標準時",
                "daylight": "パラグアイ夏時間"
              }
            },
            "Peru": {
              "long": {
                "generic": "ペルー時間",
                "standard": "ペルー標準時",
                "daylight": "ペルー夏時間"
              }
            },
            "Philippines": {
              "long": {
                "generic": "フィリピン時間",
                "standard": "フィリピン標準時",
                "daylight": "フィリピン夏時間"
              }
            },
            "Phoenix_Islands": {
              "long": {
                "standard": "フェニックス諸島時間"
              }
            },
            "Pierre_Miquelon": {
              "long": {
                "generic": "サンピエール島・ミクロン島時間",
                "standard": "サンピエール島・ミクロン島標準時",
                "daylight": "サンピエール島・ミクロン島夏時間"
              }
            },
            "Pitcairn": {
              "long": {
                "standard": "ピトケアン時間"
              }
            },
            "Ponape": {
              "long": {
                "standard": "ポンペイ時間"
              }
            },
            "Pyongyang": {
              "long": {
                "standard": "北朝鮮時間"
              }
            },
            "Qyzylorda": {
              "long": {
                "generic": "クズロルダ時間",
                "standard": "クズロルダ標準時",
                "daylight": "クズロルダ夏時間"
              }
            },
            "Reunion": {
              "long": {
                "standard": "レユニオン時間"
              }
            },
            "Rothera": {
              "long": {
                "standard": "ロゼラ基地時間"
              }
            },
            "Sakhalin": {
              "long": {
                "generic": "サハリン時間",
                "standard": "サハリン標準時",
                "daylight": "サハリン夏時間"
              }
            },
            "Samara": {
              "long": {
                "generic": "サマラ時間",
                "standard": "サマラ標準時",
                "daylight": "サマラ夏時間"
              }
            },
            "Samoa": {
              "long": {
                "generic": "米領サモア時間",
                "standard": "米領サモア標準時",
                "daylight": "米領サモア夏時間"
              }
            },
            "Seychelles": {
              "long": {
                "standard": "セーシェル時間"
              }
            },
            "Singapore": {
              "long": {
                "standard": "シンガポール標準時"
              }
            },
            "Solomon": {
              "long": {
                "standard": "ソロモン諸島時間"
              }
            },
            "South_Georgia": {
              "long": {
                "standard": "サウスジョージア時間"
              }
            },
            "Suriname": {
              "long": {
                "standard": "スリナム時間"
              }
            },
            "Syowa": {
              "long": {
                "standard": "昭和基地時間"
              }
            },
            "Tahiti": {
              "long": {
                "standard": "タヒチ時間"
              }
            },
            "Taipei": {
              "long": {
                "generic": "台湾時間",
                "standard": "台湾標準時",
                "daylight": "台湾夏時間"
              }
            },
            "Tajikistan": {
              "long": {
                "standard": "タジキスタン時間"
              }
            },
            "Tokelau": {
              "long": {
                "standard": "トケラウ時間"
              }
            },
            "Tonga": {
              "long": {
                "generic": "トンガ時間",
                "standard": "トンガ標準時",
                "daylight": "トンガ夏時間"
              }
            },
            "Truk": {
              "long": {
                "standard": "チューク時間"
              }
            },
            "Turkey": {
              "long": {
                "generic": "トルコ時間",
                "standard": "トルコ標準時",
                "daylight": "トルコ夏時間"
              }
            },
            "Turkmenistan": {
              "long": {
                "generic": "トルクメニスタン時間",
                "standard": "トルクメニスタン標準時",
                "daylight": "トルクメニスタン夏時間"
              }
            },
            "Tuvalu": {
              "long": {
                "standard": "ツバル時間"
              }
            },
            "Uruguay": {
              "long": {
                "generic": "ウルグアイ時間",
                "standard": "ウルグアイ標準時",
                "daylight": "ウルグアイ夏時間"
              }
            },
            "Uzbekistan": {
              "long": {
                "generic": "ウズベキスタン時間",
                "standard": "ウズベキスタン標準時",
                "daylight": "ウズベキスタン夏時間"
              }
            },
            "Vanuatu": {
              "long": {
                "generic": "バヌアツ時間",
                "standard": "バヌアツ標準時",
                "daylight": "バヌアツ夏時間"
              }
            },
            "Venezuela": {
              "long": {
                "standard": "ベネズエラ時間"
              }
            },
            "Vladivostok": {
              "long": {
                "generic": "ウラジオストク時間",
                "standard": "ウラジオストク標準時",
                "daylight": "ウラジオストク夏時間"
              }
            },
            "Volgograd": {
              "long": {
                "generic": "ボルゴグラード時間",
                "standard": "ボルゴグラード標準時",
                "daylight": "ボルゴグラード夏時間"
              }
            },
            "Vostok": {
              "long": {
                "standard": "ボストーク基地時間"
              }
            },
            "Wake": {
              "long": {
                "standard": "ウェーク島時間"
              }
            },
            "Wallis": {
              "long": {
                "standard": "ウォリス・フツナ時間"
              }
            },
            "Yakutsk": {
              "long": {
                "generic": "ヤクーツク時間",
                "standard": "ヤクーツク標準時",
                "daylight": "ヤクーツク夏時間"
              }
            },
            "Yekaterinburg": {
              "long": {
                "generic": "エカテリンブルグ時間",
                "standard": "エカテリンブルグ標準時",
                "daylight": "エカテリンブルグ夏時間"
              }
            },
            "Yukon": {
              "long": {
                "standard": "ユーコン時間"
              }
            }
          }
        }
      }
    }
  }
}
