{
  "main": {
    "th": {
      "identity": {
        "language": "th"
      },
      "dates": {
        "timeZoneNames": {
          "hourFormat": "+HH:mm;-HH:mm",
          "gmtFormat": "GMT{0}",
          "gmtZeroFormat": "GMT",
          "gmtUnknownFormat": "GMT+?",
          "regionFormat": "เวลา{0}",
          "regionFormat-type-daylight": "เวลาออมแสง{0}",
          "regionFormat-type-standard": "เวลามาตรฐาน{0}",
          "fallbackFormat": "{1} ({0})",
          "zone": {
            "Pacific": {
              "Honolulu": {
                "_type": "zone",
                "exemplarCity": "โฮโนลูลู"
              },
              "Pago_Pago": {
                "_type": "zone",
                "exemplarCity": "ปาโก ปาโก"
              },
              "Rarotonga": {
                "_type": "zone",
                "exemplarCity": "ราโรตองกา"
              },
              "Easter": {
                "_type": "zone",
                "exemplarCity": "อีสเตอร์"
              },
              "Galapagos": {
                "_type": "zone",
                "exemplarCity": "กาลาปาโกส"
              },
              "Fiji": {
                "_type": "zone",
                "exemplarCity": "ฟิจิ"
              },
              "Truk": {
                "_type": "zone",
                "exemplarCity": "ทรัก"
              },
              "Ponape": {
                "_type": "zone",
                "exemplarCity": "โปนาเป"
              },
              "Kosrae": {
                "_type": "zone",
                "exemplarCity": "คอสไร"
              },
              "Guam": {
                "_type": "zone",
                "exemplarCity": "กวม"
              },
              "Enderbury": {
                "_type": "zone",
                "exemplarCity": "แคนทอน"
              },
              "Kiritimati": {
                "_type": "zone",
                "exemplarCity": "คิริทิมาตี"
              },
              "Tarawa": {
                "_type": "zone",
                "exemplarCity": "ตาระวา"
              },
              "Kwajalein": {
                "_type": "zone",
                "exemplarCity": "ควาจาเลน"
              },
              "Majuro": {
                "_type": "zone",
                "exemplarCity": "มาจูโร"
              },
              "Saipan": {
                "_type": "zone",
                "exemplarCity": "ไซปัน"
              },
              "Noumea": {
                "_type": "zone",
                "exemplarCity": "นูเมอา"
              },
              "Norfolk": {
                "_type": "zone",
                "exemplarCity": "นอร์ฟอล์ก"
              },
              "Nauru": {
                "_type": "zone",
                "exemplarCity": "นาอูรู"
              },
              "Niue": {
                "_type": "zone",
                "exemplarCity": "นีอูเอ"
              },
              "Chatham": {
                "_type": "zone",
                "exemplarCity": "แชทัม"
              },
              "Auckland": {
                "_type": "zone",
                "exemplarCity": "โอคแลนด์"
              },
              "Tahiti": {
                "_type": "zone",
                "exemplarCity": "ตาฮีตี"
              },
              "Marquesas": {
                "_type": "zone",
                "exemplarCity": "มาร์เคซัส"
              },
              "Gambier": {
                "_type": "zone",
                "exemplarCity": "แกมเบียร์"
              },
              "Port_Moresby": {
                "_type": "zone",
                "exemplarCity": "พอร์ตมอร์สบี"
              },
              "Bougainville": {
                "_type": "zone",
                "exemplarCity": "บูเกนวิลล์"
              },
              "Pitcairn": {
                "_type": "zone",
                "exemplarCity": "พิตแคร์น"
              },
              "Palau": {
                "_type": "zone",
                "exemplarCity": "ปาเลา"
              },
              "Guadalcanal": {
                "_type": "zone",
                "exemplarCity": "กัวดัลคานัล"
              },
              "Fakaofo": {
                "_type": "zone",
                "exemplarCity": "ฟาเคาโฟ"
              },
              "Tongatapu": {
                "_type": "zone",
                "exemplarCity": "ตองกาตาปู"
              },
              "Funafuti": {
                "_type": "zone",
                "exemplarCity": "ฟูนะฟูตี"
              },
              "Midway": {
                "_type": "zone",
                "exemplarCity": "มิดเวย์"
              },
              "Wake": {
                "_type": "zone",
                "exemplarCity": "เวก"
              },
              "Efate": {
                "_type": "zone",
                "exemplarCity": "เอฟาเต"
              },
              "Wallis": {
                "_type": "zone",
                "exemplarCity": "วาลลิส"
              },
              "Apia": {
                "_type": "zone",
                "exemplarCity": "อาปีอา"
              }
            },
            "Etc": {
              "UTC": {
                "_type": "zone",
                "long": {
                  "standard": "เวลาสากลเชิงพิกัด"
                },
                "short": {
                  "standard": "UTC"
                }
              },
              "Unknown": {
                "_type": "zone",
                "exemplarCity": "ไม่ทราบชื่อเมือง"
              }
            },
            "Europe": {
              "Andorra": {
                "_type": "zone",
                "exemplarCity": "อันดอร์รา"
              },
              "Tirane": {
                "_type": "zone",
                "exemplarCity": "ติรานา"
              },
              "Vienna": {
                "_type": "zone",
                "exemplarCity": "เวียนนา"
              },
              "Mariehamn": {
                "_type": "zone",
                "exemplarCity": "มารีฮามน์"
              },
              "Sarajevo": {
                "_type": "zone",
                "exemplarCity": "ซาราเยโว"
              },
              "Brussels": {
                "_type": "zone",
                "exemplarCity": "บรัสเซลส์"
              },
              "Sofia": {
                "_type": "zone",
                "exemplarCity": "โซเฟีย"
              },
              "Minsk": {
                "_type": "zone",
                "exemplarCity": "มินสก์"
              },
              "Zurich": {
                "_type": "zone",
                "exemplarCity": "ซูริค"
              },
              "Prague": {
                "_type": "zone",
                "exemplarCity": "ปราก"
              },
              "Busingen": {
                "_type": "zone",
                "exemplarCity": "บุสซิงเง็น"
              },
              "Berlin": {
                "_type": "zone",
                "exemplarCity": "เบอร์ลิน"
              },
              "Copenhagen": {
                "_type": "zone",
                "exemplarCity": "โคเปนเฮเกน"
              },
              "Tallinn": {
                "_type": "zone",
                "exemplarCity": "ทาลลินน์"
              },
              "Madrid": {
                "_type": "zone",
                "exemplarCity": "มาดริด"
              },
              "Helsinki": {
                "_type": "zone",
                "exemplarCity": "เฮลซิงกิ"
              },
              "Paris": {
                "_type": "zone",
                "exemplarCity": "ปารีส"
              },
              "London": {
                "_type": "zone",
                "long": {
                  "daylight": "เวลาฤดูร้อนอังกฤษ"
                },
                "exemplarCity": "ลอนดอน"
              },
              "Guernsey": {
                "_type": "zone",
                "exemplarCity": "เกิร์นซีย์"
              },
              "Gibraltar": {
                "_type": "zone",
                "exemplarCity": "ยิบรอลตาร์"
              },
              "Athens": {
                "_type": "zone",
                "exemplarCity": "เอเธนส์"
              },
              "Zagreb": {
                "_type": "zone",
                "exemplarCity": "ซาเกร็บ"
              },
              "Budapest": {
                "_type": "zone",
                "exemplarCity": "บูดาเปส"
              },
              "Dublin": {
                "_type": "zone",
                "long": {
                  "daylight": "เวลามาตรฐานไอร์แลนด์"
                },
                "exemplarCity": "ดับบลิน"
              },
              "Isle_of_Man": {
                "_type": "zone",
                "exemplarCity": "เกาะแมน"
              },
              "Rome": {
                "_type": "zone",
                "exemplarCity": "โรม"
              },
              "Jersey": {
                "_type": "zone",
                "exemplarCity": "เจอร์ซีย์"
              },
              "Vaduz": {
                "_type": "zone",
                "exemplarCity": "วาดุซ"
              },
              "Vilnius": {
                "_type": "zone",
                "exemplarCity": "วิลนีอุส"
              },
              "Luxembourg": {
                "_type": "zone",
                "exemplarCity": "ลักเซมเบิร์ก"
              },
              "Riga": {
                "_type": "zone",
                "exemplarCity": "ริกา"
              },
              "Monaco": {
                "_type": "zone",
                "exemplarCity": "โมนาโก"
              },
              "Chisinau": {
                "_type": "zone",
                "exemplarCity": "คีชีเนา"
              },
              "Podgorica": {
                "_type": "zone",
                "exemplarCity": "พอดกอรีตซา"
              },
              "Skopje": {
                "_type": "zone",
                "exemplarCity": "สโกเปีย"
              },
              "Malta": {
                "_type": "zone",
                "exemplarCity": "มอลตา"
              },
              "Amsterdam": {
                "_type": "zone",
                "exemplarCity": "อัมสเตอดัม"
              },
              "Oslo": {
                "_type": "zone",
                "exemplarCity": "ออสโล"
              },
              "Warsaw": {
                "_type": "zone",
                "exemplarCity": "วอร์ซอ"
              },
              "Lisbon": {
                "_type": "zone",
                "exemplarCity": "ลิสบอน"
              },
              "Bucharest": {
                "_type": "zone",
                "exemplarCity": "บูคาเรส"
              },
              "Belgrade": {
                "_type": "zone",
                "exemplarCity": "เบลเกรด"
              },
              "Kaliningrad": {
                "_type": "zone",
                "exemplarCity": "คาลินิงกราด"
              },
              "Moscow": {
                "_type": "zone",
                "exemplarCity": "มอสโก"
              },
              "Volgograd": {
                "_type": "zone",
                "exemplarCity": "วอลโกกราด"
              },
              "Saratov": {
                "_type": "zone",
                "exemplarCity": "ซาราทอฟ"
              },
              "Astrakhan": {
                "_type": "zone",
                "exemplarCity": "แอสตราคาน"
              },
              "Ulyanovsk": {
                "_type": "zone",
                "exemplarCity": "อะลิยานอฟ"
              },
              "Kirov": {
                "_type": "zone",
                "exemplarCity": "คิรอฟ"
              },
              "Samara": {
                "_type": "zone",
                "exemplarCity": "ซามารา"
              },
              "Stockholm": {
                "_type": "zone",
                "exemplarCity": "สตอกโฮล์ม"
              },
              "Ljubljana": {
                "_type": "zone",
                "exemplarCity": "ลูบลิยานา"
              },
              "Bratislava": {
                "_type": "zone",
                "exemplarCity": "บราติสลาวา"
              },
              "San_Marino": {
                "_type": "zone",
                "exemplarCity": "ซานมารีโน"
              },
              "Istanbul": {
                "_type": "zone",
                "exemplarCity": "อิสตันบูล"
              },
              "Kiev": {
                "_type": "zone",
                "exemplarCity": "เคียฟ"
              },
              "Simferopol": {
                "_type": "zone",
                "exemplarCity": "ซิมเฟอโรโปล"
              },
              "Vatican": {
                "_type": "zone",
                "exemplarCity": "วาติกัน"
              }
            },
            "Asia": {
              "Dubai": {
                "_type": "zone",
                "exemplarCity": "ดูไบ"
              },
              "Kabul": {
                "_type": "zone",
                "exemplarCity": "คาบูล"
              },
              "Yerevan": {
                "_type": "zone",
                "exemplarCity": "เยเรวาน"
              },
              "Baku": {
                "_type": "zone",
                "exemplarCity": "บากู"
              },
              "Dhaka": {
                "_type": "zone",
                "exemplarCity": "ดากา"
              },
              "Bahrain": {
                "_type": "zone",
                "exemplarCity": "บาห์เรน"
              },
              "Brunei": {
                "_type": "zone",
                "exemplarCity": "บรูไน"
              },
              "Thimphu": {
                "_type": "zone",
                "exemplarCity": "ทิมพู"
              },
              "Urumqi": {
                "_type": "zone",
                "exemplarCity": "อุรุมชี"
              },
              "Shanghai": {
                "_type": "zone",
                "exemplarCity": "เซี่ยงไฮ้"
              },
              "Nicosia": {
                "_type": "zone",
                "exemplarCity": "นิโคเซีย"
              },
              "Famagusta": {
                "_type": "zone",
                "exemplarCity": "แฟมากุสตา"
              },
              "Tbilisi": {
                "_type": "zone",
                "exemplarCity": "ทบิลิซิ"
              },
              "Hong_Kong": {
                "_type": "zone",
                "exemplarCity": "ฮ่องกง"
              },
              "Jakarta": {
                "_type": "zone",
                "exemplarCity": "จาการ์ตา"
              },
              "Pontianak": {
                "_type": "zone",
                "exemplarCity": "พอนเทียนัก"
              },
              "Makassar": {
                "_type": "zone",
                "exemplarCity": "มากัสซาร์"
              },
              "Jayapura": {
                "_type": "zone",
                "exemplarCity": "จายาปุระ"
              },
              "Jerusalem": {
                "_type": "zone",
                "exemplarCity": "เยรูซาเลม"
              },
              "Calcutta": {
                "_type": "zone",
                "exemplarCity": "โกลกาตา"
              },
              "Baghdad": {
                "_type": "zone",
                "exemplarCity": "แบกแดด"
              },
              "Tehran": {
                "_type": "zone",
                "exemplarCity": "เตหะราน"
              },
              "Amman": {
                "_type": "zone",
                "exemplarCity": "อัมมาน"
              },
              "Tokyo": {
                "_type": "zone",
                "exemplarCity": "โตเกียว"
              },
              "Bishkek": {
                "_type": "zone",
                "exemplarCity": "บิชเคก"
              },
              "Phnom_Penh": {
                "_type": "zone",
                "exemplarCity": "พนมเปญ"
              },
              "Pyongyang": {
                "_type": "zone",
                "exemplarCity": "เปียงยาง"
              },
              "Seoul": {
                "_type": "zone",
                "exemplarCity": "โซล"
              },
              "Kuwait": {
                "_type": "zone",
                "exemplarCity": "คูเวต"
              },
              "Aqtau": {
                "_type": "zone",
                "exemplarCity": "อัคตาอู"
              },
              "Oral": {
                "_type": "zone",
                "exemplarCity": "ออรัล"
              },
              "Atyrau": {
                "_type": "zone",
                "exemplarCity": "อทีราว"
              },
              "Aqtobe": {
                "_type": "zone",
                "exemplarCity": "อัคโทบี"
              },
              "Qostanay": {
                "_type": "zone",
                "exemplarCity": "คอสตาเนย์"
              },
              "Qyzylorda": {
                "_type": "zone",
                "exemplarCity": "ไคซีลอร์ดา"
              },
              "Almaty": {
                "_type": "zone",
                "exemplarCity": "อัลมาตี"
              },
              "Vientiane": {
                "_type": "zone",
                "exemplarCity": "เวียงจันทน์"
              },
              "Beirut": {
                "_type": "zone",
                "exemplarCity": "เบรุต"
              },
              "Colombo": {
                "_type": "zone",
                "exemplarCity": "โคลัมโบ"
              },
              "Rangoon": {
                "_type": "zone",
                "exemplarCity": "ย่างกุ้ง"
              },
              "Hovd": {
                "_type": "zone",
                "exemplarCity": "ฮอฟด์"
              },
              "Ulaanbaatar": {
                "_type": "zone",
                "exemplarCity": "อูลานบาตอร์"
              },
              "Macau": {
                "_type": "zone",
                "exemplarCity": "มาเก๊า"
              },
              "Kuala_Lumpur": {
                "_type": "zone",
                "exemplarCity": "กัวลาลัมเปอร์"
              },
              "Kuching": {
                "_type": "zone",
                "exemplarCity": "กูชิง"
              },
              "Katmandu": {
                "_type": "zone",
                "exemplarCity": "กาตมันดุ"
              },
              "Muscat": {
                "_type": "zone",
                "exemplarCity": "มัสกัต"
              },
              "Manila": {
                "_type": "zone",
                "exemplarCity": "มะนิลา"
              },
              "Karachi": {
                "_type": "zone",
                "exemplarCity": "การาจี"
              },
              "Gaza": {
                "_type": "zone",
                "exemplarCity": "กาซา"
              },
              "Hebron": {
                "_type": "zone",
                "exemplarCity": "เฮบรอน"
              },
              "Qatar": {
                "_type": "zone",
                "exemplarCity": "กาตาร์"
              },
              "Yekaterinburg": {
                "_type": "zone",
                "exemplarCity": "ยีคาเตอรินเบิร์ก"
              },
              "Omsk": {
                "_type": "zone",
                "exemplarCity": "โอมสก์"
              },
              "Novosibirsk": {
                "_type": "zone",
                "exemplarCity": "โนโวซิบิร์สก์"
              },
              "Barnaul": {
                "_type": "zone",
                "exemplarCity": "บาร์เนาว์"
              },
              "Tomsk": {
                "_type": "zone",
                "exemplarCity": "ตอมสค์"
              },
              "Novokuznetsk": {
                "_type": "zone",
                "exemplarCity": "โนโวคุซเนตสค์"
              },
              "Krasnoyarsk": {
                "_type": "zone",
                "exemplarCity": "ครัสโนยาร์สก์"
              },
              "Irkutsk": {
                "_type": "zone",
                "exemplarCity": "อีร์คุตสค์"
              },
              "Chita": {
                "_type": "zone",
                "exemplarCity": "ชิตา"
              },
              "Yakutsk": {
                "_type": "zone",
                "exemplarCity": "ยาคุตสค์"
              },
              "Vladivostok": {
                "_type": "zone",
                "exemplarCity": "วลาดิโวสต็อก"
              },
              "Khandyga": {
                "_type": "zone",
                "exemplarCity": "ฮันดืยกา"
              },
              "Sakhalin": {
                "_type": "zone",
                "exemplarCity": "ซาคาลิน"
              },
              "Ust-Nera": {
                "_type": "zone",
                "exemplarCity": "อุสต์เนรา"
              },
              "Magadan": {
                "_type": "zone",
                "exemplarCity": "มากาดาน"
              },
              "Srednekolymsk": {
                "_type": "zone",
                "exemplarCity": "ซเรดเนคโคลิมสก์"
              },
              "Kamchatka": {
                "_type": "zone",
                "exemplarCity": "คามชัตกา"
              },
              "Anadyr": {
                "_type": "zone",
                "exemplarCity": "อานาดีร์"
              },
              "Riyadh": {
                "_type": "zone",
                "exemplarCity": "ริยาร์ด"
              },
              "Singapore": {
                "_type": "zone",
                "exemplarCity": "สิงคโปร์"
              },
              "Damascus": {
                "_type": "zone",
                "exemplarCity": "ดามัสกัส"
              },
              "Bangkok": {
                "_type": "zone",
                "exemplarCity": "กรุงเทพ"
              },
              "Dushanbe": {
                "_type": "zone",
                "exemplarCity": "ดูชานเบ"
              },
              "Dili": {
                "_type": "zone",
                "exemplarCity": "ดิลี"
              },
              "Ashgabat": {
                "_type": "zone",
                "exemplarCity": "อาชกาบัต"
              },
              "Taipei": {
                "_type": "zone",
                "exemplarCity": "ไทเป"
              },
              "Samarkand": {
                "_type": "zone",
                "exemplarCity": "ซามาร์กานด์"
              },
              "Tashkent": {
                "_type": "zone",
                "exemplarCity": "ทาชเคนต์"
              },
              "Saigon": {
                "_type": "zone",
                "exemplarCity": "นครโฮจิมินห์"
              },
              "Aden": {
                "_type": "zone",
                "exemplarCity": "เอเดน"
              }
            },
            "America": {
              "Antigua": {
                "_type": "zone",
                "exemplarCity": "แอนติกา"
              },
              "Anguilla": {
                "_type": "zone",
                "exemplarCity": "แองกิลลา"
              },
              "Argentina": {
                "Rio_Gallegos": {
                  "_type": "zone",
                  "exemplarCity": "ริโอกาลเลกอส"
                },
                "San_Juan": {
                  "_type": "zone",
                  "exemplarCity": "ซานฮวน"
                },
                "Ushuaia": {
                  "_type": "zone",
                  "exemplarCity": "อูชูเอีย"
                },
                "La_Rioja": {
                  "_type": "zone",
                  "exemplarCity": "ลาริโอจา"
                },
                "San_Luis": {
                  "_type": "zone",
                  "exemplarCity": "ซันลูอิส"
                },
                "Salta": {
                  "_type": "zone",
                  "exemplarCity": "ซัลตา"
                },
                "Tucuman": {
                  "_type": "zone",
                  "exemplarCity": "ทูคูแมน"
                }
              },
              "Mendoza": {
                "_type": "zone",
                "exemplarCity": "เมนดูซา"
              },
              "Catamarca": {
                "_type": "zone",
                "exemplarCity": "กาตามาร์กา"
              },
              "Jujuy": {
                "_type": "zone",
                "exemplarCity": "จูจิว"
              },
              "Cordoba": {
                "_type": "zone",
                "exemplarCity": "คอร์โดบา"
              },
              "Buenos_Aires": {
                "_type": "zone",
                "exemplarCity": "บัวโนสไอเรส"
              },
              "Aruba": {
                "_type": "zone",
                "exemplarCity": "อารูบา"
              },
              "Barbados": {
                "_type": "zone",
                "exemplarCity": "บาร์เบโดส"
              },
              "St_Barthelemy": {
                "_type": "zone",
                "exemplarCity": "เซนต์บาร์เธเลมี"
              },
              "La_Paz": {
                "_type": "zone",
                "exemplarCity": "ลาปาซ"
              },
              "Kralendijk": {
                "_type": "zone",
                "exemplarCity": "คราเลนดิจค์"
              },
              "Eirunepe": {
                "_type": "zone",
                "exemplarCity": "เอรูเนเป"
              },
              "Rio_Branco": {
                "_type": "zone",
                "exemplarCity": "รีโอบรังโก"
              },
              "Porto_Velho": {
                "_type": "zone",
                "exemplarCity": "ปอร์ตูเวลโย"
              },
              "Boa_Vista": {
                "_type": "zone",
                "exemplarCity": "บัววีชตา"
              },
              "Manaus": {
                "_type": "zone",
                "exemplarCity": "มาเนาส์"
              },
              "Cuiaba": {
                "_type": "zone",
                "exemplarCity": "กุยาบา"
              },
              "Santarem": {
                "_type": "zone",
                "exemplarCity": "ซันตาเรม"
              },
              "Campo_Grande": {
                "_type": "zone",
                "exemplarCity": "กัมปูกรันดี"
              },
              "Belem": {
                "_type": "zone",
                "exemplarCity": "เบเลง"
              },
              "Araguaina": {
                "_type": "zone",
                "exemplarCity": "อารากัวนา"
              },
              "Sao_Paulo": {
                "_type": "zone",
                "exemplarCity": "เซาเปาลู"
              },
              "Bahia": {
                "_type": "zone",
                "exemplarCity": "บาเยีย"
              },
              "Fortaleza": {
                "_type": "zone",
                "exemplarCity": "ฟอร์ตาเลซา"
              },
              "Maceio": {
                "_type": "zone",
                "exemplarCity": "มาเซโอ"
              },
              "Recife": {
                "_type": "zone",
                "exemplarCity": "เรซีเฟ"
              },
              "Noronha": {
                "_type": "zone",
                "exemplarCity": "โนรอนฮา"
              },
              "Nassau": {
                "_type": "zone",
                "exemplarCity": "แนสซอ"
              },
              "Belize": {
                "_type": "zone",
                "exemplarCity": "เบลีซ"
              },
              "Dawson": {
                "_type": "zone",
                "exemplarCity": "ดอว์สัน"
              },
              "Whitehorse": {
                "_type": "zone",
                "exemplarCity": "ไวต์ฮอร์ส"
              },
              "Inuvik": {
                "_type": "zone",
                "exemplarCity": "อินูวิก"
              },
              "Vancouver": {
                "_type": "zone",
                "exemplarCity": "แวนคูเวอร์"
              },
              "Fort_Nelson": {
                "_type": "zone",
                "exemplarCity": "ฟอร์ตเนลสัน"
              },
              "Dawson_Creek": {
                "_type": "zone",
                "exemplarCity": "ดอว์สัน ครีก"
              },
              "Creston": {
                "_type": "zone",
                "exemplarCity": "เครสตัน"
              },
              "Edmonton": {
                "_type": "zone",
                "exemplarCity": "เอดมันตัน"
              },
              "Swift_Current": {
                "_type": "zone",
                "exemplarCity": "สวิฟต์เคอร์เรนต์"
              },
              "Cambridge_Bay": {
                "_type": "zone",
                "exemplarCity": "อ่าวแคมบริดจ์"
              },
              "Regina": {
                "_type": "zone",
                "exemplarCity": "ริไจนา"
              },
              "Winnipeg": {
                "_type": "zone",
                "exemplarCity": "วินนิเพก"
              },
              "Resolute": {
                "_type": "zone",
                "exemplarCity": "เรโซลูท"
              },
              "Rankin_Inlet": {
                "_type": "zone",
                "exemplarCity": "แรงกินอินเล็ต"
              },
              "Coral_Harbour": {
                "_type": "zone",
                "exemplarCity": "คอรัลฮาร์เบอร์"
              },
              "Toronto": {
                "_type": "zone",
                "exemplarCity": "โทรอนโต"
              },
              "Iqaluit": {
                "_type": "zone",
                "exemplarCity": "อีกวาลิต"
              },
              "Moncton": {
                "_type": "zone",
                "exemplarCity": "มองตัน"
              },
              "Halifax": {
                "_type": "zone",
                "exemplarCity": "แฮลิแฟกซ์"
              },
              "Goose_Bay": {
                "_type": "zone",
                "exemplarCity": "กูสเบย์"
              },
              "Glace_Bay": {
                "_type": "zone",
                "exemplarCity": "เกลซเบย์"
              },
              "Blanc-Sablon": {
                "_type": "zone",
                "exemplarCity": "บลังค์-ซาบลอน"
              },
              "St_Johns": {
                "_type": "zone",
                "exemplarCity": "เซนต์จอนส์"
              },
              "Coyhaique": {
                "_type": "zone",
                "exemplarCity": "โกไยเก"
              },
              "Punta_Arenas": {
                "_type": "zone",
                "exemplarCity": "ปุนตาอาเรนัส"
              },
              "Santiago": {
                "_type": "zone",
                "exemplarCity": "ซันติอาโก"
              },
              "Bogota": {
                "_type": "zone",
                "exemplarCity": "โบโกตา"
              },
              "Costa_Rica": {
                "_type": "zone",
                "exemplarCity": "คอสตาริกา"
              },
              "Havana": {
                "_type": "zone",
                "exemplarCity": "ฮาวานา"
              },
              "Curacao": {
                "_type": "zone",
                "exemplarCity": "คูราเซา"
              },
              "Dominica": {
                "_type": "zone",
                "exemplarCity": "โดมินิกา"
              },
              "Santo_Domingo": {
                "_type": "zone",
                "exemplarCity": "ซานโต โดมิงโก"
              },
              "Guayaquil": {
                "_type": "zone",
                "exemplarCity": "กัวยากิล"
              },
              "Grenada": {
                "_type": "zone",
                "exemplarCity": "เกรนาดา"
              },
              "Cayenne": {
                "_type": "zone",
                "exemplarCity": "กาแยน"
              },
              "Thule": {
                "_type": "zone",
                "exemplarCity": "ทูเล"
              },
              "Godthab": {
                "_type": "zone",
                "exemplarCity": "กอดแธบ"
              },
              "Scoresbysund": {
                "_type": "zone",
                "exemplarCity": "สกอเรสไบซันด์"
              },
              "Danmarkshavn": {
                "_type": "zone",
                "exemplarCity": "ดานมาร์กสฮาวน์"
              },
              "Guadeloupe": {
                "_type": "zone",
                "exemplarCity": "กวาเดอลูป"
              },
              "Guatemala": {
                "_type": "zone",
                "exemplarCity": "กัวเตมาลา"
              },
              "Guyana": {
                "_type": "zone",
                "exemplarCity": "กายอานา"
              },
              "Tegucigalpa": {
                "_type": "zone",
                "exemplarCity": "เตกูซิกัลปา"
              },
              "Port-au-Prince": {
                "_type": "zone",
                "exemplarCity": "ปอร์โตแปรงซ์"
              },
              "Jamaica": {
                "_type": "zone",
                "exemplarCity": "จาเมกา"
              },
              "St_Kitts": {
                "_type": "zone",
                "exemplarCity": "เซนต์คิตส์"
              },
              "Cayman": {
                "_type": "zone",
                "exemplarCity": "เคย์แมน"
              },
              "St_Lucia": {
                "_type": "zone",
                "exemplarCity": "เซนต์ลูเซีย"
              },
              "Marigot": {
                "_type": "zone",
                "exemplarCity": "มาริโกต์"
              },
              "Martinique": {
                "_type": "zone",
                "exemplarCity": "มาร์ตินีก"
              },
              "Montserrat": {
                "_type": "zone",
                "exemplarCity": "มอนเซอร์รัต"
              },
              "Tijuana": {
                "_type": "zone",
                "exemplarCity": "ทิฮัวนา"
              },
              "Hermosillo": {
                "_type": "zone",
                "exemplarCity": "เอร์โมซีโย"
              },
              "Ciudad_Juarez": {
                "_type": "zone",
                "exemplarCity": "ซิวดัดฮัวเรซ"
              },
              "Mazatlan": {
                "_type": "zone",
                "exemplarCity": "มาซาทลาน"
              },
              "Chihuahua": {
                "_type": "zone",
                "exemplarCity": "ชีวาวา"
              },
              "Bahia_Banderas": {
                "_type": "zone",
                "exemplarCity": "บาเอียบันเดรัส"
              },
              "Ojinaga": {
                "_type": "zone",
                "exemplarCity": "โอจินากา"
              },
              "Monterrey": {
                "_type": "zone",
                "exemplarCity": "มอนเตร์เรย์"
              },
              "Mexico_City": {
                "_type": "zone",
                "exemplarCity": "เม็กซิโกซิตี"
              },
              "Matamoros": {
                "_type": "zone",
                "exemplarCity": "มาตาโมรอส"
              },
              "Merida": {
                "_type": "zone",
                "exemplarCity": "เมรีดา"
              },
              "Cancun": {
                "_type": "zone",
                "exemplarCity": "แคนคุน"
              },
              "Managua": {
                "_type": "zone",
                "exemplarCity": "มานากัว"
              },
              "Panama": {
                "_type": "zone",
                "exemplarCity": "ปานามา"
              },
              "Lima": {
                "_type": "zone",
                "exemplarCity": "ลิมา"
              },
              "Miquelon": {
                "_type": "zone",
                "exemplarCity": "มีเกอลง"
              },
              "Puerto_Rico": {
                "_type": "zone",
                "exemplarCity": "เปอโตริโก"
              },
              "Asuncion": {
                "_type": "zone",
                "exemplarCity": "อะซุนซิออง"
              },
              "Paramaribo": {
                "_type": "zone",
                "exemplarCity": "ปารามาริโบ"
              },
              "El_Salvador": {
                "_type": "zone",
                "exemplarCity": "เอลซัลวาดอร์"
              },
              "Lower_Princes": {
                "_type": "zone",
                "exemplarCity": "โลเวอร์พรินซ์ ควอเตอร์"
              },
              "Grand_Turk": {
                "_type": "zone",
                "exemplarCity": "แกรนด์เติร์ก"
              },
              "Port_of_Spain": {
                "_type": "zone",
                "exemplarCity": "พอร์ทออฟสเปน"
              },
              "Adak": {
                "_type": "zone",
                "exemplarCity": "เอดัก"
              },
              "Nome": {
                "_type": "zone",
                "exemplarCity": "นอม"
              },
              "Anchorage": {
                "_type": "zone",
                "exemplarCity": "แองเคอเรจ"
              },
              "Yakutat": {
                "_type": "zone",
                "exemplarCity": "ยากูทัต"
              },
              "Sitka": {
                "_type": "zone",
                "exemplarCity": "ซิตกา"
              },
              "Juneau": {
                "_type": "zone",
                "exemplarCity": "จูโน"
              },
              "Metlakatla": {
                "_type": "zone",
                "exemplarCity": "เมทลากาตละ"
              },
              "Los_Angeles": {
                "_type": "zone",
                "exemplarCity": "ลอสแองเจลิส"
              },
              "Boise": {
                "_type": "zone",
                "exemplarCity": "บอยซี"
              },
              "Phoenix": {
                "_type": "zone",
                "exemplarCity": "ฟินิกซ์"
              },
              "Denver": {
                "_type": "zone",
                "exemplarCity": "เดนเวอร์"
              },
              "North_Dakota": {
                "Beulah": {
                  "_type": "zone",
                  "exemplarCity": "โบลาห์, นอร์ทดาโคตา"
                },
                "New_Salem": {
                  "_type": "zone",
                  "exemplarCity": "นิวเซเลม, นอร์ทดาโคตา"
                },
                "Center": {
                  "_type": "zone",
                  "exemplarCity": "เซนเตอร์, นอร์ทดาโคตา"
                }
              },
              "Chicago": {
                "_type": "zone",
                "exemplarCity": "ชิคาโก"
              },
              "Menominee": {
                "_type": "zone",
                "exemplarCity": "เมโนมินี"
              },
              "Indiana": {
                "Vincennes": {
                  "_type": "zone",
                  "exemplarCity": "วินเซนเนส, อินดีแอนา"
                },
                "Petersburg": {
                  "_type": "zone",
                  "exemplarCity": "ปีเตอร์สเบิร์ก, อินดีแอนา"
                },
                "Tell_City": {
                  "_type": "zone",
                  "exemplarCity": "เทลล์ซิตี, อินดีแอนา"
                },
                "Knox": {
                  "_type": "zone",
                  "exemplarCity": "นอกซ์, อินดีแอนา"
                },
                "Winamac": {
                  "_type": "zone",
                  "exemplarCity": "วินาแมค, อินดีแอนา"
                },
                "Marengo": {
                  "_type": "zone",
                  "exemplarCity": "มาเรงโก, อินดีแอนา"
                },
                "Vevay": {
                  "_type": "zone",
                  "exemplarCity": "วีเวย์, อินดีแอนา"
                }
              },
              "Indianapolis": {
                "_type": "zone",
                "exemplarCity": "อินเดียแนโพลิส"
              },
              "Louisville": {
                "_type": "zone",
                "exemplarCity": "ลูส์วิลล์"
              },
              "Kentucky": {
                "Monticello": {
                  "_type": "zone",
                  "exemplarCity": "มอนติเซลโล, เคนตักกี"
                }
              },
              "Detroit": {
                "_type": "zone",
                "exemplarCity": "ดีทรอยต์"
              },
              "New_York": {
                "_type": "zone",
                "exemplarCity": "นิวยอร์ก"
              },
              "Montevideo": {
                "_type": "zone",
                "exemplarCity": "มอนเตวิเดโอ"
              },
              "St_Vincent": {
                "_type": "zone",
                "exemplarCity": "เซนต์วินเซนต์"
              },
              "Caracas": {
                "_type": "zone",
                "exemplarCity": "คาราคัส"
              },
              "Tortola": {
                "_type": "zone",
                "exemplarCity": "ตอร์โตลา"
              },
              "St_Thomas": {
                "_type": "zone",
                "exemplarCity": "เซนต์โธมัส"
              }
            },
            "Africa": {
              "Luanda": {
                "_type": "zone",
                "exemplarCity": "ลูอันดา"
              },
              "Ouagadougou": {
                "_type": "zone",
                "exemplarCity": "วากาดูกู"
              },
              "Bujumbura": {
                "_type": "zone",
                "exemplarCity": "บูจุมบูรา"
              },
              "Porto-Novo": {
                "_type": "zone",
                "exemplarCity": "ปอร์โต-โนโว"
              },
              "Gaborone": {
                "_type": "zone",
                "exemplarCity": "กาโบโรเน"
              },
              "Kinshasa": {
                "_type": "zone",
                "exemplarCity": "กินชาซา"
              },
              "Lubumbashi": {
                "_type": "zone",
                "exemplarCity": "ลูบัมบาชิ"
              },
              "Bangui": {
                "_type": "zone",
                "exemplarCity": "บังกี"
              },
              "Brazzaville": {
                "_type": "zone",
                "exemplarCity": "บราซซาวิล"
              },
              "Abidjan": {
                "_type": "zone",
                "exemplarCity": "อาบีจาน"
              },
              "Douala": {
                "_type": "zone",
                "exemplarCity": "ดูอาลา"
              },
              "Djibouti": {
                "_type": "zone",
                "exemplarCity": "จิบูตี"
              },
              "Algiers": {
                "_type": "zone",
                "exemplarCity": "แอลเจียร์"
              },
              "Cairo": {
                "_type": "zone",
                "exemplarCity": "ไคโร"
              },
              "El_Aaiun": {
                "_type": "zone",
                "exemplarCity": "เอลไอย์อุง"
              },
              "Asmera": {
                "_type": "zone",
                "exemplarCity": "แอสมารา"
              },
              "Ceuta": {
                "_type": "zone",
                "exemplarCity": "เซวตา"
              },
              "Addis_Ababa": {
                "_type": "zone",
                "exemplarCity": "แอดดิสอาบาบา"
              },
              "Libreville": {
                "_type": "zone",
                "exemplarCity": "ลีเบรอวิล"
              },
              "Accra": {
                "_type": "zone",
                "exemplarCity": "อักกรา"
              },
              "Banjul": {
                "_type": "zone",
                "exemplarCity": "บันจูล"
              },
              "Conakry": {
                "_type": "zone",
                "exemplarCity": "โกนากรี"
              },
              "Malabo": {
                "_type": "zone",
                "exemplarCity": "มาลาโบ"
              },
              "Bissau": {
                "_type": "zone",
                "exemplarCity": "บิสเซา"
              },
              "Nairobi": {
                "_type": "zone",
                "exemplarCity": "ไนโรเบีย"
              },
              "Monrovia": {
                "_type": "zone",
                "exemplarCity": "มันโรเวีย"
              },
              "Maseru": {
                "_type": "zone",
                "exemplarCity": "มาเซรู"
              },
              "Tripoli": {
                "_type": "zone",
                "exemplarCity": "ตรีโปลี"
              },
              "Casablanca": {
                "_type": "zone",
                "exemplarCity": "คาสซาบลางก้า"
              },
              "Bamako": {
                "_type": "zone",
                "exemplarCity": "บามาโก"
              },
              "Nouakchott": {
                "_type": "zone",
                "exemplarCity": "นูแอกชอต"
              },
              "Blantyre": {
                "_type": "zone",
                "exemplarCity": "แบลนไทร์"
              },
              "Maputo": {
                "_type": "zone",
                "exemplarCity": "มาปูโต"
              },
              "Windhoek": {
                "_type": "zone",
                "exemplarCity": "วินด์ฮุก"
              },
              "Niamey": {
                "_type": "zone",
                "exemplarCity": "นีอาเมย์"
              },
              "Lagos": {
                "_type": "zone",
                "exemplarCity": "ลากอส"
              },
              "Kigali": {
                "_type": "zone",
                "exemplarCity": "คิกาลี"
              },
              "Khartoum": {
                "_type": "zone",
                "exemplarCity": "คาร์ทูม"
              },
              "Freetown": {
                "_type": "zone",
                "exemplarCity": "ฟรีทาวน์"
              },
              "Dakar": {
                "_type": "zone",
                "exemplarCity": "ดาการ์"
              },
              "Mogadishu": {
                "_type": "zone",
                "exemplarCity": "โมกาดิชู"
              },
              "Juba": {
                "_type": "zone",
                "exemplarCity": "จูบา"
              },
              "Sao_Tome": {
                "_type": "zone",
                "exemplarCity": "เซาตูเม"
              },
              "Mbabane": {
                "_type": "zone",
                "exemplarCity": "อัมบาบาเน"
              },
              "Ndjamena": {
                "_type": "zone",
                "exemplarCity": "เอ็นจาเมนา"
              },
              "Lome": {
                "_type": "zone",
                "exemplarCity": "โลเม"
              },
              "Tunis": {
                "_type": "zone",
                "exemplarCity": "ตูนิส"
              },
              "Dar_es_Salaam": {
                "_type": "zone",
                "exemplarCity": "ดาร์เอสซาลาม"
              },
              "Kampala": {
                "_type": "zone",
                "exemplarCity": "คัมพาลา"
              },
              "Johannesburg": {
                "_type": "zone",
                "exemplarCity": "โจฮันเนสเบอร์ก"
              },
              "Lusaka": {
                "_type": "zone",
                "exemplarCity": "ลูซากา"
              },
              "Harare": {
                "_type": "zone",
                "exemplarCity": "ฮาราเร"
              }
            },
            "Antarctica": {
              "Rothera": {
                "_type": "zone",
                "exemplarCity": "โรธีรา"
              },
              "Palmer": {
                "_type": "zone",
                "exemplarCity": "พาล์เมอร์"
              },
              "Troll": {
                "_type": "zone",
                "exemplarCity": "โทรล"
              },
              "Syowa": {
                "_type": "zone",
                "exemplarCity": "ไซโยวา"
              },
              "Mawson": {
                "_type": "zone",
                "exemplarCity": "มอว์สัน"
              },
              "Davis": {
                "_type": "zone",
                "exemplarCity": "เดวิส"
              },
              "Vostok": {
                "_type": "zone",
                "exemplarCity": "วอสตอค"
              },
              "Casey": {
                "_type": "zone",
                "exemplarCity": "เคซีย์"
              },
              "DumontDUrville": {
                "_type": "zone",
                "exemplarCity": "ดูมองต์ดูร์วิลล์"
              },
              "McMurdo": {
                "_type": "zone",
                "exemplarCity": "แมคมัวโด"
              },
              "Macquarie": {
                "_type": "zone",
                "exemplarCity": "แมคควอรี"
              }
            },
            "Australia": {
              "Perth": {
                "_type": "zone",
                "exemplarCity": "เพิร์ท"
              },
              "Eucla": {
                "_type": "zone",
                "exemplarCity": "ยูคลา"
              },
              "Darwin": {
                "_type": "zone",
                "exemplarCity": "ดาร์วิน"
              },
              "Adelaide": {
                "_type": "zone",
                "exemplarCity": "แอดิเลด"
              },
              "Broken_Hill": {
                "_type": "zone",
                "exemplarCity": "โบรกเคนฮิลล์"
              },
              "Melbourne": {
                "_type": "zone",
                "exemplarCity": "เมลเบิร์น"
              },
              "Hobart": {
                "_type": "zone",
                "exemplarCity": "โฮบาร์ต"
              },
              "Lindeman": {
                "_type": "zone",
                "exemplarCity": "ลินดีแมน"
              },
              "Sydney": {
                "_type": "zone",
                "exemplarCity": "ซิดนีย์"
              },
              "Brisbane": {
                "_type": "zone",
                "exemplarCity": "บริสเบน"
              },
              "Lord_Howe": {
                "_type": "zone",
                "exemplarCity": "ลอร์ดโฮว์"
              }
            },
            "Atlantic": {
              "Bermuda": {
                "_type": "zone",
                "exemplarCity": "เบอร์มิวดา"
              },
              "Cape_Verde": {
                "_type": "zone",
                "exemplarCity": "เคปเวิร์ด"
              },
              "Canary": {
                "_type": "zone",
                "exemplarCity": "คะเนรี"
              },
              "Stanley": {
                "_type": "zone",
                "exemplarCity": "สแตนลีย์"
              },
              "Faeroe": {
                "_type": "zone",
                "exemplarCity": "แฟโร"
              },
              "South_Georgia": {
                "_type": "zone",
                "exemplarCity": "เซาท์ จอร์เจีย"
              },
              "Reykjavik": {
                "_type": "zone",
                "exemplarCity": "เรคยาวิก"
              },
              "Azores": {
                "_type": "zone",
                "exemplarCity": "อะโซร์ส"
              },
              "Madeira": {
                "_type": "zone",
                "exemplarCity": "มาเดรา"
              },
              "St_Helena": {
                "_type": "zone",
                "exemplarCity": "เซนต์เฮเลนา"
              }
            },
            "Indian": {
              "Cocos": {
                "_type": "zone",
                "exemplarCity": "โคโคส"
              },
              "Christmas": {
                "_type": "zone",
                "exemplarCity": "คริสต์มาส"
              },
              "Chagos": {
                "_type": "zone",
                "exemplarCity": "ชากัส"
              },
              "Comoro": {
                "_type": "zone",
                "exemplarCity": "โคโมโร"
              },
              "Antananarivo": {
                "_type": "zone",
                "exemplarCity": "อันตานานาริโว"
              },
              "Mauritius": {
                "_type": "zone",
                "exemplarCity": "มอริเชียส"
              },
              "Maldives": {
                "_type": "zone",
                "exemplarCity": "มัลดีฟส์"
              },
              "Reunion": {
                "_type": "zone",
                "exemplarCity": "เรอูนียง"
              },
              "Mahe": {
                "_type": "zone",
                "exemplarCity": "มาเอ"
              },
              "Kerguelen": {
                "_type": "zone",
                "exemplarCity": "แกร์เกอลอง"
              },
              "Mayotte": {
                "_type": "zone",
                "exemplarCity": "มาโยเต"
              }
            },
            "Arctic": {
              "Longyearbyen": {
                "_type": "zone",
                "exemplarCity": "ลองเยียร์เบียน"
              }
            }
          },
          "metazone": {
            "Acre": {
              "long": {
                "generic": "เวลาอาเกร",
                "standard": "เวลามาตรฐานอาเกร",
                "daylight": "เวลาฤดูร้อนอาเกร"
              }
            },
            "Afghanistan": {
              "long": {
                "standard": "เวลาอัฟกานิสถาน"
              }
            },
            "Africa_Central": {
              "long": {
                "standard": "เวลาแอฟริกากลาง"
              }
            },
            "Africa_Eastern": {
              "long": {
                "standard": "เวลาแอฟริกาตะวันออก"
              }
            },
            "Africa_Southern": {
              "long": {
                "standard": "เวลาแอฟริกาใต้"
              }
            },
            "Africa_Western": {
              "long": {
                "standard": "เวลาแอฟริกาตะวันตก"
              }
            },
            "Alaska": {
              "long": {
                "generic": "เวลาอะแลสกา",
                "standard": "เวลามาตรฐานอะแลสกา",
                "daylight": "เวลาออมแสงของอะแลสกา"
              }
            },
            "Almaty": {
              "long": {
                "generic": "เวลาอัลมาตี",
                "standard": "เวลามาตรฐานอัลมาตี",
                "daylight": "เวลาฤดูร้อนอัลมาตี"
              }
            },
            "Amazon": {
              "long": {
                "generic": "เวลาแอมะซอน",
                "standard": "เวลามาตรฐานแอมะซอน",
                "daylight": "เวลาฤดูร้อนแอมะซอน"
              }
            },
            "America_Central": {
              "long": {
                "generic": "เวลาตอนกลางในอเมริกาเหนือ",
                "standard": "เวลามาตรฐานตอนกลางในอเมริกาเหนือ",
                "daylight": "เวลาออมแสงตอนกลางในอเมริกาเหนือ"
              }
            },
            "America_Eastern": {
              "long": {
                "generic": "เวลาทางตะวันออกในอเมริกาเหนือ",
                "standard": "เวลามาตรฐานทางตะวันออกในอเมริกาเหนือ",
                "daylight": "เวลาออมแสงทางตะวันออกในอเมริกาเหนือ"
              }
            },
            "America_Mountain": {
              "long": {
                "generic": "เวลาแถบภูเขาในอเมริกาเหนือ",
                "standard": "เวลามาตรฐานแถบภูเขาในอเมริกาเหนือ",
                "daylight": "เวลาออมแสงแถบภูเขาในอเมริกาเหนือ"
              }
            },
            "America_Pacific": {
              "long": {
                "generic": "เวลาแปซิฟิกในอเมริกาเหนือ",
                "standard": "เวลามาตรฐานแปซิฟิกในอเมริกาเหนือ",
                "daylight": "เวลาออมแสงแปซิฟิกในอเมริกาเหนือ"
              }
            },
            "Anadyr": {
              "long": {
                "generic": "เวลาอะนาดีร์",
                "standard": "เวลามาตรฐานอะนาดีร์",
                "daylight": "เวลาฤดูร้อนอะนาดีร์"
              }
            },
            "Apia": {
              "long": {
                "generic": "เวลาอาปีอา",
                "standard": "เวลามาตรฐานอาปีอา",
                "daylight": "เวลาออมแสงอาปีอา"
              }
            },
            "Aqtau": {
              "long": {
                "generic": "เวลาอัคตาอู",
                "standard": "เวลามาตรฐานอัคตาอู",
                "daylight": "เวลาฤดูร้อนอัคตาอู"
              }
            },
            "Aqtobe": {
              "long": {
                "generic": "เวลาอัคโทเบ",
                "standard": "เวลามาตรฐานอัคโทเบ",
                "daylight": "เวลาฤดูร้อนอัคโทเบ"
              }
            },
            "Arabian": {
              "long": {
                "generic": "เวลาอาหรับ",
                "standard": "เวลามาตรฐานอาหรับ",
                "daylight": "เวลาออมแสงอาหรับ"
              }
            },
            "Argentina": {
              "long": {
                "generic": "เวลาอาร์เจนตินา",
                "standard": "เวลามาตรฐานอาร์เจนตินา",
                "daylight": "เวลาฤดูร้อนอาร์เจนตินา"
              }
            },
            "Argentina_Western": {
              "long": {
                "generic": "เวลาตะวันตกของอาร์เจนตินา",
                "standard": "เวลามาตรฐานทางตะวันตกของอาร์เจนตินา",
                "daylight": "เวลาฤดูร้อนทางตะวันตกของอาร์เจนตินา"
              }
            },
            "Armenia": {
              "long": {
                "generic": "เวลาอาร์เมเนีย",
                "standard": "เวลามาตรฐานอาร์เมเนีย",
                "daylight": "เวลาฤดูร้อนอาร์เมเนีย"
              }
            },
            "Atlantic": {
              "long": {
                "generic": "เวลาแอตแลนติก",
                "standard": "เวลามาตรฐานแอตแลนติก",
                "daylight": "เวลาออมแสงของแอตแลนติก"
              }
            },
            "Australia_Central": {
              "long": {
                "generic": "เวลาออสเตรเลียกลาง",
                "standard": "เวลามาตรฐานทางตอนกลางของออสเตรเลีย",
                "daylight": "เวลาออมแสงทางตอนกลางของออสเตรเลีย"
              }
            },
            "Australia_CentralWestern": {
              "long": {
                "generic": "เวลาทางตะวันตกตอนกลางของออสเตรเลีย",
                "standard": "เวลามาตรฐานทางตะวันตกตอนกลางของออสเตรเลีย",
                "daylight": "เวลาออมแสงทางตะวันตกตอนกลางของออสเตรเลีย"
              }
            },
            "Australia_Eastern": {
              "long": {
                "generic": "เวลาออสเตรเลียตะวันออก",
                "standard": "เวลามาตรฐานทางตะวันออกของออสเตรเลีย",
                "daylight": "เวลาออมแสงทางตะวันออกของออสเตรเลีย"
              }
            },
            "Australia_Western": {
              "long": {
                "generic": "เวลาออสเตรเลียตะวันตก",
                "standard": "เวลามาตรฐานทางตะวันตกของออสเตรเลีย",
                "daylight": "เวลาออมแสงทางตะวันตกของออสเตรเลีย"
              }
            },
            "Azerbaijan": {
              "long": {
                "generic": "เวลาอาเซอร์ไบจาน",
                "standard": "เวลามาตรฐานอาเซอร์ไบจาน",
                "daylight": "เวลาฤดูร้อนอาเซอร์ไบจาน"
              }
            },
            "Azores": {
              "long": {
                "generic": "เวลาอะโซร์ส",
                "standard": "เวลามาตรฐานอะโซร์ส",
                "daylight": "เวลาฤดูร้อนอะโซร์ส"
              }
            },
            "Bangladesh": {
              "long": {
                "generic": "เวลาบังกลาเทศ",
                "standard": "เวลามาตรฐานบังกลาเทศ",
                "daylight": "เวลาฤดูร้อนบังกลาเทศ"
              }
            },
            "Bhutan": {
              "long": {
                "standard": "เวลาภูฏาน"
              }
            },
            "Bolivia": {
              "long": {
                "standard": "เวลาโบลิเวีย"
              }
            },
            "Brasilia": {
              "long": {
                "generic": "เวลาบราซิเลีย",
                "standard": "เวลามาตรฐานบราซิเลีย",
                "daylight": "เวลาฤดูร้อนบราซิเลีย"
              }
            },
            "Brunei": {
              "long": {
                "standard": "เวลาบรูไนดารุสซาลาม"
              }
            },
            "Cape_Verde": {
              "long": {
                "generic": "เวลาเคปเวิร์ด",
                "standard": "เวลามาตรฐานเคปเวิร์ด",
                "daylight": "เวลาฤดูร้อนเคปเวิร์ด"
              }
            },
            "Casey": {
              "long": {
                "standard": "เวลาเคซีย์"
              }
            },
            "Chamorro": {
              "long": {
                "standard": "เวลาชามอร์โร"
              }
            },
            "Chatham": {
              "long": {
                "generic": "เวลาแชทัม",
                "standard": "เวลามาตรฐานแชทัม",
                "daylight": "เวลาออมแสงแชทัม"
              }
            },
            "Chile": {
              "long": {
                "generic": "เวลาชิลี",
                "standard": "เวลามาตรฐานชิลี",
                "daylight": "เวลาฤดูร้อนชิลี"
              }
            },
            "China": {
              "long": {
                "generic": "เวลาจีน",
                "standard": "เวลามาตรฐานจีน",
                "daylight": "เวลาออมแสงจีน"
              }
            },
            "Christmas": {
              "long": {
                "standard": "เวลาเกาะคริสต์มาส"
              }
            },
            "Cocos": {
              "long": {
                "standard": "เวลาหมู่เกาะโคโคส"
              }
            },
            "Colombia": {
              "long": {
                "generic": "เวลาโคลอมเบีย",
                "standard": "เวลามาตรฐานโคลอมเบีย",
                "daylight": "เวลาฤดูร้อนโคลอมเบีย"
              }
            },
            "Cook": {
              "long": {
                "generic": "เวลาหมู่เกาะคุก",
                "standard": "เวลามาตรฐานหมู่เกาะคุก",
                "daylight": "เวลาครึ่งฤดูร้อนหมู่เกาะคุก"
              }
            },
            "Cuba": {
              "long": {
                "generic": "เวลาคิวบา",
                "standard": "เวลามาตรฐานคิวบา",
                "daylight": "เวลาออมแสงของคิวบา"
              }
            },
            "Davis": {
              "long": {
                "standard": "เวลาเดวิส"
              }
            },
            "DumontDUrville": {
              "long": {
                "standard": "เวลาดูมองต์ดูร์วิลล์"
              }
            },
            "East_Timor": {
              "long": {
                "standard": "เวลาติมอร์ตะวันออก"
              }
            },
            "Easter": {
              "long": {
                "generic": "เวลาเกาะอีสเตอร์",
                "standard": "เวลามาตรฐานเกาะอีสเตอร์",
                "daylight": "เวลาฤดูร้อนเกาะอีสเตอร์"
              }
            },
            "Ecuador": {
              "long": {
                "standard": "เวลาเอกวาดอร์"
              }
            },
            "Europe_Central": {
              "long": {
                "generic": "เวลายุโรปกลาง",
                "standard": "เวลามาตรฐานยุโรปกลาง",
                "daylight": "เวลาฤดูร้อนยุโรปกลาง"
              }
            },
            "Europe_Eastern": {
              "long": {
                "generic": "เวลายุโรปตะวันออก",
                "standard": "เวลามาตรฐานยุโรปตะวันออก",
                "daylight": "เวลาฤดูร้อนยุโรปตะวันออก"
              }
            },
            "Europe_Further_Eastern": {
              "long": {
                "standard": "เวลายุโรปตะวันออกไกล"
              }
            },
            "Europe_Western": {
              "long": {
                "generic": "เวลายุโรปตะวันตก",
                "standard": "เวลามาตรฐานยุโรปตะวันตก",
                "daylight": "เวลาฤดูร้อนยุโรปตะวันตก"
              }
            },
            "Falkland": {
              "long": {
                "generic": "เวลาหมู่เกาะฟอล์กแลนด์",
                "standard": "เวลามาตรฐานหมู่เกาะฟอล์กแลนด์",
                "daylight": "เวลาฤดูร้อนหมู่เกาะฟอล์กแลนด์"
              }
            },
            "Fiji": {
              "long": {
                "generic": "เวลาฟิจิ",
                "standard": "เวลามาตรฐานฟิจิ",
                "daylight": "เวลาฤดูร้อนฟิจิ"
              }
            },
            "French_Guiana": {
              "long": {
                "standard": "เวลาเฟรนช์เกียนา"
              }
            },
            "French_Southern": {
              "long": {
                "standard": "เวลาเฟรนช์เซาเทิร์นและแอนตาร์กติก"
              }
            },
            "Galapagos": {
              "long": {
                "standard": "เวลากาลาปาโกส"
              }
            },
            "Gambier": {
              "long": {
                "standard": "เวลาแกมเบียร์"
              }
            },
            "Georgia": {
              "long": {
                "generic": "เวลาจอร์เจีย",
                "standard": "เวลามาตรฐานจอร์เจีย",
                "daylight": "เวลาฤดูร้อนจอร์เจีย"
              }
            },
            "Gilbert_Islands": {
              "long": {
                "standard": "เวลาหมู่เกาะกิลเบิร์ต"
              }
            },
            "GMT": {
              "long": {
                "standard": "เวลามาตรฐานกรีนิช"
              }
            },
            "Greenland_Eastern": {
              "long": {
                "generic": "เวลากรีนแลนด์ตะวันออก",
                "standard": "เวลามาตรฐานกรีนแลนด์ตะวันออก",
                "daylight": "เวลาฤดูร้อนกรีนแลนด์ตะวันออก"
              }
            },
            "Greenland_Western": {
              "long": {
                "generic": "เวลากรีนแลนด์ตะวันตก",
                "standard": "เวลามาตรฐานกรีนแลนด์ตะวันตก",
                "daylight": "เวลาฤดูร้อนกรีนแลนด์ตะวันตก"
              }
            },
            "Guam": {
              "long": {
                "standard": "เวลากวม"
              }
            },
            "Gulf": {
              "long": {
                "standard": "เวลากัลฟ์"
              }
            },
            "Guyana": {
              "long": {
                "standard": "เวลากายอานา"
              }
            },
            "Hawaii": {
              "long": {
                "standard": "เวลามาตรฐานฮาวาย-อะลูเชียน"
              }
            },
            "Hawaii_Aleutian": {
              "long": {
                "generic": "เวลาฮาวาย-อะลูเชียน",
                "standard": "เวลามาตรฐานฮาวาย-อะลูเชียน",
                "daylight": "เวลาออมแสงฮาวาย-อะลูเชียน"
              }
            },
            "Hong_Kong": {
              "long": {
                "generic": "เวลาฮ่องกง",
                "standard": "เวลามาตรฐานฮ่องกง",
                "daylight": "เวลาฤดูร้อนฮ่องกง"
              }
            },
            "Hovd": {
              "long": {
                "generic": "เวลาฮอฟด์",
                "standard": "เวลามาตรฐานฮอฟด์",
                "daylight": "เวลาฤดูร้อนฮอฟด์"
              }
            },
            "India": {
              "long": {
                "standard": "เวลาอินเดีย"
              }
            },
            "Indian_Ocean": {
              "long": {
                "standard": "เวลามหาสมุทรอินเดีย"
              }
            },
            "Indochina": {
              "long": {
                "standard": "เวลาอินโดจีน"
              }
            },
            "Indonesia_Central": {
              "long": {
                "standard": "เวลาอินโดนีเซียตอนกลาง"
              }
            },
            "Indonesia_Eastern": {
              "long": {
                "standard": "เวลาอินโดนีเซียฝั่งตะวันออก"
              }
            },
            "Indonesia_Western": {
              "long": {
                "standard": "เวลาอินโดนีเซียฝั่งตะวันตก"
              }
            },
            "Iran": {
              "long": {
                "generic": "เวลาอิหร่าน",
                "standard": "เวลามาตรฐานอิหร่าน",
                "daylight": "เวลาออมแสงอิหร่าน"
              }
            },
            "Irkutsk": {
              "long": {
                "generic": "เวลาอีร์คุตสค์",
                "standard": "เวลามาตรฐานอีร์คุตสค์",
                "daylight": "เวลาฤดูร้อนอีร์คุตสค์"
              }
            },
            "Israel": {
              "long": {
                "generic": "เวลาอิสราเอล",
                "standard": "เวลามาตรฐานอิสราเอล",
                "daylight": "เวลาออมแสงอิสราเอล"
              }
            },
            "Japan": {
              "long": {
                "generic": "เวลาญี่ปุ่น",
                "standard": "เวลามาตรฐานญี่ปุ่น",
                "daylight": "เวลาออมแสงญี่ปุ่น"
              }
            },
            "Kamchatka": {
              "long": {
                "generic": "เวลาคัมชัตคา",
                "standard": "เวลาเปโตรปัฟลอฟสค์-คัมชัตสกี",
                "daylight": "เวลาฤดูร้อนเปโตรปัฟลอฟสค์-คัมชัตสกี"
              }
            },
            "Kazakhstan": {
              "long": {
                "standard": "เวลาคาซัคสถาน"
              }
            },
            "Kazakhstan_Eastern": {
              "long": {
                "standard": "เวลาคาซัคสถานตะวันออก"
              }
            },
            "Kazakhstan_Western": {
              "long": {
                "standard": "เวลาคาซัคสถานตะวันตก"
              }
            },
            "Korea": {
              "long": {
                "generic": "เวลาเกาหลี",
                "standard": "เวลามาตรฐานเกาหลี",
                "daylight": "เวลาออมแสงเกาหลี"
              }
            },
            "Kosrae": {
              "long": {
                "standard": "เวลาคอสไร"
              }
            },
            "Krasnoyarsk": {
              "long": {
                "generic": "เวลาครัสโนยาสค์",
                "standard": "เวลามาตรฐานครัสโนยาสค์",
                "daylight": "เวลาฤดูร้อนครัสโนยาสค์"
              }
            },
            "Kyrgystan": {
              "long": {
                "standard": "เวลาคีร์กีซสถาน"
              }
            },
            "Lanka": {
              "long": {
                "standard": "เวลาลังกา"
              }
            },
            "Line_Islands": {
              "long": {
                "standard": "เวลาหมู่เกาะไลน์"
              }
            },
            "Lord_Howe": {
              "long": {
                "generic": "เวลาลอร์ดโฮว์",
                "standard": "เวลามาตรฐานลอร์ดโฮว์",
                "daylight": "เวลาออมแสงลอร์ดโฮว์"
              }
            },
            "Macau": {
              "long": {
                "generic": "เวลามาเก๊า",
                "standard": "เวลามาตรฐานมาเก๊า",
                "daylight": "เวลาฤดูร้อนมาเก๊า"
              }
            },
            "Magadan": {
              "long": {
                "generic": "เวลามากาดาน",
                "standard": "เวลามาตรฐานมากาดาน",
                "daylight": "เวลาฤดูร้อนมากาดาน"
              }
            },
            "Malaysia": {
              "long": {
                "standard": "เวลามาเลเซีย"
              }
            },
            "Maldives": {
              "long": {
                "standard": "เวลามัลดีฟส์"
              }
            },
            "Marquesas": {
              "long": {
                "standard": "เวลามาร์เคซัส"
              }
            },
            "Marshall_Islands": {
              "long": {
                "standard": "เวลาหมู่เกาะมาร์แชลล์"
              }
            },
            "Mauritius": {
              "long": {
                "generic": "เวลามอริเชียส",
                "standard": "เวลามาตรฐานมอริเชียส",
                "daylight": "เวลาฤดูร้อนของมอริเชียส"
              }
            },
            "Mawson": {
              "long": {
                "standard": "เวลามอว์สัน"
              }
            },
            "Mexico_Pacific": {
              "long": {
                "generic": "เวลาแปซิฟิกเม็กซิโก",
                "standard": "เวลามาตรฐานแปซิฟิกเม็กซิโก",
                "daylight": "เวลาออมแสงแปซิฟิกเม็กซิโก"
              }
            },
            "Mongolia": {
              "long": {
                "generic": "เวลาอูลานบาตอร์",
                "standard": "เวลามาตรฐานอูลานบาตอร์",
                "daylight": "เวลาฤดูร้อนอูลานบาตอร์"
              }
            },
            "Moscow": {
              "long": {
                "generic": "เวลามอสโก",
                "standard": "เวลามาตรฐานมอสโก",
                "daylight": "เวลาฤดูร้อนมอสโก"
              }
            },
            "Myanmar": {
              "long": {
                "standard": "เวลาพม่า"
              }
            },
            "Nauru": {
              "long": {
                "standard": "เวลานาอูรู"
              }
            },
            "Nepal": {
              "long": {
                "standard": "เวลาเนปาล"
              }
            },
            "New_Caledonia": {
              "long": {
                "generic": "เวลานิวแคลิโดเนีย",
                "standard": "เวลามาตรฐานนิวแคลิโดเนีย",
                "daylight": "เวลาฤดูร้อนนิวแคลิโดเนีย"
              }
            },
            "New_Zealand": {
              "long": {
                "generic": "เวลานิวซีแลนด์",
                "standard": "เวลามาตรฐานนิวซีแลนด์",
                "daylight": "เวลาออมแสงนิวซีแลนด์"
              }
            },
            "Newfoundland": {
              "long": {
                "generic": "เวลานิวฟันด์แลนด์",
                "standard": "เวลามาตรฐานนิวฟันด์แลนด์",
                "daylight": "เวลาออมแสงนิวฟันด์แลนด์"
              }
            },
            "Niue": {
              "long": {
                "standard": "เวลานีอูเอ"
              }
            },
            "Norfolk": {
              "long": {
                "generic": "เวลาเกาะนอร์ฟอล์ก",
                "standard": "เวลามาตรฐานเกาะนอร์ฟอล์ก",
                "daylight": "เวลาออมแสงเกาะนอร์ฟอล์ก"
              }
            },
            "Noronha": {
              "long": {
                "generic": "เวลาหมู่เกาะเฟอร์นันโด",
                "standard": "เวลามาตรฐานหมู่เกาะเฟอร์นันโด",
                "daylight": "เวลาฤดูร้อนของหมู่เกาะเฟอร์นันโด"
              }
            },
            "North_Mariana": {
              "long": {
                "standard": "เวลาหมู่เกาะมาเรียนาเหนือ"
              }
            },
            "Novosibirsk": {
              "long": {
                "generic": "เวลาโนโวซีบีสค์",
                "standard": "เวลามาตรฐานโนโวซีบีสค์",
                "daylight": "เวลาฤดูร้อนโนโวซีบีสค์"
              }
            },
            "Omsk": {
              "long": {
                "generic": "เวลาออมสค์",
                "standard": "เวลามาตรฐานออมสค์",
                "daylight": "เวลาฤดูร้อนออมสค์"
              }
            },
            "Pakistan": {
              "long": {
                "generic": "เวลาปากีสถาน",
                "standard": "เวลามาตรฐานปากีสถาน",
                "daylight": "เวลาฤดูร้อนปากีสถาน"
              }
            },
            "Palau": {
              "long": {
                "standard": "เวลาปาเลา"
              }
            },
            "Papua_New_Guinea": {
              "long": {
                "standard": "เวลาปาปัวนิวกินี"
              }
            },
            "Paraguay": {
              "long": {
                "generic": "เวลาปารากวัย",
                "standard": "เวลามาตรฐานปารากวัย",
                "daylight": "เวลาฤดูร้อนปารากวัย"
              }
            },
            "Peru": {
              "long": {
                "generic": "เวลาเปรู",
                "standard": "เวลามาตรฐานเปรู",
                "daylight": "เวลาฤดูร้อนเปรู"
              }
            },
            "Philippines": {
              "long": {
                "generic": "เวลาฟิลิปปินส์",
                "standard": "เวลามาตรฐานฟิลิปปินส์",
                "daylight": "เวลาฤดูร้อนฟิลิปปินส์"
              }
            },
            "Phoenix_Islands": {
              "long": {
                "standard": "เวลาหมู่เกาะฟินิกซ์"
              }
            },
            "Pierre_Miquelon": {
              "long": {
                "generic": "เวลาแซงปีแยร์และมีเกอลง",
                "standard": "เวลามาตรฐานแซงปีแยร์และมีเกอลง",
                "daylight": "เวลาออมแสงของแซงปีแยร์และมีเกอลง"
              }
            },
            "Pitcairn": {
              "long": {
                "standard": "เวลาพิตแคร์น"
              }
            },
            "Ponape": {
              "long": {
                "standard": "เวลาโปนาเป"
              }
            },
            "Pyongyang": {
              "long": {
                "standard": "เวลาเปียงยาง"
              }
            },
            "Qyzylorda": {
              "long": {
                "generic": "เวลาคืยซิลออร์ดา",
                "standard": "เวลามาตรฐานคืยซิลออร์ดา",
                "daylight": "เวลาฤดูร้อนคืยซิลออร์ดา"
              }
            },
            "Reunion": {
              "long": {
                "standard": "เวลาเรอูนียง"
              }
            },
            "Rothera": {
              "long": {
                "standard": "เวลาโรธีรา"
              }
            },
            "Sakhalin": {
              "long": {
                "generic": "เวลาซาคาลิน",
                "standard": "เวลามาตรฐานซาคาลิน",
                "daylight": "เวลาฤดูร้อนซาคาลิน"
              }
            },
            "Samara": {
              "long": {
                "generic": "เวลาซามารา",
                "standard": "เวลามาตรฐานซามารา",
                "daylight": "เวลาฤดูร้อนซามารา"
              }
            },
            "Samoa": {
              "long": {
                "generic": "เวลาซามัว",
                "standard": "เวลามาตรฐานซามัว",
                "daylight": "เวลาฤดูร้อนซามัว"
              }
            },
            "Seychelles": {
              "long": {
                "standard": "เวลาเซเชลส์"
              }
            },
            "Singapore": {
              "long": {
                "standard": "เวลาสิงคโปร์"
              }
            },
            "Solomon": {
              "long": {
                "standard": "เวลาหมู่เกาะโซโลมอน"
              }
            },
            "South_Georgia": {
              "long": {
                "standard": "เวลาเซาท์จอร์เจีย"
              }
            },
            "Suriname": {
              "long": {
                "standard": "เวลาซูรินาเม"
              }
            },
            "Syowa": {
              "long": {
                "standard": "เวลาไซโยวา"
              }
            },
            "Tahiti": {
              "long": {
                "standard": "เวลาตาฮีตี"
              }
            },
            "Taipei": {
              "long": {
                "generic": "เวลาไทเป",
                "standard": "เวลามาตรฐานไทเป",
                "daylight": "เวลาออมแสงไทเป"
              }
            },
            "Tajikistan": {
              "long": {
                "standard": "เวลาทาจิกิสถาน"
              }
            },
            "Tokelau": {
              "long": {
                "standard": "เวลาโตเกเลา"
              }
            },
            "Tonga": {
              "long": {
                "generic": "เวลาตองกา",
                "standard": "เวลามาตรฐานตองกา",
                "daylight": "เวลาฤดูร้อนตองกา"
              }
            },
            "Truk": {
              "long": {
                "standard": "เวลาชุก"
              }
            },
            "Turkey": {
              "long": {
                "generic": "เวลาตุรกี",
                "standard": "เวลามาตรฐานตุรกี",
                "daylight": "เวลาฤดูร้อนตุรกี"
              }
            },
            "Turkmenistan": {
              "long": {
                "generic": "เวลาเติร์กเมนิสถาน",
                "standard": "เวลามาตรฐานเติร์กเมนิสถาน",
                "daylight": "เวลาฤดูร้อนเติร์กเมนิสถาน"
              }
            },
            "Tuvalu": {
              "long": {
                "standard": "เวลาตูวาลู"
              }
            },
            "Uruguay": {
              "long": {
                "generic": "เวลาอุรุกวัย",
                "standard": "เวลามาตรฐานอุรุกวัย",
                "daylight": "เวลาฤดูร้อนอุรุกวัย"
              }
            },
            "Uzbekistan": {
              "long": {
                "generic": "เวลาอุซเบกิสถาน",
                "standard": "เวลามาตรฐานอุซเบกิสถาน",
                "daylight": "เวลาฤดูร้อนอุซเบกิสถาน"
              }
            },
            "Vanuatu": {
              "long": {
                "generic": "เวลาวานูอาตู",
                "standard": "เวลามาตรฐานวานูอาตู",
                "daylight": "เวลาฤดูร้อนวานูอาตู"
              }
            },
            "Venezuela": {
              "long": {
                "standard": "เวลาเวเนซุเอลา"
              }
            },
            "Vladivostok": {
              "long": {
                "generic": "เวลาวลาดีวอสตอค",
                "standard": "เวลามาตรฐานวลาดีวอสตอค",
                "daylight": "เวลาฤดูร้อนวลาดีวอสตอค"
              }
            },
            "Volgograd": {
              "long": {
                "generic": "เวลาวอลโกกราด",
                "standard": "เวลามาตรฐานวอลโกกราด",
                "daylight": "เวลาฤดูร้อนวอลโกกราด"
              }
            },
            "Vostok": {
              "long": {
                "standard": "เวลาวอสตอค"
              }
            },
            "Wake": {
              "long": {
                "standard": "เวลาเกาะเวก"
              }
            },
            "Wallis": {
              "long": {
                "standard": "เวลาวาลลิสและฟุตูนา"
              }
            },
            "Yakutsk": {
              "long": {
                "generic": "เวลายาคุตสค์",
                "standard": "เวลามาตรฐานยาคุตสค์",
                "daylight": "เวลาฤดูร้อนยาคุตสค์"
              }
            },
            "Yekaterinburg": {
              "long": {
                "generic": "เวลาเยคาเตรินบูร์ก",
                "standard": "เวลามาตรฐานเยคาเตรินบูร์ก",
                "daylight": "เวลาฤดูร้อนเยคาเตรินบูร์ก"
              }
            },
            "Yukon": {
              "long": {
                "standard": "เวลายูคอน"
              }
            }
          }
        }
      }
    }
  }
}
